2026-05-10 01:25:21,281 [INFO] Jarvis: Starting Jarvis Assistant...
2026-05-10 01:25:21,282 [INFO] jarvis.core.agent: Loaded identity profile (5070 chars).
2026-05-10 01:25:21,282 [INFO] jarvis.core.agent: Gemini AI REST client initialised.
2026-05-10 01:25:22,279 [INFO] jarvis.core.state_machine: State Machine started in STANDBY.
2026-05-10 01:25:22,282 [INFO] jarvis.audio.speech_recognition: Loading Vosk model from: vosk-model-small-en-us-0.15
2026-05-10 01:25:22,891 [INFO] jarvis.audio.microphone: Microphone stream started (Device: Default).
2026-05-10 01:25:22,891 [INFO] jarvis.audio.snap_detector: Snap detector activated.
2026-05-10 01:25:22,891 [INFO] Jarvis: Jarvis is ready.
2026-05-10 01:25:22,891 [INFO] Jarvis:   Wake phrase    : 'daddy home'
2026-05-10 01:25:22,891 [INFO] Jarvis:   Shutdown phrase: 'goodbye jojo'
2026-05-10 01:25:23,659 [INFO] jarvis.audio.snap_detector: Sound detected! Energy: 0.0585
2026-05-10 01:25:23,659 [INFO] jarvis.audio.snap_detector: Snap detected! Energy: 0.0585, Avg: 0.0019
2026-05-10 01:25:24,165 [INFO] jarvis.audio.snap_detector: Snap detected! Energy: 0.0380, Avg: 0.0052
2026-05-10 01:25:24,169 [INFO] jarvis.audio.speech_recognition: Vosk is listening (shared stream)...
2026-05-10 01:25:24,667 [INFO] jarvis.audio.snap_detector: Sound detected! Energy: 0.0344
2026-05-10 01:25:25,777 [INFO] jarvis.audio.speech_recognition: Vosk Recognized: "daddy home"
2026-05-10 01:25:25,778 [INFO] jarvis.audio.snap_detector: Snap detector deactivated.
2026-05-10 01:25:25,778 [INFO] jarvis.vision.worker: Vision mode set to: none
2026-05-10 01:25:25,938 [INFO] jarvis.audio.speech_recognition: Vosk is listening (shared stream)...
2026-05-10 01:25:28,759 [INFO] jarvis.audio.speech_recognition: Vosk Recognized: "for the green"
2026-05-10 01:25:28,759 [INFO] jarvis.audio.speech_recognition: Vosk recognized 'for the green', but it doesn't match a command. Falling back to Google...
2026-05-10 01:25:28,759 [INFO] jarvis.audio.speech_recognition: Requesting Google Cloud fallback recognition...
2026-05-10 01:25:29,338 [INFO] jarvis.audio.speech_recognition: Google Fallback Recognized: 'full screen'
2026-05-10 01:25:29,368 [INFO] jarvis.core.agent: Local skill matched for: 'full screen'
2026-05-10 01:25:29,412 [INFO] jarvis.audio.speech_recognition: Vosk is listening (shared stream)...
2026-05-10 01:25:32,289 [INFO] jarvis.audio.speech_recognition: Vosk Recognized: "control on"
2026-05-10 01:25:32,296 [INFO] jarvis.audio.snap_detector: Snap detector deactivated.
2026-05-10 01:25:32,393 [INFO] jarvis.vision.worker: Vision Worker started.
2026-05-10 01:25:32,419 [INFO] jarvis.vision.worker: Vision mode set to: control
2026-05-10 01:25:32,419 [INFO] jarvis.core.agent: Local skill matched for: 'control on'
2026-05-10 01:25:32,427 [INFO] jarvis.core.state_machine: Voice mode loop ended. Current state: CONTROL_MODE
2026-05-10 01:25:32,541 [WARNING] jarvis.core.state_machine: Unknown attention state: UNKNOWN
2026-05-10 01:25:36,613 [INFO] jarvis.vision.worker: Click (Gesture).
2026-05-10 01:25:36,845 [INFO] jarvis.vision.worker: Double Click (Gesture).
2026-05-10 01:25:37,125 [INFO] jarvis.vision.worker: Click (Gesture).
2026-05-10 01:25:37,408 [INFO] jarvis.vision.worker: Double Click (Gesture).
2026-05-10 01:25:38,204 [INFO] jarvis.vision.worker: Drag started.
2026-05-10 01:25:39,656 [INFO] jarvis.vision.worker: Drag released.
2026-05-10 01:25:39,702 [INFO] jarvis.core.state_machine: Gesture detected: rock_sign (conf: 0.95, State: CONTROL_MODE)
2026-05-10 01:25:39,703 [INFO] jarvis.core.state_machine: Exit gesture 'rock_sign' triggered in Control Mode.
2026-05-10 01:25:39,703 [INFO] jarvis.core.state_machine: Exiting Control Mode -> Falling back to Camera Mode
2026-05-10 01:25:39,703 [INFO] jarvis.audio.snap_detector: Snap detector deactivated.
2026-05-10 01:25:39,745 [INFO] jarvis.vision.worker: Vision mode set to: camera
2026-05-10 01:25:39,808 [INFO] jarvis.core.state_machine: Gesture detected: rock_sign (conf: 0.95, State: CAMERA_MODE)
2026-05-10 01:25:39,995 [INFO] jarvis.core.state_machine: Gesture detected: one_index_up (conf: 0.95, State: CAMERA_MODE)
2026-05-10 01:25:41,890 [INFO] jarvis.core.state_machine: Gesture detected: open_palm (conf: 0.95, State: CAMERA_MODE)
2026-05-10 01:25:42,058 [INFO] jarvis.core.state_machine: Gesture detected: one_index_up (conf: 0.95, State: CAMERA_MODE)
2026-05-10 01:25:42,293 [INFO] jarvis.core.state_machine: Gesture detected: thumbs_up (conf: 0.85, State: CAMERA_MODE)
2026-05-10 01:25:43,577 [INFO] jarvis.core.state_machine: Gesture detected: open_palm (conf: 0.95, State: CAMERA_MODE)
2026-05-10 01:25:43,934 [INFO] jarvis.core.state_machine: Gesture detected: thumbs_up (conf: 0.85, State: CAMERA_MODE)
2026-05-10 01:25:44,216 [INFO] jarvis.core.state_machine: Gesture detected: thumbs_up (conf: 0.85, State: CAMERA_MODE)
2026-05-10 01:25:44,261 [INFO] jarvis.core.state_machine: Gesture detected: one_index_up (conf: 0.95, State: CAMERA_MODE)
2026-05-10 01:25:44,353 [INFO] jarvis.core.state_machine: Gesture detected: thumbs_up (conf: 0.85, State: CAMERA_MODE)
2026-05-10 01:25:44,918 [INFO] jarvis.core.state_machine: Gesture detected: open_palm (conf: 0.95, State: CAMERA_MODE)
2026-05-10 01:25:47,919 [INFO] jarvis.core.state_machine: Gesture detected: thumbs_up (conf: 0.85, State: CAMERA_MODE)
2026-05-10 01:25:50,402 [INFO] jarvis.core.state_machine: Gesture detected: open_palm (conf: 0.95, State: CAMERA_MODE)
2026-05-10 01:25:50,824 [INFO] jarvis.core.state_machine: Gesture detected: thumbs_up (conf: 0.85, State: CAMERA_MODE)
2026-05-10 01:25:50,965 [INFO] jarvis.core.state_machine: Gesture detected: thumbs_up (conf: 0.85, State: CAMERA_MODE)
2026-05-10 01:25:51,482 [INFO] jarvis.core.state_machine: Gesture detected: open_palm (conf: 0.95, State: CAMERA_MODE)
2026-05-10 01:25:52,042 [INFO] jarvis.core.state_machine: Gesture detected: thumbs_up (conf: 0.85, State: CAMERA_MODE)
2026-05-10 01:25:52,229 [INFO] jarvis.core.state_machine: Gesture detected: thumbs_up (conf: 0.85, State: CAMERA_MODE)
2026-05-10 01:25:52,511 [INFO] jarvis.core.state_machine: Gesture detected: open_palm (conf: 0.95, State: CAMERA_MODE)
2026-05-10 01:25:52,981 [INFO] jarvis.core.state_machine: Gesture detected: thumbs_up (conf: 0.85, State: CAMERA_MODE)
2026-05-10 01:25:53,122 [INFO] jarvis.core.state_machine: Gesture detected: thumbs_up (conf: 0.85, State: CAMERA_MODE)
2026-05-10 01:25:54,949 [INFO] jarvis.core.state_machine: Gesture detected: peace_sign (conf: 0.95, State: CAMERA_MODE)
2026-05-10 01:25:54,997 [INFO] jarvis.core.state_machine: Gesture detected: shake_up (conf: 0.85, State: CAMERA_MODE)
2026-05-10 01:25:55,123 [INFO] jarvis.core.state_machine: Gesture detected: three_fingers_up (conf: 0.90, State: CAMERA_MODE)
2026-05-10 01:25:55,188 [INFO] jarvis.core.state_machine: Gesture detected: three_fingers_up (conf: 0.90, State: CAMERA_MODE)
2026-05-10 01:25:55,233 [INFO] jarvis.core.state_machine: Gesture detected: three_fingers_up (conf: 0.90, State: CAMERA_MODE)
2026-05-10 01:25:55,365 [INFO] jarvis.core.state_machine: Gesture detected: three_fingers_up (conf: 0.90, State: CAMERA_MODE)
2026-05-10 01:25:55,421 [INFO] jarvis.core.state_machine: Gesture detected: three_fingers_up (conf: 0.90, State: CAMERA_MODE)
2026-05-10 01:25:55,472 [INFO] jarvis.core.state_machine: Gesture detected: three_fingers_up (conf: 0.90, State: CAMERA_MODE)
2026-05-10 01:25:55,600 [INFO] jarvis.core.state_machine: Gesture detected: three_fingers_up (conf: 0.90, State: CAMERA_MODE)
2026-05-10 01:25:55,655 [INFO] jarvis.core.state_machine: Gesture detected: three_fingers_up (conf: 0.90, State: CAMERA_MODE)
2026-05-10 01:25:55,701 [INFO] jarvis.core.state_machine: Gesture detected: three_fingers_up (conf: 0.90, State: CAMERA_MODE)
2026-05-10 01:25:55,831 [INFO] jarvis.core.state_machine: Gesture detected: three_fingers_up (conf: 0.90, State: CAMERA_MODE)
2026-05-10 01:25:55,889 [INFO] jarvis.core.state_machine: Gesture detected: three_fingers_up (conf: 0.90, State: CAMERA_MODE)
2026-05-10 01:25:55,938 [INFO] jarvis.core.state_machine: Gesture detected: three_fingers_up (conf: 0.90, State: CAMERA_MODE)
2026-05-10 01:25:56,067 [INFO] jarvis.core.state_machine: Gesture detected: three_fingers_up (conf: 0.90, State: CAMERA_MODE)
2026-05-10 01:25:56,122 [INFO] jarvis.core.state_machine: Gesture detected: three_fingers_up (conf: 0.90, State: CAMERA_MODE)
2026-05-10 01:25:56,172 [INFO] jarvis.core.state_machine: Gesture detected: three_fingers_up (conf: 0.90, State: CAMERA_MODE)
2026-05-10 01:25:56,300 [INFO] jarvis.core.state_machine: Gesture detected: three_fingers_up (conf: 0.90, State: CAMERA_MODE)
2026-05-10 01:25:56,355 [INFO] jarvis.core.state_machine: Gesture detected: three_fingers_up (conf: 0.90, State: CAMERA_MODE)
2026-05-10 01:25:56,405 [INFO] jarvis.core.state_machine: Gesture detected: three_fingers_up (conf: 0.90, State: CAMERA_MODE)
2026-05-10 01:25:56,534 [INFO] jarvis.core.state_machine: Gesture detected: three_fingers_up (conf: 0.90, State: CAMERA_MODE)
2026-05-10 01:25:56,588 [INFO] jarvis.core.state_machine: Gesture detected: three_fingers_up (conf: 0.90, State: CAMERA_MODE)
2026-05-10 01:25:56,641 [INFO] jarvis.core.state_machine: Gesture detected: three_fingers_up (conf: 0.90, State: CAMERA_MODE)
2026-05-10 01:25:59,730 [INFO] jarvis.core.state_machine: Gesture detected: three_fingers_down (conf: 0.90, State: CAMERA_MODE)
2026-05-10 01:25:59,857 [INFO] jarvis.core.state_machine: Gesture detected: three_fingers_down (conf: 0.90, State: CAMERA_MODE)
2026-05-10 01:25:59,922 [INFO] jarvis.core.state_machine: Gesture detected: three_fingers_down (conf: 0.90, State: CAMERA_MODE)
2026-05-10 01:25:59,972 [INFO] jarvis.core.state_machine: Gesture detected: three_fingers_down (conf: 0.90, State: CAMERA_MODE)
2026-05-10 01:26:00,105 [INFO] jarvis.core.state_machine: Gesture detected: three_fingers_down (conf: 0.90, State: CAMERA_MODE)
2026-05-10 01:26:00,156 [INFO] jarvis.core.state_machine: Gesture detected: three_fingers_down (conf: 0.90, State: CAMERA_MODE)
2026-05-10 01:26:00,203 [INFO] jarvis.core.state_machine: Gesture detected: three_fingers_down (conf: 0.90, State: CAMERA_MODE)
2026-05-10 01:26:00,332 [INFO] jarvis.core.state_machine: Gesture detected: three_fingers_down (conf: 0.90, State: CAMERA_MODE)
2026-05-10 01:26:00,389 [INFO] jarvis.core.state_machine: Gesture detected: three_fingers_down (conf: 0.90, State: CAMERA_MODE)
2026-05-10 01:26:00,437 [INFO] jarvis.core.state_machine: Gesture detected: three_fingers_down (conf: 0.90, State: CAMERA_MODE)
2026-05-10 01:26:00,566 [INFO] jarvis.core.state_machine: Gesture detected: three_fingers_down (conf: 0.90, State: CAMERA_MODE)
2026-05-10 01:26:00,620 [INFO] jarvis.core.state_machine: Gesture detected: three_fingers_down (conf: 0.90, State: CAMERA_MODE)
2026-05-10 01:26:00,672 [INFO] jarvis.core.state_machine: Gesture detected: three_fingers_down (conf: 0.90, State: CAMERA_MODE)
2026-05-10 01:26:00,801 [INFO] jarvis.core.state_machine: Gesture detected: three_fingers_down (conf: 0.90, State: CAMERA_MODE)
2026-05-10 01:26:00,858 [INFO] jarvis.core.state_machine: Gesture detected: three_fingers_down (conf: 0.90, State: CAMERA_MODE)
2026-05-10 01:26:00,906 [INFO] jarvis.core.state_machine: Gesture detected: three_fingers_down (conf: 0.90, State: CAMERA_MODE)
2026-05-10 01:26:01,035 [INFO] jarvis.core.state_machine: Gesture detected: three_fingers_down (conf: 0.90, State: CAMERA_MODE)
2026-05-10 01:26:01,092 [INFO] jarvis.core.state_machine: Gesture detected: three_fingers_down (conf: 0.90, State: CAMERA_MODE)
2026-05-10 01:26:01,139 [INFO] jarvis.core.state_machine: Gesture detected: three_fingers_down (conf: 0.90, State: CAMERA_MODE)
2026-05-10 01:26:01,269 [INFO] jarvis.core.state_machine: Gesture detected: three_fingers_down (conf: 0.90, State: CAMERA_MODE)
2026-05-10 01:26:01,327 [INFO] jarvis.core.state_machine: Gesture detected: three_fingers_down (conf: 0.90, State: CAMERA_MODE)
2026-05-10 01:26:01,372 [INFO] jarvis.core.state_machine: Gesture detected: three_fingers_down (conf: 0.90, State: CAMERA_MODE)
2026-05-10 01:26:01,504 [INFO] jarvis.core.state_machine: Gesture detected: three_fingers_down (conf: 0.90, State: CAMERA_MODE)
2026-05-10 01:26:01,560 [INFO] jarvis.core.state_machine: Gesture detected: three_fingers_down (conf: 0.90, State: CAMERA_MODE)
2026-05-10 01:26:01,609 [INFO] jarvis.core.state_machine: Gesture detected: three_fingers_down (conf: 0.90, State: CAMERA_MODE)
2026-05-10 01:26:05,776 [INFO] jarvis.core.state_machine: Gesture detected: three_fingers_down (conf: 0.90, State: CAMERA_MODE)
2026-05-10 01:26:05,903 [INFO] jarvis.core.state_machine: Gesture detected: three_fingers_down (conf: 0.90, State: CAMERA_MODE)
2026-05-10 01:26:05,970 [INFO] jarvis.core.state_machine: Gesture detected: three_fingers_down (conf: 0.90, State: CAMERA_MODE)
2026-05-10 01:26:06,017 [INFO] jarvis.core.state_machine: Gesture detected: three_fingers_down (conf: 0.90, State: CAMERA_MODE)
2026-05-10 01:26:06,148 [INFO] jarvis.core.state_machine: Gesture detected: three_fingers_down (conf: 0.90, State: CAMERA_MODE)
2026-05-10 01:26:06,203 [INFO] jarvis.core.state_machine: Gesture detected: three_fingers_down (conf: 0.90, State: CAMERA_MODE)
2026-05-10 01:26:06,248 [INFO] jarvis.core.state_machine: Gesture detected: three_fingers_down (conf: 0.90, State: CAMERA_MODE)
2026-05-10 01:26:06,377 [INFO] jarvis.core.state_machine: Gesture detected: three_fingers_down (conf: 0.90, State: CAMERA_MODE)
2026-05-10 01:26:06,437 [INFO] jarvis.core.state_machine: Gesture detected: three_fingers_down (conf: 0.90, State: CAMERA_MODE)
2026-05-10 01:26:06,483 [INFO] jarvis.core.state_machine: Gesture detected: three_fingers_down (conf: 0.90, State: CAMERA_MODE)
2026-05-10 01:26:06,611 [INFO] jarvis.core.state_machine: Gesture detected: three_fingers_down (conf: 0.90, State: CAMERA_MODE)
2026-05-10 01:26:06,671 [INFO] jarvis.core.state_machine: Gesture detected: three_fingers_down (conf: 0.90, State: CAMERA_MODE)
2026-05-10 01:26:06,717 [INFO] jarvis.core.state_machine: Gesture detected: three_fingers_down (conf: 0.90, State: CAMERA_MODE)
2026-05-10 01:26:06,952 [INFO] jarvis.core.state_machine: Gesture detected: fist (conf: 0.90, State: CAMERA_MODE)
2026-05-10 01:26:07,091 [INFO] jarvis.core.state_machine: Gesture detected: three_fingers_up (conf: 0.90, State: CAMERA_MODE)
2026-05-10 01:26:07,217 [INFO] jarvis.core.state_machine: Gesture detected: three_fingers_up (conf: 0.90, State: CAMERA_MODE)
2026-05-10 01:26:07,279 [INFO] jarvis.core.state_machine: Gesture detected: three_fingers_up (conf: 0.90, State: CAMERA_MODE)
2026-05-10 01:26:07,326 [INFO] jarvis.core.state_machine: Gesture detected: three_fingers_up (conf: 0.90, State: CAMERA_MODE)
2026-05-10 01:26:07,456 [INFO] jarvis.core.state_machine: Gesture detected: three_fingers_up (conf: 0.90, State: CAMERA_MODE)
2026-05-10 01:26:07,514 [INFO] jarvis.core.state_machine: Gesture detected: three_fingers_up (conf: 0.90, State: CAMERA_MODE)
2026-05-10 01:26:07,561 [INFO] jarvis.core.state_machine: Gesture detected: three_fingers_up (conf: 0.90, State: CAMERA_MODE)
2026-05-10 01:26:07,691 [INFO] jarvis.core.state_machine: Gesture detected: three_fingers_up (conf: 0.90, State: CAMERA_MODE)
2026-05-10 01:26:07,748 [INFO] jarvis.core.state_machine: Gesture detected: three_fingers_up (conf: 0.90, State: CAMERA_MODE)
2026-05-10 01:26:07,796 [INFO] jarvis.core.state_machine: Gesture detected: three_fingers_up (conf: 0.90, State: CAMERA_MODE)
2026-05-10 01:26:07,925 [INFO] jarvis.core.state_machine: Gesture detected: three_fingers_up (conf: 0.90, State: CAMERA_MODE)
2026-05-10 01:26:07,982 [INFO] jarvis.core.state_machine: Gesture detected: three_fingers_up (conf: 0.90, State: CAMERA_MODE)
2026-05-10 01:26:08,029 [INFO] jarvis.core.state_machine: Gesture detected: three_fingers_up (conf: 0.90, State: CAMERA_MODE)
2026-05-10 01:26:08,158 [INFO] jarvis.core.state_machine: Gesture detected: three_fingers_up (conf: 0.90, State: CAMERA_MODE)
2026-05-10 01:26:08,219 [INFO] jarvis.core.state_machine: Gesture detected: three_fingers_up (conf: 0.90, State: CAMERA_MODE)
2026-05-10 01:26:08,264 [INFO] jarvis.core.state_machine: Gesture detected: three_fingers_up (conf: 0.90, State: CAMERA_MODE)
2026-05-10 01:26:08,391 [INFO] jarvis.core.state_machine: Gesture detected: three_fingers_up (conf: 0.90, State: CAMERA_MODE)
2026-05-10 01:26:08,452 [INFO] jarvis.core.state_machine: Gesture detected: three_fingers_up (conf: 0.90, State: CAMERA_MODE)
2026-05-10 01:26:08,500 [INFO] jarvis.core.state_machine: Gesture detected: three_fingers_up (conf: 0.90, State: CAMERA_MODE)
2026-05-10 01:26:08,627 [INFO] jarvis.core.state_machine: Gesture detected: three_fingers_up (conf: 0.90, State: CAMERA_MODE)
2026-05-10 01:26:08,687 [INFO] jarvis.core.state_machine: Gesture detected: three_fingers_up (conf: 0.90, State: CAMERA_MODE)
2026-05-10 01:26:08,734 [INFO] jarvis.core.state_machine: Gesture detected: three_fingers_up (conf: 0.90, State: CAMERA_MODE)
2026-05-10 01:26:08,863 [INFO] jarvis.core.state_machine: Gesture detected: three_fingers_up (conf: 0.90, State: CAMERA_MODE)
2026-05-10 01:26:08,926 [INFO] jarvis.core.state_machine: Gesture detected: three_fingers_up (conf: 0.90, State: CAMERA_MODE)
2026-05-10 01:26:08,970 [INFO] jarvis.core.state_machine: Gesture detected: three_fingers_up (conf: 0.90, State: CAMERA_MODE)
2026-05-10 01:26:09,098 [INFO] jarvis.core.state_machine: Gesture detected: three_fingers_up (conf: 0.90, State: CAMERA_MODE)
2026-05-10 01:26:09,156 [INFO] jarvis.core.state_machine: Gesture detected: three_fingers_up (conf: 0.90, State: CAMERA_MODE)
2026-05-10 01:26:09,202 [INFO] jarvis.core.state_machine: Gesture detected: three_fingers_up (conf: 0.90, State: CAMERA_MODE)
2026-05-10 01:26:09,329 [INFO] jarvis.core.state_machine: Gesture detected: three_fingers_up (conf: 0.90, State: CAMERA_MODE)
2026-05-10 01:26:09,388 [INFO] jarvis.core.state_machine: Gesture detected: three_fingers_up (conf: 0.90, State: CAMERA_MODE)
2026-05-10 01:26:09,437 [INFO] jarvis.core.state_machine: Gesture detected: three_fingers_up (conf: 0.90, State: CAMERA_MODE)
2026-05-10 01:26:09,566 [INFO] jarvis.core.state_machine: Gesture detected: three_fingers_up (conf: 0.90, State: CAMERA_MODE)
2026-05-10 01:26:09,623 [INFO] jarvis.core.state_machine: Gesture detected: three_fingers_up (conf: 0.90, State: CAMERA_MODE)
2026-05-10 01:26:09,673 [INFO] jarvis.core.state_machine: Gesture detected: three_fingers_up (conf: 0.90, State: CAMERA_MODE)
2026-05-10 01:26:09,802 [INFO] jarvis.core.state_machine: Gesture detected: three_fingers_up (conf: 0.90, State: CAMERA_MODE)
2026-05-10 01:26:09,859 [INFO] jarvis.core.state_machine: Gesture detected: three_fingers_up (conf: 0.90, State: CAMERA_MODE)
2026-05-10 01:26:09,905 [INFO] jarvis.core.state_machine: Gesture detected: three_fingers_up (conf: 0.90, State: CAMERA_MODE)
2026-05-10 01:26:10,034 [INFO] jarvis.core.state_machine: Gesture detected: three_fingers_up (conf: 0.90, State: CAMERA_MODE)
2026-05-10 01:26:10,093 [INFO] jarvis.core.state_machine: Gesture detected: three_fingers_up (conf: 0.90, State: CAMERA_MODE)
2026-05-10 01:26:10,141 [INFO] jarvis.core.state_machine: Gesture detected: three_fingers_up (conf: 0.90, State: CAMERA_MODE)
2026-05-10 01:26:10,270 [INFO] jarvis.core.state_machine: Gesture detected: three_fingers_up (conf: 0.90, State: CAMERA_MODE)
2026-05-10 01:26:10,326 [INFO] jarvis.core.state_machine: Gesture detected: three_fingers_up (conf: 0.90, State: CAMERA_MODE)
2026-05-10 01:26:10,374 [INFO] jarvis.core.state_machine: Gesture detected: three_fingers_up (conf: 0.90, State: CAMERA_MODE)
2026-05-10 01:26:10,502 [INFO] jarvis.core.state_machine: Gesture detected: three_fingers_up (conf: 0.90, State: CAMERA_MODE)
2026-05-10 01:26:10,560 [INFO] jarvis.core.state_machine: Gesture detected: three_fingers_up (conf: 0.90, State: CAMERA_MODE)
2026-05-10 01:26:10,609 [INFO] jarvis.core.state_machine: Gesture detected: three_fingers_up (conf: 0.90, State: CAMERA_MODE)
2026-05-10 01:26:10,739 [INFO] jarvis.core.state_machine: Gesture detected: three_fingers_up (conf: 0.90, State: CAMERA_MODE)
2026-05-10 01:26:10,795 [INFO] jarvis.core.state_machine: Gesture detected: three_fingers_up (conf: 0.90, State: CAMERA_MODE)
2026-05-10 01:26:10,842 [INFO] jarvis.core.state_machine: Gesture detected: three_fingers_up (conf: 0.90, State: CAMERA_MODE)
2026-05-10 01:26:10,973 [INFO] jarvis.core.state_machine: Gesture detected: three_fingers_up (conf: 0.90, State: CAMERA_MODE)
2026-05-10 01:26:11,026 [INFO] jarvis.core.state_machine: Gesture detected: three_fingers_up (conf: 0.90, State: CAMERA_MODE)
2026-05-10 01:26:11,077 [INFO] jarvis.core.state_machine: Gesture detected: three_fingers_up (conf: 0.90, State: CAMERA_MODE)
2026-05-10 01:26:11,207 [INFO] jarvis.core.state_machine: Gesture detected: three_fingers_up (conf: 0.90, State: CAMERA_MODE)
2026-05-10 01:26:11,264 [INFO] jarvis.core.state_machine: Gesture detected: three_fingers_up (conf: 0.90, State: CAMERA_MODE)
2026-05-10 01:26:11,311 [INFO] jarvis.core.state_machine: Gesture detected: three_fingers_up (conf: 0.90, State: CAMERA_MODE)
2026-05-10 01:26:11,440 [INFO] jarvis.core.state_machine: Gesture detected: three_fingers_up (conf: 0.90, State: CAMERA_MODE)
2026-05-10 01:26:11,499 [INFO] jarvis.core.state_machine: Gesture detected: three_fingers_up (conf: 0.90, State: CAMERA_MODE)
2026-05-10 01:26:11,545 [INFO] jarvis.core.state_machine: Gesture detected: three_fingers_up (conf: 0.90, State: CAMERA_MODE)
2026-05-10 01:26:11,674 [INFO] jarvis.core.state_machine: Gesture detected: three_fingers_up (conf: 0.90, State: CAMERA_MODE)
2026-05-10 01:26:11,736 [INFO] jarvis.core.state_machine: Gesture detected: three_fingers_up (conf: 0.90, State: CAMERA_MODE)
2026-05-10 01:26:11,780 [INFO] jarvis.core.state_machine: Gesture detected: three_fingers_up (conf: 0.90, State: CAMERA_MODE)
2026-05-10 01:26:11,908 [INFO] jarvis.core.state_machine: Gesture detected: three_fingers_up (conf: 0.90, State: CAMERA_MODE)
2026-05-10 01:26:11,969 [INFO] jarvis.core.state_machine: Gesture detected: three_fingers_up (conf: 0.90, State: CAMERA_MODE)
2026-05-10 01:26:12,014 [INFO] jarvis.core.state_machine: Gesture detected: three_fingers_up (conf: 0.90, State: CAMERA_MODE)
2026-05-10 01:26:12,142 [INFO] jarvis.core.state_machine: Gesture detected: three_fingers_up (conf: 0.90, State: CAMERA_MODE)
2026-05-10 01:26:12,203 [INFO] jarvis.core.state_machine: Gesture detected: three_fingers_up (conf: 0.90, State: CAMERA_MODE)
2026-05-10 01:26:12,248 [INFO] jarvis.core.state_machine: Gesture detected: three_fingers_up (conf: 0.90, State: CAMERA_MODE)
2026-05-10 01:26:12,377 [INFO] jarvis.core.state_machine: Gesture detected: three_fingers_up (conf: 0.90, State: CAMERA_MODE)
2026-05-10 01:26:12,438 [INFO] jarvis.core.state_machine: Gesture detected: three_fingers_up (conf: 0.90, State: CAMERA_MODE)
2026-05-10 01:26:12,483 [INFO] jarvis.core.state_machine: Gesture detected: three_fingers_up (conf: 0.90, State: CAMERA_MODE)
2026-05-10 01:26:12,610 [INFO] jarvis.core.state_machine: Gesture detected: three_fingers_up (conf: 0.90, State: CAMERA_MODE)
2026-05-10 01:26:12,672 [INFO] jarvis.core.state_machine: Gesture detected: three_fingers_up (conf: 0.90, State: CAMERA_MODE)
2026-05-10 01:26:12,717 [INFO] jarvis.core.state_machine: Gesture detected: three_fingers_up (conf: 0.90, State: CAMERA_MODE)
2026-05-10 01:26:12,846 [INFO] jarvis.core.state_machine: Gesture detected: three_fingers_up (conf: 0.90, State: CAMERA_MODE)
2026-05-10 01:26:12,906 [INFO] jarvis.core.state_machine: Gesture detected: three_fingers_up (conf: 0.90, State: CAMERA_MODE)
2026-05-10 01:26:12,954 [INFO] jarvis.core.state_machine: Gesture detected: three_fingers_up (conf: 0.90, State: CAMERA_MODE)
2026-05-10 01:26:13,082 [INFO] jarvis.core.state_machine: Gesture detected: three_fingers_up (conf: 0.90, State: CAMERA_MODE)
2026-05-10 01:26:13,141 [INFO] jarvis.core.state_machine: Gesture detected: three_fingers_up (conf: 0.90, State: CAMERA_MODE)
2026-05-10 01:26:13,186 [INFO] jarvis.core.state_machine: Gesture detected: three_fingers_up (conf: 0.90, State: CAMERA_MODE)
2026-05-10 01:26:13,315 [INFO] jarvis.core.state_machine: Gesture detected: three_fingers_up (conf: 0.90, State: CAMERA_MODE)
2026-05-10 01:26:13,373 [INFO] jarvis.core.state_machine: Gesture detected: three_fingers_up (conf: 0.90, State: CAMERA_MODE)
2026-05-10 01:26:13,421 [INFO] jarvis.core.state_machine: Gesture detected: three_fingers_up (conf: 0.90, State: CAMERA_MODE)
2026-05-10 01:26:13,549 [INFO] jarvis.core.state_machine: Gesture detected: three_fingers_up (conf: 0.90, State: CAMERA_MODE)
2026-05-10 01:26:13,608 [INFO] jarvis.core.state_machine: Gesture detected: three_fingers_up (conf: 0.90, State: CAMERA_MODE)
2026-05-10 01:26:13,656 [INFO] jarvis.core.state_machine: Gesture detected: three_fingers_up (conf: 0.90, State: CAMERA_MODE)
2026-05-10 01:26:13,786 [INFO] jarvis.core.state_machine: Gesture detected: three_fingers_up (conf: 0.90, State: CAMERA_MODE)
2026-05-10 01:26:13,842 [INFO] jarvis.core.state_machine: Gesture detected: three_fingers_up (conf: 0.90, State: CAMERA_MODE)
2026-05-10 01:26:13,890 [INFO] jarvis.core.state_machine: Gesture detected: three_fingers_up (conf: 0.90, State: CAMERA_MODE)
2026-05-10 01:26:14,021 [INFO] jarvis.core.state_machine: Gesture detected: fist (conf: 0.90, State: CAMERA_MODE)
2026-05-10 01:26:14,078 [INFO] jarvis.core.state_machine: Gesture detected: thumbs_up (conf: 0.85, State: CAMERA_MODE)
2026-05-10 01:26:14,124 [INFO] jarvis.core.state_machine: Gesture detected: fist (conf: 0.90, State: CAMERA_MODE)
2026-05-10 01:26:14,218 [INFO] jarvis.core.state_machine: Gesture detected: thumbs_up (conf: 0.85, State: CAMERA_MODE)
2026-05-10 01:26:15,527 [INFO] jarvis.core.state_machine: Gesture detected: three_fingers_down (conf: 0.90, State: CAMERA_MODE)
2026-05-10 01:26:15,716 [INFO] jarvis.core.state_machine: Gesture detected: three_fingers_down (conf: 0.90, State: CAMERA_MODE)
2026-05-10 01:26:15,764 [INFO] jarvis.core.state_machine: Gesture detected: three_fingers_down (conf: 0.90, State: CAMERA_MODE)
2026-05-10 01:26:15,952 [INFO] jarvis.core.state_machine: Gesture detected: three_fingers_down (conf: 0.90, State: CAMERA_MODE)
2026-05-10 01:26:16,001 [INFO] jarvis.core.state_machine: Gesture detected: three_fingers_down (conf: 0.90, State: CAMERA_MODE)
2026-05-10 01:26:16,128 [INFO] jarvis.core.state_machine: Gesture detected: three_fingers_down (conf: 0.90, State: CAMERA_MODE)
2026-05-10 01:26:16,373 [INFO] jarvis.core.state_machine: Gesture detected: three_fingers_down (conf: 0.90, State: CAMERA_MODE)
2026-05-10 01:26:16,608 [INFO] jarvis.core.state_machine: Gesture detected: three_fingers_down (conf: 0.90, State: CAMERA_MODE)
2026-05-10 01:26:16,737 [INFO] jarvis.core.state_machine: Gesture detected: three_fingers_down (conf: 0.90, State: CAMERA_MODE)
2026-05-10 01:26:16,796 [INFO] jarvis.core.state_machine: Gesture detected: three_fingers_down (conf: 0.90, State: CAMERA_MODE)
2026-05-10 01:26:16,842 [INFO] jarvis.core.state_machine: Gesture detected: three_fingers_down (conf: 0.90, State: CAMERA_MODE)
2026-05-10 01:26:16,973 [INFO] jarvis.core.state_machine: Gesture detected: three_fingers_down (conf: 0.90, State: CAMERA_MODE)
2026-05-10 01:26:17,031 [INFO] jarvis.core.state_machine: Gesture detected: three_fingers_down (conf: 0.90, State: CAMERA_MODE)
2026-05-10 01:26:17,171 [INFO] jarvis.core.state_machine: Gesture detected: three_fingers_down (conf: 0.90, State: CAMERA_MODE)
2026-05-10 01:26:17,298 [INFO] jarvis.core.state_machine: Gesture detected: three_fingers_down (conf: 0.90, State: CAMERA_MODE)
2026-05-10 01:26:17,357 [INFO] jarvis.core.state_machine: Gesture detected: three_fingers_down (conf: 0.90, State: CAMERA_MODE)
2026-05-10 01:26:17,405 [INFO] jarvis.core.state_machine: Gesture detected: three_fingers_down (conf: 0.90, State: CAMERA_MODE)
2026-05-10 01:26:18,482 [INFO] jarvis.core.state_machine: Gesture detected: three_fingers_down (conf: 0.90, State: CAMERA_MODE)
2026-05-10 01:26:18,902 [INFO] jarvis.core.state_machine: Gesture detected: three_fingers_down (conf: 0.90, State: CAMERA_MODE)
2026-05-10 01:26:19,029 [INFO] jarvis.core.state_machine: Gesture detected: three_fingers_down (conf: 0.90, State: CAMERA_MODE)
2026-05-10 01:26:19,144 [INFO] jarvis.core.state_machine: Gesture detected: three_fingers_down (conf: 0.90, State: CAMERA_MODE)
2026-05-10 01:26:19,274 [INFO] jarvis.core.state_machine: Gesture detected: fist (conf: 0.90, State: CAMERA_MODE)
2026-05-10 01:26:19,605 [INFO] jarvis.core.state_machine: Gesture detected: fist (conf: 0.90, State: CAMERA_MODE)
2026-05-10 01:26:19,747 [INFO] jarvis.core.state_machine: Gesture detected: fist (conf: 0.90, State: CAMERA_MODE)
2026-05-10 01:26:19,980 [INFO] jarvis.core.state_machine: Gesture detected: fist (conf: 0.90, State: CAMERA_MODE)
2026-05-10 01:26:20,216 [INFO] jarvis.core.state_machine: Gesture detected: fist (conf: 0.90, State: CAMERA_MODE)
2026-05-10 01:26:20,637 [INFO] jarvis.core.state_machine: Gesture detected: shake_up (conf: 0.85, State: CAMERA_MODE)
2026-05-10 01:26:20,763 [INFO] jarvis.core.state_machine: Gesture detected: three_fingers_up (conf: 0.90, State: CAMERA_MODE)
2026-05-10 01:26:20,826 [INFO] jarvis.core.state_machine: Gesture detected: three_fingers_up (conf: 0.90, State: CAMERA_MODE)
2026-05-10 01:26:20,874 [INFO] jarvis.core.state_machine: Gesture detected: three_fingers_up (conf: 0.90, State: CAMERA_MODE)
2026-05-10 01:26:21,005 [INFO] jarvis.core.state_machine: Gesture detected: three_fingers_up (conf: 0.90, State: CAMERA_MODE)
2026-05-10 01:26:21,060 [INFO] jarvis.core.state_machine: Gesture detected: three_fingers_up (conf: 0.90, State: CAMERA_MODE)
2026-05-10 01:26:21,107 [INFO] jarvis.core.state_machine: Gesture detected: three_fingers_up (conf: 0.90, State: CAMERA_MODE)
2026-05-10 01:26:21,236 [INFO] jarvis.core.state_machine: Gesture detected: open_palm (conf: 0.95, State: CAMERA_MODE)
2026-05-10 01:26:21,295 [INFO] jarvis.core.state_machine: Gesture detected: thumbs_up (conf: 0.85, State: CAMERA_MODE)
2026-05-10 01:26:21,390 [INFO] jarvis.core.state_machine: Gesture detected: fist (conf: 0.90, State: CAMERA_MODE)
2026-05-10 01:26:22,048 [INFO] jarvis.core.state_machine: Gesture detected: fist (conf: 0.90, State: CAMERA_MODE)
2026-05-10 01:26:22,234 [INFO] jarvis.core.state_machine: Gesture detected: three_fingers_down (conf: 0.90, State: CAMERA_MODE)
2026-05-10 01:26:22,360 [INFO] jarvis.core.state_machine: Gesture detected: fist (conf: 0.90, State: CAMERA_MODE)
2026-05-10 01:26:22,422 [INFO] jarvis.core.state_machine: Gesture detected: three_fingers_down (conf: 0.90, State: CAMERA_MODE)
2026-05-10 01:26:22,471 [INFO] jarvis.core.state_machine: Gesture detected: three_fingers_down (conf: 0.90, State: CAMERA_MODE)
2026-05-10 01:26:22,604 [INFO] jarvis.core.state_machine: Gesture detected: three_fingers_down (conf: 0.90, State: CAMERA_MODE)
2026-05-10 01:26:22,657 [INFO] jarvis.core.state_machine: Gesture detected: three_fingers_down (conf: 0.90, State: CAMERA_MODE)
2026-05-10 01:26:22,705 [INFO] jarvis.core.state_machine: Gesture detected: three_fingers_down (conf: 0.90, State: CAMERA_MODE)
2026-05-10 01:26:22,838 [INFO] jarvis.core.state_machine: Gesture detected: three_fingers_down (conf: 0.90, State: CAMERA_MODE)
2026-05-10 01:26:22,893 [INFO] jarvis.core.state_machine: Gesture detected: fist (conf: 0.90, State: CAMERA_MODE)
2026-05-10 01:26:23,034 [INFO] jarvis.core.state_machine: Gesture detected: three_fingers_down (conf: 0.90, State: CAMERA_MODE)
2026-05-10 01:26:23,169 [INFO] jarvis.core.state_machine: Gesture detected: three_fingers_down (conf: 0.90, State: CAMERA_MODE)
2026-05-10 01:26:23,219 [INFO] jarvis.core.state_machine: Gesture detected: fist (conf: 0.90, State: CAMERA_MODE)
2026-05-10 01:26:23,269 [INFO] jarvis.core.state_machine: Gesture detected: three_fingers_down (conf: 0.90, State: CAMERA_MODE)
2026-05-10 01:26:23,402 [INFO] jarvis.core.state_machine: Gesture detected: three_fingers_down (conf: 0.90, State: CAMERA_MODE)
2026-05-10 01:26:23,456 [INFO] jarvis.core.state_machine: Gesture detected: fist (conf: 0.90, State: CAMERA_MODE)
2026-05-10 01:26:23,512 [INFO] jarvis.core.state_machine: Gesture detected: three_fingers_down (conf: 0.90, State: CAMERA_MODE)
2026-05-10 01:26:23,701 [INFO] jarvis.core.state_machine: Gesture detected: three_fingers_down (conf: 0.90, State: CAMERA_MODE)
2026-05-10 01:26:23,708 [INFO] jarvis.core.state_machine: Gesture detected: fist (conf: 0.90, State: CAMERA_MODE)
2026-05-10 01:26:23,740 [INFO] jarvis.core.state_machine: Gesture detected: three_fingers_down (conf: 0.90, State: CAMERA_MODE)
2026-05-10 01:26:23,876 [INFO] jarvis.core.state_machine: Gesture detected: fist (conf: 0.90, State: CAMERA_MODE)
2026-05-10 01:26:24,018 [INFO] jarvis.core.state_machine: Gesture detected: three_fingers_down (conf: 0.90, State: CAMERA_MODE)
2026-05-10 01:26:24,152 [INFO] jarvis.core.state_machine: Gesture detected: three_fingers_down (conf: 0.90, State: CAMERA_MODE)
2026-05-10 01:26:24,207 [INFO] jarvis.core.state_machine: Gesture detected: fist (conf: 0.90, State: CAMERA_MODE)
2026-05-10 01:26:24,255 [INFO] jarvis.core.state_machine: Gesture detected: three_fingers_down (conf: 0.90, State: CAMERA_MODE)
2026-05-10 01:26:24,394 [INFO] jarvis.core.state_machine: Gesture detected: three_fingers_down (conf: 0.90, State: CAMERA_MODE)
2026-05-10 01:26:24,441 [INFO] jarvis.core.state_machine: Gesture detected: three_fingers_down (conf: 0.90, State: CAMERA_MODE)
2026-05-10 01:26:24,485 [INFO] jarvis.core.state_machine: Gesture detected: three_fingers_down (conf: 0.90, State: CAMERA_MODE)
2026-05-10 01:26:24,616 [INFO] jarvis.core.state_machine: Gesture detected: fist (conf: 0.90, State: CAMERA_MODE)
2026-05-10 01:26:24,814 [INFO] jarvis.core.state_machine: Gesture detected: open_palm (conf: 0.95, State: CAMERA_MODE)
2026-05-10 01:26:25,236 [INFO] jarvis.core.state_machine: Gesture detected: thumbs_up (conf: 0.85, State: CAMERA_MODE)
2026-05-10 01:26:26,217 [INFO] jarvis.core.state_machine: Gesture detected: thumbs_up (conf: 0.85, State: CAMERA_MODE)
2026-05-10 01:26:26,312 [INFO] jarvis.core.state_machine: Gesture detected: thumbs_up (conf: 0.85, State: CAMERA_MODE)
2026-05-10 01:26:26,505 [INFO] jarvis.core.state_machine: Gesture detected: thumbs_up (conf: 0.85, State: CAMERA_MODE)
2026-05-10 01:26:29,314 [INFO] jarvis.core.state_machine: Gesture detected: thumbs_up (conf: 0.85, State: CAMERA_MODE)
2026-05-10 01:26:29,688 [INFO] jarvis.core.state_machine: Gesture detected: thumbs_up (conf: 0.85, State: CAMERA_MODE)
2026-05-10 01:26:30,669 [INFO] jarvis.core.state_machine: Gesture detected: open_palm (conf: 0.95, State: CAMERA_MODE)
2026-05-10 01:26:31,605 [INFO] jarvis.core.state_machine: Gesture detected: thumbs_up (conf: 0.85, State: CAMERA_MODE)
2026-05-10 01:26:31,793 [INFO] jarvis.core.state_machine: Gesture detected: thumbs_up (conf: 0.85, State: CAMERA_MODE)
2026-05-10 01:26:32,215 [INFO] jarvis.core.state_machine: Gesture detected: thumbs_up (conf: 0.85, State: CAMERA_MODE)
2026-05-10 01:26:34,888 [INFO] jarvis.core.state_machine: Gesture detected: thumbs_up (conf: 0.85, State: CAMERA_MODE)
2026-05-10 01:26:37,187 [INFO] jarvis.core.state_machine: Gesture detected: thumbs_up (conf: 0.85, State: CAMERA_MODE)
2026-05-10 01:26:40,392 [INFO] jarvis.core.state_machine: Gesture detected: open_palm (conf: 0.95, State: CAMERA_MODE)
2026-05-10 01:26:41,310 [INFO] jarvis.core.state_machine: Gesture detected: open_palm (conf: 0.95, State: CAMERA_MODE)
2026-05-10 01:26:42,203 [INFO] jarvis.core.state_machine: Gesture detected: thumbs_up (conf: 0.85, State: CAMERA_MODE)
2026-05-10 01:26:42,763 [INFO] jarvis.core.state_machine: Gesture detected: thumbs_up (conf: 0.85, State: CAMERA_MODE)
2026-05-10 01:26:43,470 [INFO] jarvis.core.state_machine: Gesture detected: thumbs_up (conf: 0.85, State: CAMERA_MODE)
2026-05-10 01:26:43,653 [INFO] jarvis.core.state_machine: Gesture detected: fist (conf: 0.90, State: CAMERA_MODE)
2026-05-10 01:26:43,895 [INFO] jarvis.core.state_machine: Gesture detected: thumbs_up (conf: 0.85, State: CAMERA_MODE)
2026-05-10 01:26:44,356 [INFO] jarvis.core.state_machine: Gesture detected: three_fingers_down (conf: 0.90, State: CAMERA_MODE)
2026-05-10 01:26:44,549 [INFO] jarvis.core.state_machine: Gesture detected: three_fingers_down (conf: 0.90, State: CAMERA_MODE)
2026-05-10 01:26:44,593 [INFO] jarvis.core.state_machine: Gesture detected: three_fingers_down (conf: 0.90, State: CAMERA_MODE)
2026-05-10 01:26:44,726 [INFO] jarvis.core.state_machine: Gesture detected: three_fingers_down (conf: 0.90, State: CAMERA_MODE)
2026-05-10 01:26:44,780 [INFO] jarvis.core.state_machine: Gesture detected: three_fingers_down (conf: 0.90, State: CAMERA_MODE)
2026-05-10 01:26:44,827 [INFO] jarvis.core.state_machine: Gesture detected: three_fingers_down (conf: 0.90, State: CAMERA_MODE)
2026-05-10 01:26:44,962 [INFO] jarvis.core.state_machine: Gesture detected: three_fingers_down (conf: 0.90, State: CAMERA_MODE)
2026-05-10 01:26:45,018 [INFO] jarvis.core.state_machine: Gesture detected: three_fingers_down (conf: 0.90, State: CAMERA_MODE)
2026-05-10 01:26:45,064 [INFO] jarvis.core.state_machine: Gesture detected: fist (conf: 0.90, State: CAMERA_MODE)
2026-05-10 01:26:45,270 [INFO] jarvis.core.state_machine: Gesture detected: fist (conf: 0.90, State: CAMERA_MODE)
2026-05-10 01:26:48,546 [INFO] jarvis.core.state_machine: Gesture detected: one_index_up (conf: 0.95, State: CAMERA_MODE)
2026-05-10 01:26:48,575 [INFO] jarvis.core.state_machine: Gesture detected: rock_sign (conf: 0.95, State: CAMERA_MODE)
2026-05-10 01:26:48,575 [INFO] jarvis.core.state_machine: Exit gesture 'rock_sign' triggered in Camera Mode.
2026-05-10 01:26:48,575 [INFO] jarvis.core.state_machine: Exiting Camera Mode -> Returning to Voice Mode
2026-05-10 01:26:48,575 [INFO] jarvis.vision.worker: Vision mode set to: none
2026-05-10 01:26:48,603 [INFO] jarvis.vision.worker: Vision Worker stopped.
2026-05-10 01:26:48,603 [INFO] jarvis.audio.snap_detector: Snap detector deactivated.
2026-05-10 01:26:48,634 [INFO] jarvis.audio.snap_detector: Snap detector deactivated.
2026-05-10 01:26:48,634 [INFO] jarvis.vision.worker: Vision mode set to: none
2026-05-10 01:26:48,703 [INFO] jarvis.audio.speech_recognition: Vosk is listening (shared stream)...
2026-05-10 01:26:58,722 [INFO] jarvis.audio.speech_recognition: Vosk Recognized (Final): "good night"
2026-05-10 01:26:58,729 [INFO] jarvis.skills.system_controls: SKILL: Sleep Mode.
2026-05-10 01:26:58,729 [INFO] jarvis.core.agent: Local skill matched for: 'good night'
2026-05-10 01:26:58,734 [INFO] jarvis.audio.snap_detector: Snap detector activated.
2026-05-10 01:26:58,745 [INFO] jarvis.core.state_machine: Voice mode loop ended. Current state: SLEEP
2026-05-10 01:26:58,756 [INFO] jarvis.vision.worker: Vision mode set to: sleep
2026-05-10 01:26:58,847 [INFO] jarvis.vision.worker: Vision Worker started.
2026-05-10 01:26:59,205 [INFO] jarvis.core.state_machine: Gesture detected: open_palm (conf: 0.95, State: SLEEP)
2026-05-10 01:26:59,239 [INFO] jarvis.audio.snap_detector: Snap detected! Energy: 0.0085, Avg: 0.0010
2026-05-10 01:26:59,532 [INFO] jarvis.core.state_machine: Gesture detected: three_fingers_up (conf: 0.90, State: SNAP_DETECTED)
2026-05-10 01:26:59,626 [INFO] jarvis.core.state_machine: Gesture detected: open_palm (conf: 0.95, State: SNAP_DETECTED)
2026-05-10 01:27:00,503 [INFO] jarvis.core.state_machine: Gesture detected: thumbs_up (conf: 0.85, State: SNAP_DETECTED)
2026-05-10 01:27:01,261 [INFO] jarvis.audio.snap_detector: Snap detector activated.
2026-05-10 01:27:01,501 [INFO] jarvis.core.state_machine: Gesture detected: open_palm (conf: 0.95, State: SLEEP)
2026-05-10 01:27:02,467 [INFO] jarvis.core.state_machine: Gesture detected: thumbs_up (conf: 0.85, State: SLEEP)
2026-05-10 01:27:03,669 [INFO] jarvis.core.state_machine: Gesture detected: thumbs_up (conf: 0.85, State: SLEEP)
2026-05-10 01:27:04,216 [INFO] jarvis.core.state_machine: Gesture detected: thumbs_up (conf: 0.85, State: SLEEP)
2026-05-10 01:27:05,420 [INFO] jarvis.core.state_machine: Gesture detected: open_palm (conf: 0.95, State: SLEEP)
2026-05-10 01:27:05,964 [INFO] jarvis.core.state_machine: Gesture detected: thumbs_up (conf: 0.85, State: SLEEP)
2026-05-10 01:27:06,620 [INFO] jarvis.core.state_machine: Gesture detected: open_palm (conf: 0.95, State: SLEEP)
2026-05-10 01:27:06,948 [INFO] jarvis.core.state_machine: Gesture detected: thumbs_up (conf: 0.85, State: SLEEP)
2026-05-10 01:27:07,389 [INFO] jarvis.core.state_machine: Gesture detected: thumbs_up (conf: 0.85, State: SLEEP)
2026-05-10 01:27:07,499 [INFO] jarvis.core.state_machine: Gesture detected: open_palm (conf: 0.95, State: SLEEP)
2026-05-10 01:27:07,825 [INFO] jarvis.core.state_machine: Gesture detected: thumbs_up (conf: 0.85, State: SLEEP)
2026-05-10 01:27:08,372 [INFO] jarvis.core.state_machine: Gesture detected: open_palm (conf: 0.95, State: SLEEP)
2026-05-10 01:27:08,917 [INFO] jarvis.core.state_machine: Gesture detected: peace_sign (conf: 0.95, State: SLEEP)
2026-05-10 01:27:09,374 [INFO] jarvis.core.state_machine: Gesture detected: open_palm (conf: 0.95, State: SLEEP)
2026-05-10 01:27:09,595 [INFO] jarvis.core.state_machine: Gesture detected: thumbs_up (conf: 0.85, State: SLEEP)
2026-05-10 01:27:10,012 [INFO] jarvis.core.state_machine: Gesture detected: open_palm (conf: 0.95, State: SLEEP)
2026-05-10 01:27:10,022 [INFO] jarvis.audio.snap_detector: Snap detected! Energy: 0.0063, Avg: 0.0010
2026-05-10 01:27:10,341 [INFO] jarvis.core.state_machine: Gesture detected: thumbs_up (conf: 0.85, State: SNAP_DETECTED)
2026-05-10 01:27:10,560 [INFO] jarvis.core.state_machine: Gesture detected: thumbs_up (conf: 0.85, State: SNAP_DETECTED)
2026-05-10 01:27:10,888 [INFO] jarvis.core.state_machine: Gesture detected: three_fingers_down (conf: 0.90, State: SNAP_DETECTED)
2026-05-10 01:27:11,391 [INFO] jarvis.audio.snap_detector: Sound detected! Energy: 0.0101
2026-05-10 01:27:11,671 [INFO] jarvis.core.state_machine: Gesture detected: open_palm (conf: 0.95, State: SNAP_DETECTED)
2026-05-10 01:27:11,873 [INFO] jarvis.core.state_machine: Gesture detected: thumbs_up (conf: 0.85, State: SNAP_DETECTED)
2026-05-10 01:27:12,022 [INFO] jarvis.audio.snap_detector: Snap detector activated.
2026-05-10 01:27:12,421 [INFO] jarvis.audio.snap_detector: Sound detected! Energy: 0.0148
2026-05-10 01:27:13,530 [INFO] jarvis.core.state_machine: Gesture detected: open_palm (conf: 0.95, State: SLEEP)
2026-05-10 01:27:14,169 [INFO] jarvis.core.state_machine: Gesture detected: thumbs_up (conf: 0.85, State: SLEEP)
2026-05-10 01:27:15,700 [INFO] jarvis.core.state_machine: Gesture detected: fist (conf: 0.90, State: SLEEP)
2026-05-10 01:27:16,028 [INFO] jarvis.core.state_machine: Gesture detected: thumbs_up (conf: 0.85, State: SLEEP)
2026-05-10 01:27:16,357 [INFO] jarvis.core.state_machine: Gesture detected: fist (conf: 0.90, State: SLEEP)
2026-05-10 01:27:16,904 [INFO] jarvis.core.state_machine: Gesture detected: thumbs_up (conf: 0.85, State: SLEEP)
2026-05-10 01:27:17,668 [INFO] jarvis.core.state_machine: Gesture detected: fist (conf: 0.90, State: SLEEP)
2026-05-10 01:27:17,777 [INFO] jarvis.core.state_machine: Gesture detected: thumbs_up (conf: 0.85, State: SLEEP)
2026-05-10 01:27:17,892 [INFO] jarvis.core.state_machine: Gesture detected: fist (conf: 0.90, State: SLEEP)
2026-05-10 01:27:18,656 [INFO] jarvis.core.state_machine: Gesture detected: one_index_up (conf: 0.95, State: SLEEP)
2026-05-10 01:27:18,763 [INFO] jarvis.core.state_machine: Gesture detected: open_palm (conf: 0.95, State: SLEEP)
2026-05-10 01:27:18,980 [INFO] jarvis.core.state_machine: Gesture detected: thumbs_up (conf: 0.85, State: SLEEP)
2026-05-10 01:27:19,858 [INFO] jarvis.core.state_machine: Gesture detected: one_index_up (conf: 0.95, State: SLEEP)
2026-05-10 01:27:19,967 [INFO] jarvis.core.state_machine: Gesture detected: open_palm (conf: 0.95, State: SLEEP)
2026-05-10 01:27:20,189 [INFO] jarvis.core.state_machine: Gesture detected: thumbs_up (conf: 0.85, State: SLEEP)
2026-05-10 01:27:20,515 [INFO] jarvis.core.state_machine: Gesture detected: fist (conf: 0.90, State: SLEEP)
2026-05-10 01:27:20,516 [INFO] jarvis.core.state_machine: Emergency exit gesture triggered in Sleep Mode.
2026-05-10 01:27:20,844 [INFO] jarvis.core.state_machine: Gesture detected: thumbs_up (conf: 0.85, State: SHUTDOWN)
2026-05-10 01:28:49,226 [INFO] Jarvis: Starting Jarvis Assistant...
2026-05-10 01:28:49,227 [INFO] jarvis.core.agent: Loaded identity profile (5070 chars).
2026-05-10 01:28:49,228 [INFO] jarvis.core.agent: Gemini AI REST client initialised.
2026-05-10 01:28:50,122 [INFO] jarvis.core.state_machine: State Machine started in STANDBY.
2026-05-10 01:28:50,124 [INFO] jarvis.audio.speech_recognition: Loading Vosk model from: vosk-model-small-en-us-0.15
2026-05-10 01:28:50,679 [INFO] jarvis.audio.microphone: Microphone stream started (Device: Default).
2026-05-10 01:28:50,679 [INFO] jarvis.audio.snap_detector: Snap detector activated.
2026-05-10 01:28:50,679 [INFO] Jarvis: Jarvis is ready.
2026-05-10 01:28:50,679 [INFO] Jarvis:   Wake phrase    : 'daddy home'
2026-05-10 01:28:50,680 [INFO] Jarvis:   Shutdown phrase: 'goodbye jojo'
2026-05-10 01:28:52,049 [INFO] jarvis.audio.snap_detector: Snap detected! Energy: 0.0078, Avg: 0.0010
2026-05-10 01:28:52,362 [INFO] jarvis.audio.snap_detector: Sound detected! Energy: 0.0104
2026-05-10 01:28:52,747 [INFO] jarvis.audio.snap_detector: Snap detected! Energy: 0.0946, Avg: 0.0049
2026-05-10 01:28:52,752 [INFO] jarvis.audio.speech_recognition: Vosk is listening (shared stream)...
2026-05-10 01:28:53,382 [INFO] jarvis.audio.snap_detector: Sound detected! Energy: 0.0170
2026-05-10 01:28:54,596 [INFO] jarvis.audio.speech_recognition: Vosk Recognized: "daddy home"
2026-05-10 01:28:54,597 [INFO] jarvis.audio.snap_detector: Snap detector deactivated.
2026-05-10 01:28:54,597 [INFO] jarvis.vision.worker: Vision mode set to: none
2026-05-10 01:28:54,748 [INFO] jarvis.audio.speech_recognition: Vosk is listening (shared stream)...
2026-05-10 01:29:01,138 [INFO] jarvis.audio.speech_recognition: Vosk Recognized: "for the grade"
2026-05-10 01:29:01,139 [INFO] jarvis.audio.speech_recognition: Vosk recognized 'for the grade', but it doesn't match a command. Falling back to Google...
2026-05-10 01:29:01,139 [INFO] jarvis.audio.speech_recognition: Requesting Google Cloud fallback recognition...
2026-05-10 01:29:01,867 [INFO] jarvis.audio.speech_recognition: Google Fallback Recognized: 'full screen'
2026-05-10 01:29:01,895 [INFO] jarvis.core.agent: Local skill matched for: 'full screen'
2026-05-10 01:29:01,940 [INFO] jarvis.audio.speech_recognition: Vosk is listening (shared stream)...
2026-05-10 01:29:04,349 [INFO] jarvis.audio.speech_recognition: Vosk Recognized: "control on"
2026-05-10 01:29:04,359 [INFO] jarvis.audio.snap_detector: Snap detector deactivated.
2026-05-10 01:29:04,460 [INFO] jarvis.vision.worker: Vision Worker started.
2026-05-10 01:29:04,487 [INFO] jarvis.vision.worker: Vision mode set to: control
2026-05-10 01:29:04,488 [INFO] jarvis.core.agent: Local skill matched for: 'control on'
2026-05-10 01:29:04,496 [INFO] jarvis.core.state_machine: Voice mode loop ended. Current state: CONTROL_MODE
2026-05-10 01:29:04,606 [WARNING] jarvis.core.state_machine: Unknown attention state: UNKNOWN
2026-05-10 01:29:05,548 [INFO] jarvis.core.state_machine: Gesture detected: rock_sign (conf: 0.95, State: CONTROL_MODE)
2026-05-10 01:29:05,548 [INFO] jarvis.core.state_machine: Exit gesture 'rock_sign' triggered in Control Mode.
2026-05-10 01:29:05,549 [INFO] jarvis.core.state_machine: Exiting Control Mode -> Falling back to Camera Mode
2026-05-10 01:29:05,549 [INFO] jarvis.audio.snap_detector: Snap detector deactivated.
2026-05-10 01:29:05,592 [INFO] jarvis.vision.worker: Vision mode set to: camera
2026-05-10 01:29:05,653 [INFO] jarvis.core.state_machine: Gesture detected: rock_sign (conf: 0.95, State: CAMERA_MODE)
2026-05-10 01:29:05,888 [INFO] jarvis.core.state_machine: Gesture detected: open_palm (conf: 0.95, State: CAMERA_MODE)
2026-05-10 01:29:06,990 [INFO] jarvis.core.state_machine: Gesture detected: open_palm (conf: 0.95, State: CAMERA_MODE)
2026-05-10 01:29:07,023 [INFO] jarvis.core.state_machine: Gesture detected: three_fingers_up (conf: 0.90, State: CAMERA_MODE)
2026-05-10 01:29:07,156 [INFO] jarvis.core.state_machine: Gesture detected: three_fingers_up (conf: 0.90, State: CAMERA_MODE)
2026-05-10 01:29:07,215 [INFO] jarvis.core.state_machine: Gesture detected: three_fingers_up (conf: 0.90, State: CAMERA_MODE)
2026-05-10 01:29:07,261 [INFO] jarvis.core.state_machine: Gesture detected: three_fingers_up (conf: 0.90, State: CAMERA_MODE)
2026-05-10 01:29:07,403 [INFO] jarvis.core.state_machine: Gesture detected: three_fingers_up (conf: 0.90, State: CAMERA_MODE)
2026-05-10 01:29:07,444 [INFO] jarvis.core.state_machine: Gesture detected: three_fingers_up (conf: 0.90, State: CAMERA_MODE)
2026-05-10 01:29:07,492 [INFO] jarvis.core.state_machine: Gesture detected: three_fingers_up (conf: 0.90, State: CAMERA_MODE)
2026-05-10 01:29:07,627 [INFO] jarvis.core.state_machine: Gesture detected: three_fingers_up (conf: 0.90, State: CAMERA_MODE)
2026-05-10 01:29:07,674 [INFO] jarvis.core.state_machine: Gesture detected: three_fingers_up (conf: 0.90, State: CAMERA_MODE)
2026-05-10 01:29:07,723 [INFO] jarvis.core.state_machine: Gesture detected: three_fingers_up (conf: 0.90, State: CAMERA_MODE)
2026-05-10 01:29:07,855 [INFO] jarvis.core.state_machine: Gesture detected: three_fingers_up (conf: 0.90, State: CAMERA_MODE)
2026-05-10 01:29:07,913 [INFO] jarvis.core.state_machine: Gesture detected: three_fingers_up (conf: 0.90, State: CAMERA_MODE)
2026-05-10 01:29:07,957 [INFO] jarvis.core.state_machine: Gesture detected: three_fingers_up (conf: 0.90, State: CAMERA_MODE)
2026-05-10 01:29:08,095 [INFO] jarvis.core.state_machine: Gesture detected: three_fingers_up (conf: 0.90, State: CAMERA_MODE)
2026-05-10 01:29:08,147 [INFO] jarvis.core.state_machine: Gesture detected: three_fingers_up (conf: 0.90, State: CAMERA_MODE)
2026-05-10 01:29:08,195 [INFO] jarvis.core.state_machine: Gesture detected: three_fingers_up (conf: 0.90, State: CAMERA_MODE)
2026-05-10 01:29:08,327 [INFO] jarvis.core.state_machine: Gesture detected: three_fingers_up (conf: 0.90, State: CAMERA_MODE)
2026-05-10 01:29:08,382 [INFO] jarvis.core.state_machine: Gesture detected: three_fingers_up (conf: 0.90, State: CAMERA_MODE)
2026-05-10 01:29:08,426 [INFO] jarvis.core.state_machine: Gesture detected: three_fingers_up (conf: 0.90, State: CAMERA_MODE)
2026-05-10 01:29:08,560 [INFO] jarvis.core.state_machine: Gesture detected: three_fingers_up (conf: 0.90, State: CAMERA_MODE)
2026-05-10 01:29:08,610 [INFO] jarvis.core.state_machine: Gesture detected: open_palm (conf: 0.95, State: CAMERA_MODE)
2026-05-10 01:29:08,890 [INFO] jarvis.core.state_machine: Gesture detected: fist (conf: 0.90, State: CAMERA_MODE)
2026-05-10 01:29:11,158 [INFO] jarvis.core.state_machine: Gesture detected: three_fingers_up (conf: 0.90, State: CAMERA_MODE)
2026-05-10 01:29:11,289 [INFO] jarvis.core.state_machine: Gesture detected: three_fingers_up (conf: 0.90, State: CAMERA_MODE)
2026-05-10 01:29:11,332 [INFO] jarvis.core.state_machine: Gesture detected: three_fingers_up (conf: 0.90, State: CAMERA_MODE)
2026-05-10 01:29:11,380 [INFO] jarvis.core.state_machine: Gesture detected: three_fingers_up (conf: 0.90, State: CAMERA_MODE)
2026-05-10 01:29:11,513 [INFO] jarvis.core.state_machine: Gesture detected: three_fingers_up (conf: 0.90, State: CAMERA_MODE)
2026-05-10 01:29:11,563 [INFO] jarvis.core.state_machine: Gesture detected: three_fingers_up (conf: 0.90, State: CAMERA_MODE)
2026-05-10 01:29:11,612 [INFO] jarvis.core.state_machine: Gesture detected: three_fingers_up (conf: 0.90, State: CAMERA_MODE)
2026-05-10 01:29:11,743 [INFO] jarvis.core.state_machine: Gesture detected: three_fingers_up (conf: 0.90, State: CAMERA_MODE)
2026-05-10 01:29:11,800 [INFO] jarvis.core.state_machine: Gesture detected: three_fingers_up (conf: 0.90, State: CAMERA_MODE)
2026-05-10 01:29:11,845 [INFO] jarvis.core.state_machine: Gesture detected: three_fingers_up (conf: 0.90, State: CAMERA_MODE)
2026-05-10 01:29:11,978 [INFO] jarvis.core.state_machine: Gesture detected: three_fingers_up (conf: 0.90, State: CAMERA_MODE)
2026-05-10 01:29:12,035 [INFO] jarvis.core.state_machine: Gesture detected: three_fingers_up (conf: 0.90, State: CAMERA_MODE)
2026-05-10 01:29:12,082 [INFO] jarvis.core.state_machine: Gesture detected: three_fingers_up (conf: 0.90, State: CAMERA_MODE)
2026-05-10 01:29:12,213 [INFO] jarvis.core.state_machine: Gesture detected: three_fingers_up (conf: 0.90, State: CAMERA_MODE)
2026-05-10 01:29:12,270 [INFO] jarvis.core.state_machine: Gesture detected: three_fingers_up (conf: 0.90, State: CAMERA_MODE)
2026-05-10 01:29:12,315 [INFO] jarvis.core.state_machine: Gesture detected: three_fingers_up (conf: 0.90, State: CAMERA_MODE)
2026-05-10 01:29:12,446 [INFO] jarvis.core.state_machine: Gesture detected: three_fingers_up (conf: 0.90, State: CAMERA_MODE)
2026-05-10 01:29:12,504 [INFO] jarvis.core.state_machine: Gesture detected: three_fingers_up (conf: 0.90, State: CAMERA_MODE)
2026-05-10 01:29:12,550 [INFO] jarvis.core.state_machine: Gesture detected: three_fingers_up (conf: 0.90, State: CAMERA_MODE)
2026-05-10 01:29:12,683 [INFO] jarvis.core.state_machine: Gesture detected: three_fingers_up (conf: 0.90, State: CAMERA_MODE)
2026-05-10 01:29:12,740 [INFO] jarvis.core.state_machine: Gesture detected: three_fingers_up (conf: 0.90, State: CAMERA_MODE)
2026-05-10 01:29:12,783 [INFO] jarvis.core.state_machine: Gesture detected: three_fingers_up (conf: 0.90, State: CAMERA_MODE)
2026-05-10 01:29:12,915 [INFO] jarvis.core.state_machine: Gesture detected: three_fingers_up (conf: 0.90, State: CAMERA_MODE)
2026-05-10 01:29:12,977 [INFO] jarvis.core.state_machine: Gesture detected: three_fingers_up (conf: 0.90, State: CAMERA_MODE)
2026-05-10 01:29:13,017 [INFO] jarvis.core.state_machine: Gesture detected: three_fingers_up (conf: 0.90, State: CAMERA_MODE)
2026-05-10 01:29:13,148 [INFO] jarvis.core.state_machine: Gesture detected: three_fingers_up (conf: 0.90, State: CAMERA_MODE)
2026-05-10 01:29:13,211 [INFO] jarvis.core.state_machine: Gesture detected: three_fingers_up (conf: 0.90, State: CAMERA_MODE)
2026-05-10 01:29:13,258 [INFO] jarvis.core.state_machine: Gesture detected: three_fingers_up (conf: 0.90, State: CAMERA_MODE)
2026-05-10 01:29:13,390 [INFO] jarvis.core.state_machine: Gesture detected: three_fingers_up (conf: 0.90, State: CAMERA_MODE)
2026-05-10 01:29:13,442 [INFO] jarvis.core.state_machine: Gesture detected: three_fingers_up (conf: 0.90, State: CAMERA_MODE)
2026-05-10 01:29:13,490 [INFO] jarvis.core.state_machine: Gesture detected: three_fingers_up (conf: 0.90, State: CAMERA_MODE)
2026-05-10 01:29:13,622 [INFO] jarvis.core.state_machine: Gesture detected: three_fingers_up (conf: 0.90, State: CAMERA_MODE)
2026-05-10 01:29:13,675 [INFO] jarvis.core.state_machine: Gesture detected: three_fingers_up (conf: 0.90, State: CAMERA_MODE)
2026-05-10 01:29:13,724 [INFO] jarvis.core.state_machine: Gesture detected: three_fingers_up (conf: 0.90, State: CAMERA_MODE)
2026-05-10 01:29:13,856 [INFO] jarvis.core.state_machine: Gesture detected: one_index_up (conf: 0.95, State: CAMERA_MODE)
2026-05-10 01:29:15,127 [INFO] jarvis.core.state_machine: Gesture detected: fist (conf: 0.90, State: CAMERA_MODE)
2026-05-10 01:29:15,922 [INFO] jarvis.core.state_machine: Gesture detected: three_fingers_down (conf: 0.90, State: CAMERA_MODE)
2026-05-10 01:29:16,053 [INFO] jarvis.core.state_machine: Gesture detected: fist (conf: 0.90, State: CAMERA_MODE)
2026-05-10 01:29:16,303 [INFO] jarvis.core.state_machine: Gesture detected: three_fingers_down (conf: 0.90, State: CAMERA_MODE)
2026-05-10 01:29:16,432 [INFO] jarvis.core.state_machine: Gesture detected: three_fingers_down (conf: 0.90, State: CAMERA_MODE)
2026-05-10 01:29:16,488 [INFO] jarvis.core.state_machine: Gesture detected: fist (conf: 0.90, State: CAMERA_MODE)
2026-05-10 01:29:16,536 [INFO] jarvis.core.state_machine: Gesture detected: three_fingers_down (conf: 0.90, State: CAMERA_MODE)
2026-05-10 01:29:16,670 [INFO] jarvis.core.state_machine: Gesture detected: fist (conf: 0.90, State: CAMERA_MODE)
2026-05-10 01:29:16,726 [INFO] jarvis.core.state_machine: Gesture detected: three_fingers_down (conf: 0.90, State: CAMERA_MODE)
2026-05-10 01:29:16,768 [INFO] jarvis.core.state_machine: Gesture detected: fist (conf: 0.90, State: CAMERA_MODE)
2026-05-10 01:29:17,052 [INFO] jarvis.core.state_machine: Gesture detected: three_fingers_down (conf: 0.90, State: CAMERA_MODE)
2026-05-10 01:29:17,182 [INFO] jarvis.core.state_machine: Gesture detected: fist (conf: 0.90, State: CAMERA_MODE)
2026-05-10 01:29:17,337 [INFO] jarvis.core.state_machine: Gesture detected: three_fingers_down (conf: 0.90, State: CAMERA_MODE)
2026-05-10 01:29:17,478 [INFO] jarvis.core.state_machine: Gesture detected: fist (conf: 0.90, State: CAMERA_MODE)
2026-05-10 01:29:17,520 [INFO] jarvis.core.state_machine: Gesture detected: three_fingers_down (conf: 0.90, State: CAMERA_MODE)
2026-05-10 01:29:17,566 [INFO] jarvis.core.state_machine: Gesture detected: fist (conf: 0.90, State: CAMERA_MODE)
2026-05-10 01:29:17,890 [INFO] jarvis.core.state_machine: Gesture detected: three_fingers_down (conf: 0.90, State: CAMERA_MODE)
2026-05-10 01:29:18,019 [INFO] jarvis.core.state_machine: Gesture detected: three_fingers_down (conf: 0.90, State: CAMERA_MODE)
2026-05-10 01:29:18,081 [INFO] jarvis.core.state_machine: Gesture detected: fist (conf: 0.90, State: CAMERA_MODE)
2026-05-10 01:29:18,129 [INFO] jarvis.core.state_machine: Gesture detected: three_fingers_down (conf: 0.90, State: CAMERA_MODE)
2026-05-10 01:29:18,269 [INFO] jarvis.core.state_machine: Gesture detected: three_fingers_down (conf: 0.90, State: CAMERA_MODE)
2026-05-10 01:29:18,317 [INFO] jarvis.core.state_machine: Gesture detected: three_fingers_down (conf: 0.90, State: CAMERA_MODE)
2026-05-10 01:29:18,367 [INFO] jarvis.core.state_machine: Gesture detected: fist (conf: 0.90, State: CAMERA_MODE)
2026-05-10 01:29:21,660 [INFO] jarvis.core.state_machine: Gesture detected: open_palm (conf: 0.95, State: CAMERA_MODE)
2026-05-10 01:29:22,061 [INFO] jarvis.core.state_machine: Gesture detected: fist (conf: 0.90, State: CAMERA_MODE)
2026-05-10 01:29:24,655 [INFO] jarvis.core.state_machine: Gesture detected: one_index_up (conf: 0.95, State: CAMERA_MODE)
2026-05-10 01:29:24,821 [INFO] jarvis.vision.worker: Index Up confirmed (5 frames). Starting temp voice.
2026-05-10 01:29:24,826 [INFO] jarvis.core.state_machine: Temp voice listening activated in Camera Mode.
2026-05-10 01:29:24,831 [INFO] jarvis.audio.speech_recognition: Vosk is listening (shared stream)...
2026-05-10 01:29:26,272 [INFO] jarvis.audio.speech_recognition: Vosk Recognized: "good night"
2026-05-10 01:29:26,291 [INFO] jarvis.core.state_machine: Processing temp voice command: good night
2026-05-10 01:29:26,302 [INFO] jarvis.skills.system_controls: SKILL: Sleep Mode.
2026-05-10 01:29:26,302 [INFO] jarvis.core.agent: Local skill matched for: 'good night'
2026-05-10 01:29:26,338 [INFO] jarvis.audio.snap_detector: Snap detector activated.
2026-05-10 01:29:26,341 [INFO] jarvis.audio.snap_detector: Sound detected! Energy: 0.0125
2026-05-10 01:29:26,388 [INFO] jarvis.audio.snap_detector: Snap detected! Energy: 0.0479, Avg: 0.0070
2026-05-10 01:29:26,394 [INFO] jarvis.vision.worker: Vision mode set to: sleep
2026-05-10 01:29:28,283 [INFO] jarvis.core.state_machine: Gesture detected: open_palm (conf: 0.95, State: SNAP_DETECTED)
2026-05-10 01:29:28,398 [INFO] jarvis.audio.snap_detector: Snap detector activated.
2026-05-10 01:29:28,702 [INFO] jarvis.core.state_machine: Gesture detected: fist (conf: 0.90, State: SLEEP)
2026-05-10 01:29:30,359 [INFO] jarvis.core.state_machine: Gesture detected: open_palm (conf: 0.95, State: SLEEP)
2026-05-10 01:29:30,995 [INFO] jarvis.core.state_machine: Gesture detected: fist (conf: 0.90, State: SLEEP)
2026-05-10 01:29:30,996 [INFO] jarvis.core.state_machine: Emergency exit gesture triggered in Sleep Mode.
2026-05-10 01:29:31,837 [INFO] jarvis.audio.snap_detector: Sound detected! Energy: 0.0396
2026-05-10 01:29:31,837 [INFO] jarvis.audio.snap_detector: Snap detected! Energy: 0.0396, Avg: 0.0010
2026-05-11 03:31:23,622 [INFO] Jarvis: Starting Jarvis Assistant...
2026-05-11 03:31:23,624 [INFO] jarvis.core.agent: Loaded identity profile (5070 chars).
2026-05-11 03:31:23,624 [INFO] jarvis.core.agent: Gemini AI REST client initialised.
2026-05-11 03:31:24,911 [INFO] jarvis.core.state_machine: State Machine started in STANDBY.
2026-05-11 03:31:24,912 [INFO] jarvis.audio.speech_recognition: Loading Vosk model from: vosk-model-small-en-us-0.15
2026-05-11 03:31:25,616 [INFO] jarvis.audio.microphone: Microphone stream started (Device: Default).
2026-05-11 03:31:25,617 [INFO] jarvis.audio.snap_detector: Snap detector activated.
2026-05-11 03:31:25,617 [INFO] Jarvis: Jarvis is ready.
2026-05-11 03:31:25,617 [INFO] Jarvis:   Wake phrase    : 'daddy home'
2026-05-11 03:31:25,617 [INFO] Jarvis:   Shutdown phrase: 'goodbye jojo'
2026-05-11 03:31:26,892 [INFO] jarvis.audio.snap_detector: Sound detected! Energy: 0.0170
2026-05-11 03:31:26,892 [INFO] jarvis.audio.snap_detector: Snap detected! Energy: 0.0170, Avg: 0.0024
2026-05-11 03:32:50,096 [INFO] Jarvis: Starting Jarvis Assistant...
2026-05-11 03:32:50,096 [INFO] jarvis.core.agent: Loaded identity profile (5070 chars).
2026-05-11 03:32:50,096 [INFO] jarvis.core.agent: Gemini AI REST client initialised.
2026-05-11 03:32:50,921 [INFO] jarvis.core.state_machine: State Machine started in STANDBY.
2026-05-11 03:32:50,923 [INFO] jarvis.audio.speech_recognition: Loading Vosk model from: vosk-model-small-en-us-0.15
2026-05-11 03:32:51,552 [INFO] jarvis.audio.microphone: Microphone stream started (Device: Default).
2026-05-11 03:32:51,553 [INFO] jarvis.audio.snap_detector: Snap detector activated.
2026-05-11 03:32:51,553 [INFO] Jarvis: Jarvis is ready.
2026-05-11 03:32:51,553 [INFO] Jarvis:   Wake phrase    : 'daddy home'
2026-05-11 03:32:51,553 [INFO] Jarvis:   Shutdown phrase: 'goodbye jojo'
2026-05-11 03:32:51,658 [INFO] jarvis.audio.snap_detector: Sound detected! Energy: 0.0100
2026-05-11 03:32:52,689 [INFO] jarvis.audio.snap_detector: Sound detected! Energy: 0.0119
2026-05-11 03:32:53,705 [INFO] jarvis.audio.snap_detector: Sound detected! Energy: 0.0108
2026-05-11 03:32:54,715 [INFO] jarvis.audio.snap_detector: Sound detected! Energy: 0.0175
2026-05-11 03:32:55,751 [INFO] jarvis.audio.snap_detector: Sound detected! Energy: 0.0163
2026-05-11 03:32:56,765 [INFO] jarvis.audio.snap_detector: Sound detected! Energy: 0.0134
2026-05-11 03:32:57,797 [INFO] jarvis.audio.snap_detector: Sound detected! Energy: 0.0900
2026-05-11 03:32:58,812 [INFO] jarvis.audio.snap_detector: Sound detected! Energy: 0.0168
2026-05-11 03:32:59,975 [INFO] jarvis.audio.snap_detector: Sound detected! Energy: 0.2150
2026-05-11 03:32:59,975 [INFO] jarvis.audio.snap_detector: Snap detected! Energy: 0.2150, Avg: 0.0169
2026-05-11 03:33:00,991 [INFO] jarvis.audio.snap_detector: Sound detected! Energy: 0.0140
2026-05-11 03:33:25,335 [INFO] Jarvis: Starting Jarvis Assistant...
2026-05-11 03:33:25,335 [INFO] jarvis.core.agent: Loaded identity profile (5070 chars).
2026-05-11 03:33:25,335 [INFO] jarvis.core.agent: Gemini AI REST client initialised.
2026-05-11 03:33:26,346 [INFO] jarvis.core.state_machine: State Machine started in STANDBY.
2026-05-11 03:33:26,348 [INFO] jarvis.audio.speech_recognition: Loading Vosk model from: vosk-model-small-en-us-0.15
2026-05-11 03:33:26,907 [INFO] jarvis.audio.microphone: Microphone stream started (Device: Default).
2026-05-11 03:33:26,907 [INFO] jarvis.audio.snap_detector: Snap detector activated.
2026-05-11 03:33:26,907 [INFO] Jarvis: Jarvis is ready.
2026-05-11 03:33:26,908 [INFO] Jarvis:   Wake phrase    : 'daddy home'
2026-05-11 03:33:26,908 [INFO] Jarvis:   Shutdown phrase: 'goodbye jojo'
2026-05-11 03:33:27,293 [INFO] jarvis.audio.snap_detector: Sound detected! Energy: 0.0101
2026-05-11 03:33:28,548 [INFO] jarvis.audio.snap_detector: Sound detected! Energy: 0.0941
2026-05-11 03:33:28,548 [INFO] jarvis.audio.snap_detector: Snap detected! Energy: 0.0941, Avg: 0.0096
2026-05-11 03:33:29,564 [INFO] jarvis.audio.snap_detector: Sound detected! Energy: 0.0140
2026-05-11 03:33:30,545 [INFO] jarvis.audio.snap_detector: Snap detector activated.
2026-05-11 03:33:30,593 [INFO] jarvis.audio.snap_detector: Sound detected! Energy: 0.0103
2026-05-11 03:33:31,612 [INFO] jarvis.audio.snap_detector: Sound detected! Energy: 0.0105
2026-05-11 03:33:32,634 [INFO] jarvis.audio.snap_detector: Sound detected! Energy: 0.0129
2026-05-11 03:33:34,019 [INFO] jarvis.audio.snap_detector: Sound detected! Energy: 0.0114
2026-05-11 03:33:34,168 [INFO] jarvis.audio.snap_detector: Snap detected! Energy: 0.1474, Avg: 0.0126
2026-05-11 03:33:35,041 [INFO] jarvis.audio.snap_detector: Sound detected! Energy: 0.0394
2026-05-11 03:33:35,925 [INFO] jarvis.audio.snap_detector: Snap detected! Energy: 0.1602, Avg: 0.0228
2026-05-11 03:33:35,941 [INFO] jarvis.audio.speech_recognition: Vosk is listening (shared stream)...
2026-05-11 03:33:36,198 [INFO] jarvis.audio.snap_detector: Sound detected! Energy: 0.2332
2026-05-11 03:33:37,798 [INFO] jarvis.audio.speech_recognition: Vosk Recognized: "daddy home"
2026-05-11 03:33:37,800 [INFO] jarvis.audio.snap_detector: Snap detector deactivated.
2026-05-11 03:33:37,800 [INFO] jarvis.vision.worker: Vision mode set to: none
2026-05-11 03:33:37,990 [INFO] jarvis.audio.speech_recognition: Vosk is listening (shared stream)...
2026-05-11 03:33:41,033 [INFO] jarvis.audio.speech_recognition: Vosk Recognized: "control on"
2026-05-11 03:33:41,042 [INFO] jarvis.audio.snap_detector: Snap detector deactivated.
2026-05-11 03:33:41,175 [INFO] jarvis.vision.worker: Vision Worker started.
2026-05-11 03:33:41,306 [INFO] jarvis.vision.worker: Vision mode set to: control
2026-05-11 03:33:41,307 [INFO] jarvis.core.agent: Local skill matched for: 'control on'
2026-05-11 03:33:41,345 [INFO] jarvis.core.state_machine: Voice mode loop ended. Current state: CONTROL_MODE
2026-05-11 03:33:41,469 [WARNING] jarvis.core.state_machine: Unknown attention state: UNKNOWN
2026-05-11 03:34:02,252 [INFO] jarvis.vision.worker: Click (Gesture).
2026-05-11 03:34:09,793 [INFO] jarvis.vision.worker: Drag started.
2026-05-11 03:34:09,926 [INFO] jarvis.vision.worker: Drag released.
2026-05-11 03:34:10,678 [INFO] jarvis.vision.worker: Click (Gesture).
2026-05-11 03:34:12,278 [INFO] jarvis.vision.worker: Click (Gesture).
2026-05-11 03:34:13,821 [INFO] jarvis.core.state_machine: Gesture detected: rock_sign (conf: 0.95, State: CONTROL_MODE)
2026-05-11 03:34:13,821 [INFO] jarvis.core.state_machine: Exit gesture 'rock_sign' triggered in Control Mode.
2026-05-11 03:34:13,821 [INFO] jarvis.core.state_machine: Exiting Control Mode -> Falling back to Camera Mode
2026-05-11 03:34:13,821 [INFO] jarvis.audio.snap_detector: Snap detector deactivated.
2026-05-11 03:34:13,872 [INFO] jarvis.vision.worker: Vision mode set to: camera
2026-05-11 03:34:13,949 [INFO] jarvis.core.state_machine: Gesture detected: rock_sign (conf: 0.95, State: CAMERA_MODE)
2026-05-11 03:34:14,219 [INFO] jarvis.core.state_machine: Gesture detected: open_palm (conf: 0.95, State: CAMERA_MODE)
2026-05-11 03:34:16,723 [INFO] jarvis.core.state_machine: Gesture detected: three_fingers_down (conf: 0.90, State: CAMERA_MODE)
2026-05-11 03:34:16,852 [INFO] jarvis.core.state_machine: Gesture detected: rock_sign (conf: 0.95, State: CAMERA_MODE)
2026-05-11 03:34:16,852 [INFO] jarvis.core.state_machine: Exit gesture 'rock_sign' triggered in Camera Mode.
2026-05-11 03:34:16,857 [INFO] jarvis.core.state_machine: Exiting Camera Mode -> Returning to Voice Mode
2026-05-11 03:34:16,857 [INFO] jarvis.vision.worker: Vision mode set to: none
2026-05-11 03:34:16,897 [INFO] jarvis.vision.worker: Vision Worker stopped.
2026-05-11 03:34:16,898 [INFO] jarvis.audio.snap_detector: Snap detector deactivated.
2026-05-11 03:34:16,964 [INFO] jarvis.audio.snap_detector: Snap detector deactivated.
2026-05-11 03:34:16,964 [INFO] jarvis.vision.worker: Vision mode set to: none
2026-05-11 03:34:17,061 [INFO] jarvis.audio.speech_recognition: Vosk is listening (shared stream)...
2026-05-11 03:34:27,130 [INFO] jarvis.audio.speech_recognition: Requesting Google Cloud fallback recognition...
2026-05-11 03:45:45,725 [INFO] Jarvis: Starting Jarvis Assistant...
2026-05-11 03:45:45,727 [INFO] jarvis.core.agent: Loaded identity profile (5070 chars).
2026-05-11 03:45:45,728 [INFO] jarvis.core.agent: Gemini AI REST client initialised.
2026-05-11 03:45:48,918 [INFO] jarvis.core.state_machine: State Machine started in STANDBY.
2026-05-11 03:45:48,920 [INFO] jarvis.audio.speech_recognition: Loading Vosk model from: vosk-model-small-en-us-0.15
2026-05-11 03:45:49,978 [INFO] jarvis.audio.speech_recognition: Vosk initialized successfully.
2026-05-11 03:45:50,016 [INFO] jarvis.audio.microphone: Microphone stream started (Device: Default).
2026-05-11 03:45:50,017 [INFO] jarvis.audio.snap_detector: Snap detector activated.
2026-05-11 03:45:50,017 [INFO] Jarvis: Jarvis is ready.
2026-05-11 03:45:50,017 [INFO] Jarvis:   Wake phrase    : 'daddy home'
2026-05-11 03:45:50,017 [INFO] Jarvis:   Shutdown phrase: 'goodbye jojo'
2026-05-11 03:45:50,195 [INFO] jarvis.audio.snap_detector: Sound detected! Energy: 0.0158
2026-05-11 03:45:50,521 [INFO] jarvis.audio.snap_detector: Snap detected! Energy: 0.0284, Avg: 0.0043
2026-05-11 03:45:51,876 [INFO] jarvis.audio.snap_detector: Sound detected! Energy: 0.0710
2026-05-11 03:45:51,876 [INFO] jarvis.audio.snap_detector: Snap detected! Energy: 0.0710, Avg: 0.0108
2026-05-11 03:45:51,885 [INFO] jarvis.audio.speech_recognition: Vosk is listening (shared stream)...
2026-05-11 03:45:52,254 [INFO] jarvis.audio.snap_detector: Snap detected! Energy: 0.0400, Avg: 0.0045
2026-05-11 03:45:52,664 [INFO] jarvis.audio.snap_detector: Snap detected! Energy: 0.0481, Avg: 0.0067
2026-05-11 03:45:52,884 [INFO] jarvis.audio.snap_detector: Sound detected! Energy: 0.0433
2026-05-11 03:45:53,965 [INFO] jarvis.audio.speech_recognition: Vosk Recognized: "daddy home"
2026-05-11 03:45:53,966 [INFO] jarvis.audio.snap_detector: Snap detector deactivated.
2026-05-11 03:45:53,968 [INFO] jarvis.vision.worker: Vision mode set to: none
2026-05-11 03:45:54,130 [INFO] jarvis.audio.speech_recognition: Vosk is listening (shared stream)...
2026-05-11 03:45:59,811 [INFO] jarvis.audio.speech_recognition: Vosk Recognized: "for the green"
2026-05-11 03:45:59,811 [INFO] jarvis.audio.speech_recognition: Vosk recognized 'for the green', but it doesn't match a command. Falling back to Google...
2026-05-11 03:45:59,811 [INFO] jarvis.audio.speech_recognition: Requesting Google Cloud fallback recognition...
2026-05-11 03:46:00,388 [INFO] jarvis.audio.speech_recognition: Google Fallback Recognized: 'who's the green'
2026-05-11 03:46:04,000 [INFO] jarvis.core.agent: Gemini requested tool: search_web
2026-05-11 03:46:04,117 [ERROR] qasync._QEventLoop: Exception in callback Task.task_wakeup(<Future finished result=None>)
handle: <Handle Task.task_wakeup(<Future finished result=None>)>
Traceback (most recent call last):
  File "C:\Program Files\WindowsApps\PythonSoftwareFoundation.Python.3.11_3.11.2544.0_x64__qbz5n2kfra8p0\Lib\asyncio\events.py", line 84, in _run
    self._context.run(self._callback, *self._args)
RuntimeError: Cannot enter into task <Task pending name='Task-1' coro=<main() running at d:\Desktop\Code\personal\project\Jarvis_demo\main.py:91> wait_for=<Future finished result=None> cb=[_QEventLoop.run_until_complete.<locals>.stop() at D:\Desktop\Code\personal\project\Jarvis_demo\.venv\Lib\site-packages\qasync\__init__.py:423]> while another task <Task pending name='Task-15' coro=<JarvisStateMachine._enter_waiting_wake_word() running at d:\Desktop\Code\personal\project\Jarvis_demo\jarvis\core\state_machine.py:174>> is being executed.
2026-05-11 03:46:04,793 [INFO] jarvis.audio.speech_recognition: Vosk is listening (shared stream)...
2026-05-11 03:46:12,721 [INFO] jarvis.audio.speech_recognition: Vosk Recognized: "control on"
2026-05-11 03:46:12,731 [INFO] jarvis.audio.snap_detector: Snap detector deactivated.
2026-05-11 03:46:12,852 [INFO] jarvis.vision.worker: Vision Worker started.
2026-05-11 03:46:12,881 [INFO] jarvis.vision.worker: Vision mode set to: control
2026-05-11 03:46:12,882 [INFO] jarvis.core.agent: Local skill matched for: 'control on'
2026-05-11 03:46:12,907 [INFO] jarvis.core.state_machine: Voice mode loop ended. Current state: CONTROL_MODE
2026-05-11 03:46:13,086 [WARNING] jarvis.core.state_machine: Unknown attention state: UNKNOWN
2026-05-11 03:46:18,461 [INFO] jarvis.vision.worker: Click (Gesture).
2026-05-11 03:46:19,596 [INFO] jarvis.vision.worker: Click (Gesture).
2026-05-11 03:46:19,850 [INFO] jarvis.vision.worker: Double Click (Gesture).
2026-05-11 03:46:28,073 [INFO] jarvis.vision.worker: Click (Gesture).
2026-05-11 03:46:30,745 [INFO] jarvis.vision.worker: Click (Gesture).
2026-05-11 03:46:31,769 [INFO] jarvis.vision.worker: Click (Gesture).
2026-05-11 03:46:32,788 [INFO] jarvis.vision.worker: Click (Gesture).
2026-05-11 03:47:28,583 [INFO] jarvis.vision.worker: Click (Gesture).
2026-05-11 03:47:30,173 [INFO] jarvis.vision.worker: Click (Gesture).
2026-05-11 03:47:44,712 [INFO] jarvis.vision.worker: Drag started.
2026-05-11 03:47:44,859 [INFO] jarvis.vision.worker: Drag released.
2026-05-11 03:47:45,804 [INFO] jarvis.vision.worker: Click (Gesture).
2026-05-11 03:48:07,276 [INFO] jarvis.vision.worker: Click (Gesture).
2026-05-11 03:48:07,405 [INFO] jarvis.core.state_machine: Gesture detected: rock_sign (conf: 0.95, State: CONTROL_MODE)
2026-05-11 03:48:07,406 [INFO] jarvis.core.state_machine: Exit gesture 'rock_sign' triggered in Control Mode.
2026-05-11 03:48:07,414 [INFO] jarvis.core.state_machine: Exiting Control Mode -> Falling back to Camera Mode
2026-05-11 03:48:07,414 [INFO] jarvis.audio.snap_detector: Snap detector deactivated.
2026-05-11 03:48:07,602 [INFO] jarvis.vision.worker: Vision mode set to: camera
2026-05-11 03:48:07,681 [INFO] jarvis.core.state_machine: Gesture detected: one_index_up (conf: 0.95, State: CAMERA_MODE)
2026-05-11 03:48:07,735 [INFO] jarvis.core.state_machine: Gesture detected: three_fingers_up (conf: 0.90, State: CAMERA_MODE)
2026-05-11 03:48:07,869 [INFO] jarvis.core.state_machine: Gesture detected: one_index_up (conf: 0.95, State: CAMERA_MODE)
2026-05-11 03:48:07,918 [INFO] jarvis.core.state_machine: Gesture detected: three_fingers_up (conf: 0.90, State: CAMERA_MODE)
2026-05-11 03:48:07,966 [INFO] jarvis.core.state_machine: Gesture detected: three_fingers_up (conf: 0.90, State: CAMERA_MODE)
2026-05-11 03:48:08,105 [INFO] jarvis.core.state_machine: Gesture detected: one_index_up (conf: 0.95, State: CAMERA_MODE)
2026-05-11 03:48:08,151 [INFO] jarvis.core.state_machine: Gesture detected: three_fingers_down (conf: 0.90, State: CAMERA_MODE)
2026-05-11 03:48:08,196 [INFO] jarvis.core.state_machine: Gesture detected: fist (conf: 0.90, State: CAMERA_MODE)
2026-05-11 03:48:09,174 [INFO] jarvis.core.state_machine: Gesture detected: one_index_up (conf: 0.95, State: CAMERA_MODE)
2026-05-11 03:48:09,230 [INFO] jarvis.core.state_machine: Gesture detected: three_fingers_up (conf: 0.90, State: CAMERA_MODE)
2026-05-11 03:48:09,358 [INFO] jarvis.core.state_machine: Gesture detected: three_fingers_up (conf: 0.90, State: CAMERA_MODE)
2026-05-11 03:48:09,415 [INFO] jarvis.core.state_machine: Gesture detected: one_index_up (conf: 0.95, State: CAMERA_MODE)
2026-05-11 03:48:09,468 [INFO] jarvis.core.state_machine: Gesture detected: three_fingers_up (conf: 0.90, State: CAMERA_MODE)
2026-05-11 03:48:10,704 [INFO] jarvis.core.state_machine: Gesture detected: fist (conf: 0.90, State: CAMERA_MODE)
2026-05-11 03:48:10,865 [INFO] jarvis.core.state_machine: Gesture detected: three_fingers_up (conf: 0.90, State: CAMERA_MODE)
2026-05-11 03:48:10,994 [INFO] jarvis.core.state_machine: Gesture detected: three_fingers_up (conf: 0.90, State: CAMERA_MODE)
2026-05-11 03:48:11,002 [INFO] jarvis.core.state_machine: Gesture detected: three_fingers_up (conf: 0.90, State: CAMERA_MODE)
2026-05-11 03:48:11,055 [INFO] jarvis.core.state_machine: Gesture detected: three_fingers_up (conf: 0.90, State: CAMERA_MODE)
2026-05-11 03:48:11,103 [INFO] jarvis.core.state_machine: Gesture detected: three_fingers_up (conf: 0.90, State: CAMERA_MODE)
2026-05-11 03:48:11,235 [INFO] jarvis.core.state_machine: Gesture detected: three_fingers_up (conf: 0.90, State: CAMERA_MODE)
2026-05-11 03:48:11,290 [INFO] jarvis.core.state_machine: Gesture detected: three_fingers_up (conf: 0.90, State: CAMERA_MODE)
2026-05-11 03:48:11,339 [INFO] jarvis.core.state_machine: Gesture detected: one_index_up (conf: 0.95, State: CAMERA_MODE)
2026-05-11 03:48:11,475 [INFO] jarvis.core.state_machine: Gesture detected: three_fingers_up (conf: 0.90, State: CAMERA_MODE)
2026-05-11 03:48:11,605 [INFO] jarvis.core.state_machine: Gesture detected: three_fingers_up (conf: 0.90, State: CAMERA_MODE)
2026-05-11 03:48:11,663 [INFO] jarvis.core.state_machine: Gesture detected: three_fingers_up (conf: 0.90, State: CAMERA_MODE)
2026-05-11 03:48:11,708 [INFO] jarvis.core.state_machine: Gesture detected: three_fingers_up (conf: 0.90, State: CAMERA_MODE)
2026-05-11 03:48:11,837 [INFO] jarvis.core.state_machine: Gesture detected: three_fingers_up (conf: 0.90, State: CAMERA_MODE)
2026-05-11 03:48:11,895 [INFO] jarvis.core.state_machine: Gesture detected: three_fingers_up (conf: 0.90, State: CAMERA_MODE)
2026-05-11 03:48:11,942 [INFO] jarvis.core.state_machine: Gesture detected: three_fingers_up (conf: 0.90, State: CAMERA_MODE)
2026-05-11 03:48:12,092 [INFO] jarvis.core.state_machine: Gesture detected: three_fingers_up (conf: 0.90, State: CAMERA_MODE)
2026-05-11 03:48:12,102 [INFO] jarvis.core.state_machine: Gesture detected: three_fingers_up (conf: 0.90, State: CAMERA_MODE)
2026-05-11 03:48:12,135 [INFO] jarvis.core.state_machine: Gesture detected: three_fingers_up (conf: 0.90, State: CAMERA_MODE)
2026-05-11 03:48:12,208 [INFO] jarvis.core.state_machine: Gesture detected: three_fingers_up (conf: 0.90, State: CAMERA_MODE)
2026-05-11 03:48:12,343 [INFO] jarvis.core.state_machine: Gesture detected: three_fingers_up (conf: 0.90, State: CAMERA_MODE)
2026-05-11 03:48:12,373 [INFO] jarvis.core.state_machine: Gesture detected: three_fingers_up (conf: 0.90, State: CAMERA_MODE)
2026-05-11 03:48:12,425 [INFO] jarvis.core.state_machine: Gesture detected: three_fingers_up (conf: 0.90, State: CAMERA_MODE)
2026-05-11 03:48:12,556 [INFO] jarvis.core.state_machine: Gesture detected: three_fingers_up (conf: 0.90, State: CAMERA_MODE)
2026-05-11 03:48:12,609 [INFO] jarvis.core.state_machine: Gesture detected: three_fingers_up (conf: 0.90, State: CAMERA_MODE)
2026-05-11 03:48:12,659 [INFO] jarvis.core.state_machine: Gesture detected: three_fingers_up (conf: 0.90, State: CAMERA_MODE)
2026-05-11 03:48:12,789 [INFO] jarvis.core.state_machine: Gesture detected: three_fingers_up (conf: 0.90, State: CAMERA_MODE)
2026-05-11 03:48:12,839 [INFO] jarvis.core.state_machine: Gesture detected: three_fingers_up (conf: 0.90, State: CAMERA_MODE)
2026-05-11 03:48:12,886 [INFO] jarvis.core.state_machine: Gesture detected: three_fingers_up (conf: 0.90, State: CAMERA_MODE)
2026-05-11 03:48:13,016 [INFO] jarvis.core.state_machine: Gesture detected: three_fingers_up (conf: 0.90, State: CAMERA_MODE)
2026-05-11 03:48:13,076 [INFO] jarvis.core.state_machine: Gesture detected: three_fingers_up (conf: 0.90, State: CAMERA_MODE)
2026-05-11 03:48:13,131 [INFO] jarvis.core.state_machine: Gesture detected: three_fingers_up (conf: 0.90, State: CAMERA_MODE)
2026-05-11 03:48:13,267 [INFO] jarvis.core.state_machine: Gesture detected: three_fingers_up (conf: 0.90, State: CAMERA_MODE)
2026-05-11 03:48:13,318 [INFO] jarvis.core.state_machine: Gesture detected: three_fingers_up (conf: 0.90, State: CAMERA_MODE)
2026-05-11 03:48:13,366 [INFO] jarvis.core.state_machine: Gesture detected: three_fingers_up (conf: 0.90, State: CAMERA_MODE)
2026-05-11 03:48:13,516 [INFO] jarvis.core.state_machine: Gesture detected: three_fingers_up (conf: 0.90, State: CAMERA_MODE)
2026-05-11 03:48:13,526 [INFO] jarvis.core.state_machine: Gesture detected: three_fingers_up (conf: 0.90, State: CAMERA_MODE)
2026-05-11 03:48:13,557 [INFO] jarvis.core.state_machine: Gesture detected: three_fingers_up (conf: 0.90, State: CAMERA_MODE)
2026-05-11 03:48:13,610 [INFO] jarvis.core.state_machine: Gesture detected: three_fingers_up (conf: 0.90, State: CAMERA_MODE)
2026-05-11 03:48:13,742 [INFO] jarvis.core.state_machine: Gesture detected: three_fingers_up (conf: 0.90, State: CAMERA_MODE)
2026-05-11 03:48:13,797 [INFO] jarvis.core.state_machine: Gesture detected: three_fingers_up (conf: 0.90, State: CAMERA_MODE)
2026-05-11 03:48:13,842 [INFO] jarvis.core.state_machine: Gesture detected: three_fingers_up (conf: 0.90, State: CAMERA_MODE)
2026-05-11 03:48:13,975 [INFO] jarvis.core.state_machine: Gesture detected: three_fingers_up (conf: 0.90, State: CAMERA_MODE)
2026-05-11 03:48:14,029 [INFO] jarvis.core.state_machine: Gesture detected: three_fingers_up (conf: 0.90, State: CAMERA_MODE)
2026-05-11 03:48:14,073 [INFO] jarvis.core.state_machine: Gesture detected: three_fingers_up (conf: 0.90, State: CAMERA_MODE)
2026-05-11 03:48:14,203 [INFO] jarvis.core.state_machine: Gesture detected: three_fingers_up (conf: 0.90, State: CAMERA_MODE)
2026-05-11 03:48:14,265 [INFO] jarvis.core.state_machine: Gesture detected: three_fingers_up (conf: 0.90, State: CAMERA_MODE)
2026-05-11 03:48:14,315 [INFO] jarvis.core.state_machine: Gesture detected: three_fingers_up (conf: 0.90, State: CAMERA_MODE)
2026-05-11 03:48:14,448 [INFO] jarvis.core.state_machine: Gesture detected: three_fingers_up (conf: 0.90, State: CAMERA_MODE)
2026-05-11 03:48:14,495 [INFO] jarvis.core.state_machine: Gesture detected: three_fingers_up (conf: 0.90, State: CAMERA_MODE)
2026-05-11 03:48:14,539 [INFO] jarvis.core.state_machine: Gesture detected: three_fingers_up (conf: 0.90, State: CAMERA_MODE)
2026-05-11 03:48:14,671 [INFO] jarvis.core.state_machine: Gesture detected: three_fingers_up (conf: 0.90, State: CAMERA_MODE)
2026-05-11 03:48:14,734 [INFO] jarvis.core.state_machine: Gesture detected: three_fingers_up (conf: 0.90, State: CAMERA_MODE)
2026-05-11 03:48:14,781 [INFO] jarvis.core.state_machine: Gesture detected: three_fingers_up (conf: 0.90, State: CAMERA_MODE)
2026-05-11 03:48:14,911 [INFO] jarvis.core.state_machine: Gesture detected: fist (conf: 0.90, State: CAMERA_MODE)
2026-05-11 03:48:15,811 [INFO] jarvis.core.state_machine: Gesture detected: open_palm (conf: 0.95, State: CAMERA_MODE)
2026-05-11 03:48:15,998 [INFO] jarvis.core.state_machine: Gesture detected: three_fingers_up (conf: 0.90, State: CAMERA_MODE)
2026-05-11 03:48:16,126 [INFO] jarvis.core.state_machine: Gesture detected: fist (conf: 0.90, State: CAMERA_MODE)
2026-05-11 03:48:18,334 [INFO] jarvis.core.state_machine: Gesture detected: fist (conf: 0.90, State: CAMERA_MODE)
2026-05-11 03:48:20,873 [INFO] jarvis.core.state_machine: Gesture detected: fist (conf: 0.90, State: CAMERA_MODE)
2026-05-11 03:48:21,245 [INFO] jarvis.core.state_machine: Gesture detected: fist (conf: 0.90, State: CAMERA_MODE)
2026-05-11 03:48:21,291 [INFO] jarvis.core.state_machine: Gesture detected: three_fingers_down (conf: 0.90, State: CAMERA_MODE)
2026-05-11 03:48:21,422 [INFO] jarvis.core.state_machine: Gesture detected: fist (conf: 0.90, State: CAMERA_MODE)
2026-05-11 03:48:21,486 [INFO] jarvis.core.state_machine: Gesture detected: three_fingers_down (conf: 0.90, State: CAMERA_MODE)
2026-05-11 03:48:21,527 [INFO] jarvis.core.state_machine: Gesture detected: fist (conf: 0.90, State: CAMERA_MODE)
2026-05-11 03:48:21,619 [INFO] jarvis.core.state_machine: Gesture detected: three_fingers_down (conf: 0.90, State: CAMERA_MODE)
2026-05-11 03:48:21,753 [INFO] jarvis.core.state_machine: Gesture detected: three_fingers_down (conf: 0.90, State: CAMERA_MODE)
2026-05-11 03:48:21,808 [INFO] jarvis.core.state_machine: Gesture detected: fist (conf: 0.90, State: CAMERA_MODE)
2026-05-11 03:48:21,898 [INFO] jarvis.core.state_machine: Gesture detected: three_fingers_down (conf: 0.90, State: CAMERA_MODE)
2026-05-11 03:48:22,032 [INFO] jarvis.core.state_machine: Gesture detected: three_fingers_down (conf: 0.90, State: CAMERA_MODE)
2026-05-11 03:48:22,094 [INFO] jarvis.core.state_machine: Gesture detected: three_fingers_down (conf: 0.90, State: CAMERA_MODE)
2026-05-11 03:48:22,130 [INFO] jarvis.core.state_machine: Gesture detected: three_fingers_down (conf: 0.90, State: CAMERA_MODE)
2026-05-11 03:48:22,271 [INFO] jarvis.core.state_machine: Gesture detected: three_fingers_down (conf: 0.90, State: CAMERA_MODE)
2026-05-11 03:48:22,329 [INFO] jarvis.core.state_machine: Gesture detected: three_fingers_down (conf: 0.90, State: CAMERA_MODE)
2026-05-11 03:48:22,365 [INFO] jarvis.core.state_machine: Gesture detected: three_fingers_down (conf: 0.90, State: CAMERA_MODE)
2026-05-11 03:48:22,509 [INFO] jarvis.core.state_machine: Gesture detected: three_fingers_down (conf: 0.90, State: CAMERA_MODE)
2026-05-11 03:48:22,564 [INFO] jarvis.core.state_machine: Gesture detected: three_fingers_down (conf: 0.90, State: CAMERA_MODE)
2026-05-11 03:48:22,638 [INFO] jarvis.core.state_machine: Gesture detected: three_fingers_down (conf: 0.90, State: CAMERA_MODE)
2026-05-11 03:48:22,772 [INFO] jarvis.core.state_machine: Gesture detected: three_fingers_down (conf: 0.90, State: CAMERA_MODE)
2026-05-11 03:48:22,786 [INFO] jarvis.core.state_machine: Gesture detected: three_fingers_down (conf: 0.90, State: CAMERA_MODE)
2026-05-11 03:48:22,844 [INFO] jarvis.core.state_machine: Gesture detected: three_fingers_down (conf: 0.90, State: CAMERA_MODE)
2026-05-11 03:48:22,979 [INFO] jarvis.core.state_machine: Gesture detected: three_fingers_down (conf: 0.90, State: CAMERA_MODE)
2026-05-11 03:48:23,023 [INFO] jarvis.core.state_machine: Gesture detected: three_fingers_down (conf: 0.90, State: CAMERA_MODE)
2026-05-11 03:48:23,070 [INFO] jarvis.core.state_machine: Gesture detected: three_fingers_down (conf: 0.90, State: CAMERA_MODE)
2026-05-11 03:48:23,209 [INFO] jarvis.core.state_machine: Gesture detected: three_fingers_down (conf: 0.90, State: CAMERA_MODE)
2026-05-11 03:48:23,279 [INFO] jarvis.core.state_machine: Gesture detected: three_fingers_down (conf: 0.90, State: CAMERA_MODE)
2026-05-11 03:48:23,421 [INFO] jarvis.core.state_machine: Gesture detected: three_fingers_down (conf: 0.90, State: CAMERA_MODE)
2026-05-11 03:48:23,480 [INFO] jarvis.core.state_machine: Gesture detected: three_fingers_down (conf: 0.90, State: CAMERA_MODE)
2026-05-11 03:48:23,520 [INFO] jarvis.core.state_machine: Gesture detected: three_fingers_down (conf: 0.90, State: CAMERA_MODE)
2026-05-11 03:48:23,657 [INFO] jarvis.core.state_machine: Gesture detected: three_fingers_down (conf: 0.90, State: CAMERA_MODE)
2026-05-11 03:48:23,712 [INFO] jarvis.core.state_machine: Gesture detected: three_fingers_down (conf: 0.90, State: CAMERA_MODE)
2026-05-11 03:48:23,750 [INFO] jarvis.core.state_machine: Gesture detected: three_fingers_down (conf: 0.90, State: CAMERA_MODE)
2026-05-11 03:48:23,885 [INFO] jarvis.core.state_machine: Gesture detected: three_fingers_down (conf: 0.90, State: CAMERA_MODE)
2026-05-11 03:48:23,940 [INFO] jarvis.core.state_machine: Gesture detected: three_fingers_down (conf: 0.90, State: CAMERA_MODE)
2026-05-11 03:48:23,989 [INFO] jarvis.core.state_machine: Gesture detected: three_fingers_down (conf: 0.90, State: CAMERA_MODE)
2026-05-11 03:48:24,128 [INFO] jarvis.core.state_machine: Gesture detected: three_fingers_down (conf: 0.90, State: CAMERA_MODE)
2026-05-11 03:48:24,173 [INFO] jarvis.core.state_machine: Gesture detected: three_fingers_down (conf: 0.90, State: CAMERA_MODE)
2026-05-11 03:48:24,219 [INFO] jarvis.core.state_machine: Gesture detected: three_fingers_down (conf: 0.90, State: CAMERA_MODE)
2026-05-11 03:48:24,354 [INFO] jarvis.core.state_machine: Gesture detected: three_fingers_down (conf: 0.90, State: CAMERA_MODE)
2026-05-11 03:48:24,408 [INFO] jarvis.core.state_machine: Gesture detected: three_fingers_down (conf: 0.90, State: CAMERA_MODE)
2026-05-11 03:48:24,450 [INFO] jarvis.core.state_machine: Gesture detected: fist (conf: 0.90, State: CAMERA_MODE)
2026-05-11 03:48:25,019 [INFO] jarvis.core.state_machine: Gesture detected: three_fingers_up (conf: 0.90, State: CAMERA_MODE)
2026-05-11 03:48:25,150 [INFO] jarvis.core.state_machine: Gesture detected: three_fingers_up (conf: 0.90, State: CAMERA_MODE)
2026-05-11 03:48:25,192 [INFO] jarvis.core.state_machine: Gesture detected: three_fingers_up (conf: 0.90, State: CAMERA_MODE)
2026-05-11 03:48:25,240 [INFO] jarvis.core.state_machine: Gesture detected: three_fingers_up (conf: 0.90, State: CAMERA_MODE)
2026-05-11 03:48:25,376 [INFO] jarvis.core.state_machine: Gesture detected: three_fingers_up (conf: 0.90, State: CAMERA_MODE)
2026-05-11 03:48:25,441 [INFO] jarvis.core.state_machine: Gesture detected: three_fingers_up (conf: 0.90, State: CAMERA_MODE)
2026-05-11 03:48:25,578 [INFO] jarvis.core.state_machine: Gesture detected: three_fingers_up (conf: 0.90, State: CAMERA_MODE)
2026-05-11 03:48:25,621 [INFO] jarvis.core.state_machine: Gesture detected: three_fingers_up (conf: 0.90, State: CAMERA_MODE)
2026-05-11 03:48:25,668 [INFO] jarvis.core.state_machine: Gesture detected: three_fingers_up (conf: 0.90, State: CAMERA_MODE)
2026-05-11 03:48:25,803 [INFO] jarvis.core.state_machine: Gesture detected: three_fingers_up (conf: 0.90, State: CAMERA_MODE)
2026-05-11 03:48:25,855 [INFO] jarvis.core.state_machine: Gesture detected: three_fingers_up (conf: 0.90, State: CAMERA_MODE)
2026-05-11 03:48:25,904 [INFO] jarvis.core.state_machine: Gesture detected: three_fingers_up (conf: 0.90, State: CAMERA_MODE)
2026-05-11 03:48:26,043 [INFO] jarvis.core.state_machine: Gesture detected: three_fingers_up (conf: 0.90, State: CAMERA_MODE)
2026-05-11 03:48:26,092 [INFO] jarvis.core.state_machine: Gesture detected: three_fingers_up (conf: 0.90, State: CAMERA_MODE)
2026-05-11 03:48:26,142 [INFO] jarvis.core.state_machine: Gesture detected: three_fingers_up (conf: 0.90, State: CAMERA_MODE)
2026-05-11 03:48:26,283 [INFO] jarvis.core.state_machine: Gesture detected: three_fingers_up (conf: 0.90, State: CAMERA_MODE)
2026-05-11 03:48:26,326 [INFO] jarvis.core.state_machine: Gesture detected: three_fingers_up (conf: 0.90, State: CAMERA_MODE)
2026-05-11 03:48:26,371 [INFO] jarvis.core.state_machine: Gesture detected: three_fingers_up (conf: 0.90, State: CAMERA_MODE)
2026-05-11 03:48:26,508 [INFO] jarvis.core.state_machine: Gesture detected: three_fingers_up (conf: 0.90, State: CAMERA_MODE)
2026-05-11 03:48:26,557 [INFO] jarvis.core.state_machine: Gesture detected: three_fingers_up (conf: 0.90, State: CAMERA_MODE)
2026-05-11 03:48:26,603 [INFO] jarvis.core.state_machine: Gesture detected: three_fingers_up (conf: 0.90, State: CAMERA_MODE)
2026-05-11 03:48:26,739 [INFO] jarvis.core.state_machine: Gesture detected: three_fingers_up (conf: 0.90, State: CAMERA_MODE)
2026-05-11 03:48:26,790 [INFO] jarvis.core.state_machine: Gesture detected: three_fingers_up (conf: 0.90, State: CAMERA_MODE)
2026-05-11 03:48:26,841 [INFO] jarvis.core.state_machine: Gesture detected: three_fingers_up (conf: 0.90, State: CAMERA_MODE)
2026-05-11 03:48:26,973 [INFO] jarvis.core.state_machine: Gesture detected: three_fingers_up (conf: 0.90, State: CAMERA_MODE)
2026-05-11 03:48:27,028 [INFO] jarvis.core.state_machine: Gesture detected: three_fingers_up (conf: 0.90, State: CAMERA_MODE)
2026-05-11 03:48:27,078 [INFO] jarvis.core.state_machine: Gesture detected: three_fingers_up (conf: 0.90, State: CAMERA_MODE)
2026-05-11 03:48:27,213 [INFO] jarvis.core.state_machine: Gesture detected: three_fingers_up (conf: 0.90, State: CAMERA_MODE)
2026-05-11 03:48:27,263 [INFO] jarvis.core.state_machine: Gesture detected: three_fingers_up (conf: 0.90, State: CAMERA_MODE)
2026-05-11 03:48:27,314 [INFO] jarvis.core.state_machine: Gesture detected: three_fingers_up (conf: 0.90, State: CAMERA_MODE)
2026-05-11 03:48:27,454 [INFO] jarvis.core.state_machine: Gesture detected: three_fingers_up (conf: 0.90, State: CAMERA_MODE)
2026-05-11 03:48:27,501 [INFO] jarvis.core.state_machine: Gesture detected: three_fingers_up (conf: 0.90, State: CAMERA_MODE)
2026-05-11 03:48:27,553 [INFO] jarvis.core.state_machine: Gesture detected: three_fingers_up (conf: 0.90, State: CAMERA_MODE)
2026-05-11 03:48:27,698 [INFO] jarvis.core.state_machine: Gesture detected: three_fingers_up (conf: 0.90, State: CAMERA_MODE)
2026-05-11 03:48:27,741 [INFO] jarvis.core.state_machine: Gesture detected: three_fingers_up (conf: 0.90, State: CAMERA_MODE)
2026-05-11 03:48:27,780 [INFO] jarvis.core.state_machine: Gesture detected: three_fingers_up (conf: 0.90, State: CAMERA_MODE)
2026-05-11 03:48:27,915 [INFO] jarvis.core.state_machine: Gesture detected: three_fingers_up (conf: 0.90, State: CAMERA_MODE)
2026-05-11 03:48:27,964 [INFO] jarvis.core.state_machine: Gesture detected: three_fingers_up (conf: 0.90, State: CAMERA_MODE)
2026-05-11 03:48:28,016 [INFO] jarvis.core.state_machine: Gesture detected: three_fingers_up (conf: 0.90, State: CAMERA_MODE)
2026-05-11 03:48:28,157 [INFO] jarvis.core.state_machine: Gesture detected: three_fingers_up (conf: 0.90, State: CAMERA_MODE)
2026-05-11 03:48:28,196 [INFO] jarvis.core.state_machine: Gesture detected: three_fingers_up (conf: 0.90, State: CAMERA_MODE)
2026-05-11 03:48:28,244 [INFO] jarvis.core.state_machine: Gesture detected: three_fingers_up (conf: 0.90, State: CAMERA_MODE)
2026-05-11 03:48:28,380 [INFO] jarvis.core.state_machine: Gesture detected: three_fingers_up (conf: 0.90, State: CAMERA_MODE)
2026-05-11 03:48:28,444 [INFO] jarvis.core.state_machine: Gesture detected: three_fingers_up (conf: 0.90, State: CAMERA_MODE)
2026-05-11 03:48:28,480 [INFO] jarvis.core.state_machine: Gesture detected: three_fingers_up (conf: 0.90, State: CAMERA_MODE)
2026-05-11 03:48:28,614 [INFO] jarvis.core.state_machine: Gesture detected: three_fingers_up (conf: 0.90, State: CAMERA_MODE)
2026-05-11 03:48:28,675 [INFO] jarvis.core.state_machine: Gesture detected: three_fingers_up (conf: 0.90, State: CAMERA_MODE)
2026-05-11 03:48:28,712 [INFO] jarvis.core.state_machine: Gesture detected: three_fingers_up (conf: 0.90, State: CAMERA_MODE)
2026-05-11 03:48:28,848 [INFO] jarvis.core.state_machine: Gesture detected: three_fingers_up (conf: 0.90, State: CAMERA_MODE)
2026-05-11 03:48:28,903 [INFO] jarvis.core.state_machine: Gesture detected: three_fingers_up (conf: 0.90, State: CAMERA_MODE)
2026-05-11 03:48:28,958 [INFO] jarvis.core.state_machine: Gesture detected: three_fingers_up (conf: 0.90, State: CAMERA_MODE)
2026-05-11 03:48:29,092 [INFO] jarvis.core.state_machine: Gesture detected: three_fingers_up (conf: 0.90, State: CAMERA_MODE)
2026-05-11 03:48:29,143 [INFO] jarvis.core.state_machine: Gesture detected: three_fingers_up (conf: 0.90, State: CAMERA_MODE)
2026-05-11 03:48:29,183 [INFO] jarvis.core.state_machine: Gesture detected: three_fingers_up (conf: 0.90, State: CAMERA_MODE)
2026-05-11 03:48:29,320 [INFO] jarvis.core.state_machine: Gesture detected: three_fingers_up (conf: 0.90, State: CAMERA_MODE)
2026-05-11 03:48:29,373 [INFO] jarvis.core.state_machine: Gesture detected: three_fingers_up (conf: 0.90, State: CAMERA_MODE)
2026-05-11 03:48:29,419 [INFO] jarvis.core.state_machine: Gesture detected: three_fingers_up (conf: 0.90, State: CAMERA_MODE)
2026-05-11 03:48:29,557 [INFO] jarvis.core.state_machine: Gesture detected: three_fingers_up (conf: 0.90, State: CAMERA_MODE)
2026-05-11 03:48:29,611 [INFO] jarvis.core.state_machine: Gesture detected: three_fingers_up (conf: 0.90, State: CAMERA_MODE)
2026-05-11 03:48:29,650 [INFO] jarvis.core.state_machine: Gesture detected: three_fingers_up (conf: 0.90, State: CAMERA_MODE)
2026-05-11 03:48:29,785 [INFO] jarvis.core.state_machine: Gesture detected: three_fingers_up (conf: 0.90, State: CAMERA_MODE)
2026-05-11 03:48:29,840 [INFO] jarvis.core.state_machine: Gesture detected: three_fingers_up (conf: 0.90, State: CAMERA_MODE)
2026-05-11 03:48:29,880 [INFO] jarvis.core.state_machine: Gesture detected: three_fingers_up (conf: 0.90, State: CAMERA_MODE)
2026-05-11 03:48:30,012 [INFO] jarvis.core.state_machine: Gesture detected: three_fingers_up (conf: 0.90, State: CAMERA_MODE)
2026-05-11 03:48:30,070 [INFO] jarvis.core.state_machine: Gesture detected: three_fingers_up (conf: 0.90, State: CAMERA_MODE)
2026-05-11 03:48:30,119 [INFO] jarvis.core.state_machine: Gesture detected: three_fingers_up (conf: 0.90, State: CAMERA_MODE)
2026-05-11 03:48:30,251 [INFO] jarvis.core.state_machine: Gesture detected: three_fingers_up (conf: 0.90, State: CAMERA_MODE)
2026-05-11 03:48:30,304 [INFO] jarvis.core.state_machine: Gesture detected: three_fingers_up (conf: 0.90, State: CAMERA_MODE)
2026-05-11 03:48:30,353 [INFO] jarvis.core.state_machine: Gesture detected: three_fingers_up (conf: 0.90, State: CAMERA_MODE)
2026-05-11 03:48:30,487 [INFO] jarvis.core.state_machine: Gesture detected: three_fingers_up (conf: 0.90, State: CAMERA_MODE)
2026-05-11 03:48:30,540 [INFO] jarvis.core.state_machine: Gesture detected: three_fingers_up (conf: 0.90, State: CAMERA_MODE)
2026-05-11 03:48:30,609 [INFO] jarvis.core.state_machine: Gesture detected: three_fingers_up (conf: 0.90, State: CAMERA_MODE)
2026-05-11 03:48:30,748 [INFO] jarvis.core.state_machine: Gesture detected: open_palm (conf: 0.95, State: CAMERA_MODE)
2026-05-11 03:48:35,262 [INFO] jarvis.core.state_machine: Gesture detected: fist (conf: 0.90, State: CAMERA_MODE)
2026-05-11 03:48:35,363 [INFO] jarvis.core.state_machine: Gesture detected: fist (conf: 0.90, State: CAMERA_MODE)
2026-05-11 03:48:35,602 [INFO] jarvis.core.state_machine: Gesture detected: three_fingers_down (conf: 0.90, State: CAMERA_MODE)
2026-05-11 03:48:35,731 [INFO] jarvis.core.state_machine: Gesture detected: three_fingers_down (conf: 0.90, State: CAMERA_MODE)
2026-05-11 03:48:35,796 [INFO] jarvis.core.state_machine: Gesture detected: three_fingers_down (conf: 0.90, State: CAMERA_MODE)
2026-05-11 03:48:35,835 [INFO] jarvis.core.state_machine: Gesture detected: three_fingers_down (conf: 0.90, State: CAMERA_MODE)
2026-05-11 03:48:35,979 [INFO] jarvis.core.state_machine: Gesture detected: three_fingers_down (conf: 0.90, State: CAMERA_MODE)
2026-05-11 03:48:36,023 [INFO] jarvis.core.state_machine: Gesture detected: three_fingers_down (conf: 0.90, State: CAMERA_MODE)
2026-05-11 03:48:36,075 [INFO] jarvis.core.state_machine: Gesture detected: three_fingers_down (conf: 0.90, State: CAMERA_MODE)
2026-05-11 03:48:36,211 [INFO] jarvis.core.state_machine: Gesture detected: three_fingers_down (conf: 0.90, State: CAMERA_MODE)
2026-05-11 03:48:36,261 [INFO] jarvis.core.state_machine: Gesture detected: three_fingers_down (conf: 0.90, State: CAMERA_MODE)
2026-05-11 03:48:36,311 [INFO] jarvis.core.state_machine: Gesture detected: three_fingers_down (conf: 0.90, State: CAMERA_MODE)
2026-05-11 03:48:36,534 [INFO] jarvis.core.state_machine: Gesture detected: fist (conf: 0.90, State: CAMERA_MODE)
2026-05-11 03:49:00,475 [INFO] jarvis.core.state_machine: Gesture detected: fist (conf: 0.90, State: CAMERA_MODE)
2026-05-11 03:49:07,424 [INFO] jarvis.core.state_machine: Gesture detected: fist (conf: 0.90, State: CAMERA_MODE)
2026-05-11 03:49:13,867 [INFO] jarvis.core.state_machine: Gesture detected: open_palm (conf: 0.95, State: CAMERA_MODE)
2026-05-11 03:49:14,714 [INFO] jarvis.core.state_machine: Gesture detected: three_fingers_up (conf: 0.90, State: CAMERA_MODE)
2026-05-11 03:49:14,844 [INFO] jarvis.core.state_machine: Gesture detected: open_palm (conf: 0.95, State: CAMERA_MODE)
2026-05-11 03:49:16,461 [INFO] jarvis.core.state_machine: Gesture detected: open_palm (conf: 0.95, State: CAMERA_MODE)
2026-05-11 03:50:49,837 [INFO] jarvis.core.state_machine: Gesture detected: fist (conf: 0.90, State: CAMERA_MODE)
2026-05-11 03:50:53,674 [INFO] jarvis.core.state_machine: Gesture detected: fist (conf: 0.90, State: CAMERA_MODE)
2026-05-11 03:50:53,923 [INFO] jarvis.core.state_machine: Gesture detected: one_index_up (conf: 0.95, State: CAMERA_MODE)
2026-05-11 03:50:54,189 [INFO] jarvis.core.state_machine: Gesture detected: fist (conf: 0.90, State: CAMERA_MODE)
2026-05-11 03:50:59,482 [INFO] jarvis.core.state_machine: Gesture detected: fist (conf: 0.90, State: CAMERA_MODE)
2026-05-11 03:50:59,643 [INFO] jarvis.core.state_machine: Gesture detected: fist (conf: 0.90, State: CAMERA_MODE)
2026-05-11 03:51:00,035 [INFO] jarvis.core.state_machine: Gesture detected: one_index_up (conf: 0.95, State: CAMERA_MODE)
2026-05-11 03:51:00,118 [INFO] jarvis.core.state_machine: Gesture detected: fist (conf: 0.90, State: CAMERA_MODE)
2026-05-11 03:51:00,168 [INFO] jarvis.core.state_machine: Gesture detected: one_index_up (conf: 0.95, State: CAMERA_MODE)
2026-05-11 03:51:00,214 [INFO] jarvis.core.state_machine: Gesture detected: rock_sign (conf: 0.95, State: CAMERA_MODE)
2026-05-11 03:51:00,215 [INFO] jarvis.core.state_machine: Exit gesture 'rock_sign' triggered in Camera Mode.
2026-05-11 03:51:00,215 [INFO] jarvis.core.state_machine: Exiting Camera Mode -> Returning to Voice Mode
2026-05-11 03:51:00,215 [INFO] jarvis.vision.worker: Vision mode set to: none
2026-05-11 03:51:00,256 [INFO] jarvis.vision.worker: Vision Worker stopped.
2026-05-11 03:51:00,257 [INFO] jarvis.audio.snap_detector: Snap detector deactivated.
2026-05-11 03:51:00,311 [INFO] jarvis.audio.snap_detector: Snap detector deactivated.
2026-05-11 03:51:00,312 [INFO] jarvis.vision.worker: Vision mode set to: none
2026-05-11 03:51:00,448 [INFO] jarvis.audio.speech_recognition: Vosk is listening (shared stream)...
2026-05-11 03:51:08,603 [INFO] jarvis.audio.speech_recognition: Vosk Recognized: "wait to eliminate got hurt by like that up a baby me and mechanically and only with a lot of gotham have been applicable in milan"
2026-05-11 03:51:08,605 [INFO] jarvis.audio.speech_recognition: Vosk recognized 'wait to eliminate got hurt by like that up a baby me and mechanically and only with a lot of gotham have been applicable in milan', but it doesn't match a command. Falling back to Google...
2026-05-11 03:51:08,605 [INFO] jarvis.audio.speech_recognition: Requesting Google Cloud fallback recognition...
2026-05-11 03:51:09,374 [ERROR] qasync._QEventLoop: Task was destroyed but it is pending!
task: <Task pending name='Task-1' coro=<main() running at d:\Desktop\Code\personal\project\Jarvis_demo\main.py:91> wait_for=<Future finished result=None>>
2026-05-11 04:04:35,381 [INFO] Jarvis: Starting Jarvis Assistant...
2026-05-11 04:04:35,381 [INFO] jarvis.core.agent: Loaded identity profile (5070 chars).
2026-05-11 04:04:35,382 [INFO] jarvis.core.agent: Gemini AI REST client initialised.
2026-05-11 04:04:36,542 [INFO] jarvis.core.state_machine: State Machine started in STANDBY.
2026-05-11 04:04:36,544 [INFO] jarvis.audio.speech_recognition: Loading Vosk model from: vosk-model-small-en-us-0.15
2026-05-11 04:04:37,053 [INFO] jarvis.audio.speech_recognition: Vosk initialized successfully.
2026-05-11 04:04:37,085 [INFO] jarvis.audio.microphone: Microphone stream started (Device: Default).
2026-05-11 04:04:37,085 [INFO] jarvis.audio.snap_detector: Snap detector activated.
2026-05-11 04:04:37,085 [INFO] Jarvis: Jarvis is ready.
2026-05-11 04:04:37,085 [INFO] Jarvis:   Wake phrase    : 'daddy home'
2026-05-11 04:04:37,085 [INFO] Jarvis:   Shutdown phrase: 'goodbye jojo'
2026-05-11 04:04:37,128 [INFO] jarvis.audio.snap_detector: Sound detected! Energy: 0.0243
2026-05-11 04:04:38,151 [INFO] jarvis.audio.snap_detector: Sound detected! Energy: 0.0927
2026-05-11 04:04:39,189 [INFO] jarvis.audio.snap_detector: Sound detected! Energy: 0.0111
2026-05-11 04:04:39,692 [INFO] jarvis.audio.snap_detector: Snap detected! Energy: 0.1991, Avg: 0.0185
2026-05-11 04:04:40,203 [INFO] jarvis.audio.snap_detector: Sound detected! Energy: 0.0274
2026-05-11 04:04:41,090 [INFO] jarvis.audio.snap_detector: Snap detected! Energy: 0.2373, Avg: 0.0239
2026-05-11 04:04:41,094 [INFO] jarvis.audio.speech_recognition: Vosk is listening (shared stream)...
2026-05-11 04:04:41,226 [INFO] jarvis.audio.snap_detector: Sound detected! Energy: 0.0621
2026-05-11 04:04:42,293 [INFO] jarvis.audio.snap_detector: Sound detected! Energy: 0.0293
2026-05-11 04:04:42,941 [INFO] jarvis.audio.speech_recognition: Vosk Recognized: "daddy home [unk]"
2026-05-11 04:04:42,942 [INFO] jarvis.audio.snap_detector: Snap detector deactivated.
2026-05-11 04:04:42,942 [INFO] jarvis.vision.worker: Vision mode set to: none
2026-05-11 04:04:43,074 [INFO] jarvis.audio.speech_recognition: Vosk is listening (shared stream)...
2026-05-11 04:04:47,103 [INFO] jarvis.audio.speech_recognition: Vosk Recognized: "came from a toll on of"
2026-05-11 04:04:47,105 [INFO] jarvis.audio.speech_recognition: Vosk recognized 'came from a toll on of', but it doesn't match a command. Falling back to Google...
2026-05-11 04:04:47,105 [INFO] jarvis.audio.speech_recognition: Requesting Google Cloud fallback recognition...
2026-05-11 04:04:47,612 [INFO] jarvis.audio.speech_recognition: Google Fallback Recognized: 'control on'
2026-05-11 04:04:47,619 [INFO] jarvis.audio.snap_detector: Snap detector deactivated.
2026-05-11 04:04:47,717 [INFO] jarvis.vision.worker: Vision Worker started.
2026-05-11 04:04:47,737 [INFO] jarvis.vision.worker: Vision mode set to: control
2026-05-11 04:04:47,737 [INFO] jarvis.core.agent: Local skill matched for: 'control on'
2026-05-11 04:04:47,760 [INFO] jarvis.core.state_machine: Voice mode loop ended. Current state: CONTROL_MODE
2026-05-11 04:04:47,904 [WARNING] jarvis.core.state_machine: Unknown attention state: UNKNOWN
2026-05-11 04:04:53,811 [INFO] jarvis.vision.worker: Drag started.
2026-05-11 04:04:54,218 [INFO] jarvis.vision.worker: Drag released.
2026-05-11 04:04:55,211 [INFO] jarvis.vision.worker: Click (Gesture).
2026-05-11 04:04:59,617 [INFO] jarvis.vision.worker: Click (Gesture).
2026-05-11 04:05:02,520 [INFO] jarvis.vision.worker: Click (Gesture).
2026-05-11 04:05:04,351 [INFO] jarvis.vision.worker: Click (Gesture).
2026-05-11 04:05:05,380 [INFO] jarvis.vision.worker: Click (Gesture).
2026-05-11 04:05:06,459 [INFO] jarvis.vision.worker: Click (Gesture).
2026-05-11 04:05:07,302 [INFO] jarvis.vision.worker: Click (Gesture).
2026-05-11 04:05:08,616 [INFO] jarvis.vision.worker: Click (Gesture).
2026-05-11 04:05:10,815 [INFO] jarvis.vision.worker: Click (Gesture).
2026-05-11 04:05:11,471 [INFO] jarvis.vision.worker: Drag started.
2026-05-11 04:05:12,501 [INFO] jarvis.vision.worker: Drag released.
2026-05-11 04:05:17,470 [INFO] jarvis.vision.worker: Click (Gesture).
2026-05-11 04:05:47,851 [INFO] jarvis.vision.worker: Click (Gesture).
2026-05-11 04:05:49,258 [INFO] jarvis.vision.worker: Drag started.
2026-05-11 04:05:49,393 [INFO] jarvis.vision.worker: Drag released.
2026-05-11 04:05:50,060 [INFO] jarvis.vision.worker: Click (Gesture).
2026-05-11 04:05:50,896 [INFO] jarvis.vision.worker: Click (Gesture).
2026-05-11 04:05:58,069 [INFO] jarvis.vision.worker: Drag started.
2026-05-11 04:06:02,007 [INFO] jarvis.vision.worker: Drag released.
2026-05-11 04:06:03,179 [INFO] jarvis.vision.worker: Click (Gesture).
2026-05-11 04:06:08,622 [INFO] jarvis.vision.worker: Click (Gesture).
2026-05-11 04:06:09,693 [INFO] jarvis.vision.worker: Drag started.
2026-05-11 04:06:10,278 [INFO] jarvis.vision.worker: Drag released.
2026-05-11 04:06:10,584 [INFO] jarvis.vision.worker: Click (Gesture).
2026-05-11 04:06:10,922 [INFO] jarvis.vision.worker: Double Click (Gesture).
2026-05-11 04:06:17,266 [INFO] jarvis.vision.worker: Drag started.
2026-05-11 04:06:18,384 [INFO] jarvis.vision.worker: Drag released.
2026-05-11 18:23:24,930 [INFO] Jarvis: Starting Jarvis Assistant...
2026-05-11 18:23:24,930 [INFO] jarvis.core.agent: Loaded identity profile (5070 chars).
2026-05-11 18:23:24,931 [INFO] jarvis.core.agent: Gemini AI REST client initialised.
2026-05-11 18:23:25,971 [INFO] jarvis.core.state_machine: State Machine started in STANDBY.
2026-05-11 18:23:25,974 [INFO] jarvis.audio.speech_recognition: Loading Vosk model from: vosk-model-small-en-us-0.15
2026-05-11 18:23:26,534 [INFO] jarvis.audio.speech_recognition: Vosk initialized successfully.
2026-05-11 18:23:26,662 [INFO] jarvis.audio.microphone: Microphone stream started (Device: Default).
2026-05-11 18:23:26,662 [INFO] jarvis.audio.snap_detector: Snap detector activated.
2026-05-11 18:23:26,662 [INFO] Jarvis: Jarvis is ready.
2026-05-11 18:23:26,662 [INFO] Jarvis:   Wake phrase    : 'daddy home'
2026-05-11 18:23:26,662 [INFO] Jarvis:   Shutdown phrase: 'goodbye jojo'
2026-05-11 18:23:26,858 [INFO] jarvis.audio.snap_detector: Sound detected! Energy: 0.0224
2026-05-11 18:23:28,578 [INFO] jarvis.audio.snap_detector: Sound detected! Energy: 0.1510
2026-05-11 18:23:28,578 [INFO] jarvis.audio.snap_detector: Snap detected! Energy: 0.1510, Avg: 0.0070
2026-05-11 18:23:28,955 [INFO] jarvis.audio.snap_detector: Snap detected! Energy: 0.0746, Avg: 0.0085
2026-05-11 18:23:28,965 [INFO] jarvis.audio.speech_recognition: Vosk is listening (shared stream)...
2026-05-11 18:23:30,111 [INFO] jarvis.audio.speech_recognition: Vosk Recognized: "[unk] home"
2026-05-11 18:23:30,111 [INFO] jarvis.audio.speech_recognition: Vosk recognized '[unk] home', but it doesn't match a command. Falling back to Google...
2026-05-11 18:23:30,111 [INFO] jarvis.audio.speech_recognition: Requesting Google Cloud fallback recognition...
2026-05-11 18:23:30,387 [INFO] jarvis.audio.snap_detector: Sound detected! Energy: 0.0103
2026-05-11 18:23:30,450 [INFO] jarvis.audio.snap_detector: Snap detected! Energy: 0.0298, Avg: 0.0027
2026-05-11 18:23:30,520 [INFO] jarvis.audio.speech_recognition: Google Fallback Recognized: 'daddy's home'
2026-05-11 18:23:32,156 [INFO] jarvis.audio.snap_detector: Sound detected! Energy: 0.0604
2026-05-11 18:23:32,156 [INFO] jarvis.audio.snap_detector: Snap detected! Energy: 0.0604, Avg: 0.0017
2026-05-11 18:23:32,617 [INFO] jarvis.audio.snap_detector: Snap detected! Energy: 0.0739, Avg: 0.0058
2026-05-11 18:23:32,620 [INFO] jarvis.audio.speech_recognition: Vosk is listening (shared stream)...
2026-05-11 18:23:33,778 [INFO] jarvis.audio.speech_recognition: Vosk Recognized: "daddy home"
2026-05-11 18:23:33,779 [INFO] jarvis.audio.snap_detector: Snap detector deactivated.
2026-05-11 18:23:33,780 [INFO] jarvis.vision.worker: Vision mode set to: none
2026-05-11 18:23:33,928 [INFO] jarvis.audio.speech_recognition: Vosk is listening (shared stream)...
2026-05-11 18:23:39,404 [INFO] jarvis.audio.speech_recognition: Vosk Recognized: "the weather not open well campion for now"
2026-05-11 18:23:39,405 [INFO] jarvis.audio.speech_recognition: Vosk recognized 'the weather not open well campion for now', but it doesn't match a command. Falling back to Google...
2026-05-11 18:23:39,405 [INFO] jarvis.audio.speech_recognition: Requesting Google Cloud fallback recognition...
2026-05-11 18:23:40,348 [INFO] jarvis.audio.speech_recognition: Google Fallback Recognized: 'spokane county california'
2026-05-11 18:23:43,653 [INFO] jarvis.core.agent: Gemini requested tool: search_web
2026-05-11 18:23:43,759 [ERROR] qasync._QEventLoop: Exception in callback Task.task_wakeup(<Future finished result=None>)
handle: <Handle Task.task_wakeup(<Future finished result=None>)>
Traceback (most recent call last):
  File "C:\Program Files\WindowsApps\PythonSoftwareFoundation.Python.3.11_3.11.2544.0_x64__qbz5n2kfra8p0\Lib\asyncio\events.py", line 84, in _run
    self._context.run(self._callback, *self._args)
RuntimeError: Cannot enter into task <Task pending name='Task-1' coro=<main() running at D:\Desktop\Code\personal\project\Jarvis_demo\main.py:91> wait_for=<Future finished result=None> cb=[_QEventLoop.run_until_complete.<locals>.stop() at D:\Desktop\Code\personal\project\Jarvis_demo\.venv\Lib\site-packages\qasync\__init__.py:423]> while another task <Task pending name='Task-40' coro=<JarvisStateMachine._enter_waiting_wake_word() running at D:\Desktop\Code\personal\project\Jarvis_demo\jarvis\core\state_machine.py:174>> is being executed.
2026-05-11 18:23:44,437 [INFO] jarvis.audio.speech_recognition: Vosk is listening (shared stream)...
2026-05-11 18:23:48,270 [INFO] jarvis.audio.speech_recognition: Vosk Recognized: "control on"
2026-05-11 18:23:48,279 [INFO] jarvis.audio.snap_detector: Snap detector deactivated.
2026-05-11 18:23:48,406 [INFO] jarvis.vision.worker: Vision Worker started.
2026-05-11 18:23:48,424 [INFO] jarvis.vision.worker: Vision mode set to: control
2026-05-11 18:23:48,424 [INFO] jarvis.core.agent: Local skill matched for: 'control on'
2026-05-11 18:23:48,431 [INFO] jarvis.core.state_machine: Voice mode loop ended. Current state: CONTROL_MODE
2026-05-11 18:23:48,659 [WARNING] jarvis.core.state_machine: Unknown attention state: UNKNOWN
2026-05-11 18:23:55,523 [INFO] jarvis.vision.worker: Click (Gesture).
2026-05-11 18:23:55,690 [ERROR] qasync._QEventLoop: Task was destroyed but it is pending!
task: <Task pending name='Task-1' coro=<main() running at D:\Desktop\Code\personal\project\Jarvis_demo\main.py:91> wait_for=<Future finished result=None>>
2026-05-11 18:23:55,691 [INFO] jarvis.core.state_machine: State Machine cleanup complete.
2026-05-11 18:23:55,691 [INFO] jarvis.audio.snap_detector: Snap detector deactivated.
2026-05-11 18:23:55,691 [INFO] jarvis.audio.microphone: Microphone stream stopped.
2026-05-11 22:36:13,847 [INFO] Jarvis: Starting Jarvis Assistant...
2026-05-11 22:36:13,849 [INFO] jarvis.core.agent: Loaded identity profile (5070 chars).
2026-05-11 22:36:13,849 [INFO] jarvis.core.agent: Gemini AI REST client initialised.
2026-05-11 22:36:15,035 [INFO] jarvis.core.state_machine: State Machine started in STANDBY.
2026-05-11 22:36:15,040 [INFO] jarvis.audio.speech_recognition: Loading Vosk model from: vosk-model-small-en-us-0.15
2026-05-11 22:36:15,921 [INFO] jarvis.audio.speech_recognition: Vosk initialized successfully.
2026-05-11 22:36:16,040 [INFO] jarvis.audio.microphone: Microphone stream started (Device: Default).
2026-05-11 22:36:16,040 [INFO] jarvis.audio.snap_detector: Snap detector activated.
2026-05-11 22:36:16,040 [INFO] Jarvis: Jarvis is ready.
2026-05-11 22:36:16,040 [INFO] Jarvis:   Wake phrase    : 'daddy home'
2026-05-11 22:36:16,041 [INFO] Jarvis:   Shutdown phrase: 'goodbye jojo'
2026-05-11 22:36:16,977 [INFO] jarvis.audio.snap_detector: Sound detected! Energy: 0.0229
2026-05-11 22:36:16,978 [INFO] jarvis.audio.snap_detector: Snap detected! Energy: 0.0229, Avg: 0.0018
2026-05-11 22:36:17,452 [INFO] jarvis.audio.snap_detector: Snap detected! Energy: 0.0313, Avg: 0.0040
2026-05-11 22:36:17,461 [INFO] jarvis.audio.speech_recognition: Vosk is listening (shared stream)...
2026-05-11 22:36:18,835 [INFO] jarvis.audio.speech_recognition: Vosk Recognized: "[unk] home"
2026-05-11 22:36:18,836 [INFO] jarvis.audio.speech_recognition: Vosk recognized '[unk] home', but it doesn't match a command. Falling back to Google...
2026-05-11 22:36:18,836 [INFO] jarvis.audio.speech_recognition: Requesting Google Cloud fallback recognition...
2026-05-11 22:36:19,260 [INFO] jarvis.audio.speech_recognition: Google Fallback Recognized: 'daddy's home'
2026-05-11 22:36:20,651 [INFO] jarvis.audio.snap_detector: Sound detected! Energy: 0.0123
2026-05-11 22:36:20,651 [INFO] jarvis.audio.snap_detector: Snap detected! Energy: 0.0123, Avg: 0.0010
2026-05-11 22:36:21,952 [INFO] jarvis.audio.snap_detector: Sound detected! Energy: 0.0264
2026-05-11 22:36:21,953 [INFO] jarvis.audio.snap_detector: Snap detected! Energy: 0.0264, Avg: 0.0010
2026-05-11 22:36:21,958 [INFO] jarvis.audio.speech_recognition: Vosk is listening (shared stream)...
2026-05-11 22:36:22,787 [INFO] jarvis.audio.snap_detector: Snap detected! Energy: 0.0789, Avg: 0.0110
2026-05-11 22:36:22,971 [INFO] jarvis.audio.snap_detector: Sound detected! Energy: 0.0473
2026-05-11 22:36:24,029 [INFO] jarvis.audio.speech_recognition: Vosk Recognized: "daddy home"
2026-05-11 22:36:24,030 [INFO] jarvis.audio.snap_detector: Snap detector deactivated.
2026-05-11 22:36:24,030 [INFO] jarvis.vision.worker: Vision mode set to: none
2026-05-11 22:36:24,232 [INFO] jarvis.audio.speech_recognition: Vosk is listening (shared stream)...
2026-05-11 22:36:30,400 [INFO] jarvis.audio.speech_recognition: Vosk Recognized: "to control on"
2026-05-11 22:36:30,410 [INFO] jarvis.audio.snap_detector: Snap detector deactivated.
2026-05-11 22:36:30,514 [INFO] jarvis.vision.worker: Vision Worker started.
2026-05-11 22:36:30,533 [INFO] jarvis.vision.worker: Vision mode set to: control
2026-05-11 22:36:30,534 [INFO] jarvis.core.agent: Local skill matched for: 'to control on'
2026-05-11 22:36:30,559 [INFO] jarvis.core.state_machine: Voice mode loop ended. Current state: CONTROL_MODE
2026-05-11 22:36:30,763 [WARNING] jarvis.core.state_machine: Unknown attention state: UNKNOWN
2026-05-11 22:36:57,755 [WARNING] jarvis.audio.microphone: Audio stream status: input overflow
2026-05-11 22:36:57,756 [WARNING] jarvis.audio.microphone: Audio stream status: input overflow
2026-05-11 22:37:19,258 [INFO] jarvis.vision.worker: Click (Gesture).
2026-05-11 22:37:22,042 [INFO] jarvis.vision.worker: Drag started.
2026-05-11 22:37:22,272 [INFO] jarvis.vision.worker: Drag released.
2026-05-11 22:37:22,495 [INFO] jarvis.vision.worker: Click (Gesture).
2026-05-11 22:37:22,777 [INFO] jarvis.vision.worker: Double Click (Gesture).
2026-05-11 22:37:30,086 [INFO] jarvis.vision.worker: Click (Gesture).
2026-05-11 22:37:48,272 [INFO] jarvis.vision.worker: Click (Gesture).
2026-05-11 22:37:48,975 [INFO] jarvis.vision.worker: Click (Gesture).
2026-05-11 22:37:51,368 [INFO] jarvis.vision.worker: Drag started.
2026-05-11 22:37:52,206 [INFO] jarvis.vision.worker: Drag released.
2026-05-11 22:37:53,804 [INFO] jarvis.vision.worker: Drag started.
2026-05-11 22:37:54,457 [INFO] jarvis.vision.worker: Drag released.
2026-05-11 22:38:37,822 [INFO] jarvis.vision.worker: Click (Gesture).
2026-05-11 22:38:38,063 [INFO] jarvis.vision.worker: Double Click (Gesture).
2026-05-11 22:38:38,336 [INFO] jarvis.vision.worker: Click (Gesture).
2026-05-11 22:38:38,755 [INFO] jarvis.vision.worker: Click (Gesture).
2026-05-11 22:38:39,415 [INFO] jarvis.vision.worker: Drag started.
2026-05-11 22:38:39,644 [INFO] jarvis.vision.worker: Drag released.
2026-05-11 22:38:39,881 [INFO] jarvis.vision.worker: Click (Gesture).
2026-05-11 22:38:40,263 [INFO] jarvis.vision.worker: Double Click (Gesture).
2026-05-11 22:39:17,613 [INFO] jarvis.vision.worker: Click (Gesture).
2026-05-11 22:39:17,850 [INFO] jarvis.vision.worker: Double Click (Gesture).
2026-05-11 22:39:47,335 [INFO] jarvis.vision.worker: Drag started.
2026-05-11 22:39:55,415 [INFO] jarvis.vision.worker: Drag released.
2026-05-11 22:40:03,414 [INFO] jarvis.vision.worker: Drag started.
2026-05-11 22:40:06,413 [INFO] jarvis.vision.worker: Drag released.
2026-05-11 22:40:07,909 [INFO] jarvis.vision.worker: Click (Gesture).
2026-05-11 22:40:09,462 [INFO] jarvis.vision.worker: Drag started.
2026-05-11 22:40:10,346 [INFO] jarvis.vision.worker: Drag released.
2026-05-11 22:40:11,012 [INFO] jarvis.vision.worker: Drag started.
2026-05-11 22:40:11,238 [INFO] jarvis.vision.worker: Drag released.
2026-05-11 22:40:20,048 [INFO] jarvis.vision.worker: Click (Gesture).
2026-05-11 22:40:20,242 [INFO] jarvis.vision.worker: Double Click (Gesture).
2026-05-11 22:40:21,012 [INFO] jarvis.vision.worker: Click (Gesture).
2026-05-11 22:40:21,739 [INFO] jarvis.vision.worker: Click (Gesture).
2026-05-11 22:40:22,963 [INFO] jarvis.vision.worker: Click (Gesture).
2026-05-11 22:40:23,195 [INFO] jarvis.vision.worker: Double Click (Gesture).
2026-05-11 22:40:23,528 [INFO] jarvis.vision.worker: Click (Gesture).
2026-05-11 22:40:23,759 [INFO] jarvis.vision.worker: Double Click (Gesture).
2026-05-11 22:40:24,271 [INFO] jarvis.vision.worker: Click (Gesture).
2026-05-11 22:40:28,631 [INFO] jarvis.vision.worker: Click (Gesture).
2026-05-11 22:40:29,005 [INFO] jarvis.vision.worker: Double Click (Gesture).
2026-05-11 22:40:29,284 [INFO] jarvis.vision.worker: Click (Gesture).
2026-05-11 22:40:29,898 [INFO] jarvis.vision.worker: Click (Gesture).
2026-05-11 22:40:30,507 [INFO] jarvis.vision.worker: Click (Gesture).
2026-05-11 22:40:30,790 [INFO] jarvis.vision.worker: Double Click (Gesture).
2026-05-11 22:40:31,211 [INFO] jarvis.vision.worker: Click (Gesture).
2026-05-11 22:40:31,581 [INFO] jarvis.vision.worker: Double Click (Gesture).
2026-05-11 22:40:32,430 [INFO] jarvis.vision.worker: Drag started.
2026-05-11 22:40:32,565 [INFO] jarvis.vision.worker: Drag released.
2026-05-11 22:40:38,513 [INFO] jarvis.core.state_machine: Gesture detected: rock_sign (conf: 0.95, State: CONTROL_MODE)
2026-05-11 22:40:38,513 [INFO] jarvis.core.state_machine: Exit gesture 'rock_sign' triggered in Control Mode.
2026-05-11 22:40:38,514 [INFO] jarvis.core.state_machine: Exiting Control Mode -> Falling back to Camera Mode
2026-05-11 22:40:38,514 [INFO] jarvis.audio.snap_detector: Snap detector deactivated.
2026-05-11 22:40:38,536 [INFO] jarvis.vision.worker: Vision mode set to: camera
2026-05-11 22:40:38,593 [INFO] jarvis.core.state_machine: Gesture detected: rock_sign (conf: 0.95, State: CAMERA_MODE)
2026-05-11 22:40:38,967 [INFO] jarvis.core.state_machine: Gesture detected: open_palm (conf: 0.95, State: CAMERA_MODE)
2026-05-11 22:40:39,110 [INFO] jarvis.core.state_machine: Gesture detected: one_index_up (conf: 0.95, State: CAMERA_MODE)
2026-05-11 22:40:42,645 [INFO] jarvis.core.state_machine: Gesture detected: open_palm (conf: 0.95, State: CAMERA_MODE)
2026-05-11 22:40:42,764 [INFO] jarvis.core.state_machine: Gesture detected: three_fingers_up (conf: 0.90, State: CAMERA_MODE)
2026-05-11 22:40:42,898 [INFO] jarvis.core.state_machine: Gesture detected: three_fingers_up (conf: 0.90, State: CAMERA_MODE)
2026-05-11 22:40:42,954 [INFO] jarvis.core.state_machine: Gesture detected: three_fingers_up (conf: 0.90, State: CAMERA_MODE)
2026-05-11 22:40:43,002 [INFO] jarvis.core.state_machine: Gesture detected: three_fingers_up (conf: 0.90, State: CAMERA_MODE)
2026-05-11 22:40:43,134 [INFO] jarvis.core.state_machine: Gesture detected: three_fingers_up (conf: 0.90, State: CAMERA_MODE)
2026-05-11 22:40:43,188 [INFO] jarvis.core.state_machine: Gesture detected: three_fingers_up (conf: 0.90, State: CAMERA_MODE)
2026-05-11 22:40:43,236 [INFO] jarvis.core.state_machine: Gesture detected: three_fingers_up (conf: 0.90, State: CAMERA_MODE)
2026-05-11 22:40:43,366 [INFO] jarvis.core.state_machine: Gesture detected: three_fingers_up (conf: 0.90, State: CAMERA_MODE)
2026-05-11 22:40:43,423 [INFO] jarvis.core.state_machine: Gesture detected: three_fingers_up (conf: 0.90, State: CAMERA_MODE)
2026-05-11 22:40:43,469 [INFO] jarvis.core.state_machine: Gesture detected: three_fingers_up (conf: 0.90, State: CAMERA_MODE)
2026-05-11 22:40:43,598 [INFO] jarvis.core.state_machine: Gesture detected: three_fingers_up (conf: 0.90, State: CAMERA_MODE)
2026-05-11 22:40:43,658 [INFO] jarvis.core.state_machine: Gesture detected: three_fingers_up (conf: 0.90, State: CAMERA_MODE)
2026-05-11 22:40:43,703 [INFO] jarvis.core.state_machine: Gesture detected: three_fingers_up (conf: 0.90, State: CAMERA_MODE)
2026-05-11 22:40:43,833 [INFO] jarvis.core.state_machine: Gesture detected: three_fingers_up (conf: 0.90, State: CAMERA_MODE)
2026-05-11 22:40:43,894 [INFO] jarvis.core.state_machine: Gesture detected: three_fingers_up (conf: 0.90, State: CAMERA_MODE)
2026-05-11 22:40:43,939 [INFO] jarvis.core.state_machine: Gesture detected: three_fingers_up (conf: 0.90, State: CAMERA_MODE)
2026-05-11 22:40:44,068 [INFO] jarvis.core.state_machine: Gesture detected: three_fingers_up (conf: 0.90, State: CAMERA_MODE)
2026-05-11 22:40:44,127 [INFO] jarvis.core.state_machine: Gesture detected: three_fingers_up (conf: 0.90, State: CAMERA_MODE)
2026-05-11 22:40:44,173 [INFO] jarvis.core.state_machine: Gesture detected: three_fingers_up (conf: 0.90, State: CAMERA_MODE)
2026-05-11 22:40:44,303 [INFO] jarvis.core.state_machine: Gesture detected: three_fingers_up (conf: 0.90, State: CAMERA_MODE)
2026-05-11 22:40:44,361 [INFO] jarvis.core.state_machine: Gesture detected: three_fingers_up (conf: 0.90, State: CAMERA_MODE)
2026-05-11 22:40:44,406 [INFO] jarvis.core.state_machine: Gesture detected: three_fingers_up (conf: 0.90, State: CAMERA_MODE)
2026-05-11 22:40:44,535 [INFO] jarvis.core.state_machine: Gesture detected: three_fingers_up (conf: 0.90, State: CAMERA_MODE)
2026-05-11 22:40:44,598 [INFO] jarvis.core.state_machine: Gesture detected: three_fingers_up (conf: 0.90, State: CAMERA_MODE)
2026-05-11 22:40:44,646 [INFO] jarvis.core.state_machine: Gesture detected: three_fingers_up (conf: 0.90, State: CAMERA_MODE)
2026-05-11 22:40:44,778 [INFO] jarvis.core.state_machine: Gesture detected: one_index_up (conf: 0.95, State: CAMERA_MODE)
2026-05-11 22:40:44,829 [INFO] jarvis.core.state_machine: Gesture detected: three_fingers_up (conf: 0.90, State: CAMERA_MODE)
2026-05-11 22:40:44,876 [INFO] jarvis.core.state_machine: Gesture detected: fist (conf: 0.90, State: CAMERA_MODE)
2026-05-11 22:40:46,375 [INFO] jarvis.core.state_machine: Gesture detected: fist (conf: 0.90, State: CAMERA_MODE)
2026-05-11 22:40:47,169 [INFO] jarvis.core.state_machine: Gesture detected: three_fingers_down (conf: 0.90, State: CAMERA_MODE)
2026-05-11 22:40:47,299 [INFO] jarvis.core.state_machine: Gesture detected: fist (conf: 0.90, State: CAMERA_MODE)
2026-05-11 22:40:47,409 [INFO] jarvis.core.state_machine: Gesture detected: three_fingers_down (conf: 0.90, State: CAMERA_MODE)
2026-05-11 22:40:47,543 [INFO] jarvis.core.state_machine: Gesture detected: fist (conf: 0.90, State: CAMERA_MODE)
2026-05-11 22:40:47,648 [INFO] jarvis.core.state_machine: Gesture detected: three_fingers_down (conf: 0.90, State: CAMERA_MODE)
2026-05-11 22:40:47,782 [INFO] jarvis.core.state_machine: Gesture detected: three_fingers_down (conf: 0.90, State: CAMERA_MODE)
2026-05-11 22:40:47,829 [INFO] jarvis.core.state_machine: Gesture detected: fist (conf: 0.90, State: CAMERA_MODE)
2026-05-11 22:40:49,843 [INFO] jarvis.core.state_machine: Gesture detected: fist (conf: 0.90, State: CAMERA_MODE)
2026-05-11 22:40:50,797 [INFO] jarvis.core.state_machine: Gesture detected: fist (conf: 0.90, State: CAMERA_MODE)
2026-05-11 22:40:51,011 [INFO] jarvis.core.state_machine: Gesture detected: fist (conf: 0.90, State: CAMERA_MODE)
2026-05-11 22:40:51,906 [INFO] jarvis.core.state_machine: Gesture detected: three_fingers_down (conf: 0.90, State: CAMERA_MODE)
2026-05-11 22:40:52,035 [INFO] jarvis.core.state_machine: Gesture detected: three_fingers_down (conf: 0.90, State: CAMERA_MODE)
2026-05-11 22:40:52,098 [INFO] jarvis.core.state_machine: Gesture detected: three_fingers_down (conf: 0.90, State: CAMERA_MODE)
2026-05-11 22:40:52,148 [INFO] jarvis.core.state_machine: Gesture detected: three_fingers_down (conf: 0.90, State: CAMERA_MODE)
2026-05-11 22:40:52,295 [INFO] jarvis.core.state_machine: Gesture detected: three_fingers_down (conf: 0.90, State: CAMERA_MODE)
2026-05-11 22:40:52,333 [INFO] jarvis.core.state_machine: Gesture detected: fist (conf: 0.90, State: CAMERA_MODE)
2026-05-11 22:40:52,515 [INFO] jarvis.core.state_machine: Gesture detected: three_fingers_down (conf: 0.90, State: CAMERA_MODE)
2026-05-11 22:40:52,646 [INFO] jarvis.core.state_machine: Gesture detected: three_fingers_down (conf: 0.90, State: CAMERA_MODE)
2026-05-11 22:40:52,704 [INFO] jarvis.core.state_machine: Gesture detected: three_fingers_down (conf: 0.90, State: CAMERA_MODE)
2026-05-11 22:40:52,752 [INFO] jarvis.core.state_machine: Gesture detected: three_fingers_down (conf: 0.90, State: CAMERA_MODE)
2026-05-11 22:40:52,883 [INFO] jarvis.core.state_machine: Gesture detected: three_fingers_down (conf: 0.90, State: CAMERA_MODE)
2026-05-11 22:40:52,939 [INFO] jarvis.core.state_machine: Gesture detected: three_fingers_down (conf: 0.90, State: CAMERA_MODE)
2026-05-11 22:40:52,984 [INFO] jarvis.core.state_machine: Gesture detected: three_fingers_down (conf: 0.90, State: CAMERA_MODE)
2026-05-11 22:40:53,118 [INFO] jarvis.core.state_machine: Gesture detected: fist (conf: 0.90, State: CAMERA_MODE)
2026-05-11 22:40:53,172 [INFO] jarvis.core.state_machine: Gesture detected: three_fingers_down (conf: 0.90, State: CAMERA_MODE)
2026-05-11 22:40:53,223 [INFO] jarvis.core.state_machine: Gesture detected: three_fingers_down (conf: 0.90, State: CAMERA_MODE)
2026-05-11 22:40:53,358 [INFO] jarvis.core.state_machine: Gesture detected: three_fingers_down (conf: 0.90, State: CAMERA_MODE)
2026-05-11 22:40:53,407 [INFO] jarvis.core.state_machine: Gesture detected: fist (conf: 0.90, State: CAMERA_MODE)
2026-05-11 22:40:53,686 [INFO] jarvis.core.state_machine: Gesture detected: three_fingers_down (conf: 0.90, State: CAMERA_MODE)
2026-05-11 22:40:53,816 [INFO] jarvis.core.state_machine: Gesture detected: three_fingers_down (conf: 0.90, State: CAMERA_MODE)
2026-05-11 22:40:53,877 [INFO] jarvis.core.state_machine: Gesture detected: fist (conf: 0.90, State: CAMERA_MODE)
2026-05-11 22:40:53,924 [INFO] jarvis.core.state_machine: Gesture detected: three_fingers_down (conf: 0.90, State: CAMERA_MODE)
2026-05-11 22:40:54,057 [INFO] jarvis.core.state_machine: Gesture detected: fist (conf: 0.90, State: CAMERA_MODE)
2026-05-11 22:40:54,113 [INFO] jarvis.core.state_machine: Gesture detected: three_fingers_down (conf: 0.90, State: CAMERA_MODE)
2026-05-11 22:40:54,162 [INFO] jarvis.core.state_machine: Gesture detected: fist (conf: 0.90, State: CAMERA_MODE)
2026-05-11 22:40:55,537 [INFO] jarvis.core.state_machine: Gesture detected: three_fingers_up (conf: 0.90, State: CAMERA_MODE)
2026-05-11 22:40:55,668 [INFO] jarvis.core.state_machine: Gesture detected: three_fingers_up (conf: 0.90, State: CAMERA_MODE)
2026-05-11 22:40:55,710 [INFO] jarvis.core.state_machine: Gesture detected: three_fingers_up (conf: 0.90, State: CAMERA_MODE)
2026-05-11 22:40:55,754 [INFO] jarvis.core.state_machine: Gesture detected: three_fingers_up (conf: 0.90, State: CAMERA_MODE)
2026-05-11 22:40:55,901 [INFO] jarvis.core.state_machine: Gesture detected: open_palm (conf: 0.95, State: CAMERA_MODE)
2026-05-11 22:40:57,736 [INFO] jarvis.core.state_machine: Gesture detected: open_palm (conf: 0.95, State: CAMERA_MODE)
2026-05-11 22:40:57,949 [INFO] jarvis.core.state_machine: Gesture detected: fist (conf: 0.90, State: CAMERA_MODE)
2026-05-11 22:40:58,190 [INFO] jarvis.core.state_machine: Gesture detected: open_palm (conf: 0.95, State: CAMERA_MODE)
2026-05-11 22:40:58,513 [INFO] jarvis.core.state_machine: Gesture detected: three_fingers_up (conf: 0.90, State: CAMERA_MODE)
2026-05-11 22:40:58,645 [INFO] jarvis.core.state_machine: Gesture detected: fist (conf: 0.90, State: CAMERA_MODE)
2026-05-11 22:40:58,982 [INFO] jarvis.core.state_machine: Gesture detected: peace_sign (conf: 0.95, State: CAMERA_MODE)
2026-05-11 22:40:59,032 [INFO] jarvis.core.state_machine: Gesture detected: peace_sign (conf: 0.95, State: CAMERA_MODE)
2026-05-11 22:40:59,076 [INFO] jarvis.core.state_machine: Gesture detected: peace_sign (conf: 0.95, State: CAMERA_MODE)
2026-05-11 22:40:59,124 [INFO] jarvis.core.state_machine: Gesture detected: peace_sign (conf: 0.95, State: CAMERA_MODE)
2026-05-11 22:40:59,169 [INFO] jarvis.core.state_machine: Gesture detected: one_index_up (conf: 0.95, State: CAMERA_MODE)
2026-05-11 22:40:59,266 [INFO] jarvis.core.state_machine: Gesture detected: peace_sign (conf: 0.95, State: CAMERA_MODE)
2026-05-11 22:40:59,311 [INFO] jarvis.core.state_machine: Gesture detected: three_fingers_left (conf: 0.90, State: CAMERA_MODE)
2026-05-11 22:40:59,444 [INFO] jarvis.core.state_machine: Gesture detected: fist (conf: 0.90, State: CAMERA_MODE)
2026-05-11 22:40:59,607 [INFO] jarvis.core.state_machine: Gesture detected: three_fingers_down (conf: 0.90, State: CAMERA_MODE)
2026-05-11 22:40:59,749 [INFO] jarvis.core.state_machine: Gesture detected: three_fingers_left (conf: 0.90, State: CAMERA_MODE)
2026-05-11 22:40:59,828 [INFO] jarvis.core.state_machine: Gesture detected: three_fingers_left (conf: 0.90, State: CAMERA_MODE)
2026-05-11 22:40:59,835 [INFO] jarvis.core.state_machine: Gesture detected: three_fingers_left (conf: 0.90, State: CAMERA_MODE)
2026-05-11 22:40:59,935 [INFO] jarvis.core.state_machine: Gesture detected: three_fingers_down (conf: 0.90, State: CAMERA_MODE)
2026-05-11 22:41:00,102 [INFO] jarvis.core.state_machine: Gesture detected: three_fingers_right (conf: 0.90, State: CAMERA_MODE)
2026-05-11 22:41:00,159 [INFO] jarvis.core.state_machine: Gesture detected: open_palm (conf: 0.95, State: CAMERA_MODE)
2026-05-11 22:41:00,209 [INFO] jarvis.core.state_machine: Gesture detected: three_fingers_right (conf: 0.90, State: CAMERA_MODE)
2026-05-11 22:41:00,258 [INFO] jarvis.core.state_machine: Gesture detected: open_palm (conf: 0.95, State: CAMERA_MODE)
2026-05-11 22:41:00,299 [INFO] jarvis.core.state_machine: Gesture detected: three_fingers_right (conf: 0.90, State: CAMERA_MODE)
2026-05-11 22:41:00,347 [INFO] jarvis.core.state_machine: Gesture detected: three_fingers_right (conf: 0.90, State: CAMERA_MODE)
2026-05-11 22:41:00,392 [INFO] jarvis.core.state_machine: Gesture detected: three_fingers_right (conf: 0.90, State: CAMERA_MODE)
2026-05-11 22:41:00,436 [INFO] jarvis.core.state_machine: Gesture detected: three_fingers_right (conf: 0.90, State: CAMERA_MODE)
2026-05-11 22:41:00,485 [INFO] jarvis.core.state_machine: Gesture detected: peace_sign (conf: 0.95, State: CAMERA_MODE)
2026-05-11 22:41:00,531 [INFO] jarvis.core.state_machine: Gesture detected: three_fingers_up (conf: 0.90, State: CAMERA_MODE)
2026-05-11 22:41:06,740 [INFO] jarvis.core.state_machine: Gesture detected: fist (conf: 0.90, State: CAMERA_MODE)
2026-05-11 22:41:06,764 [INFO] jarvis.core.state_machine: Gesture detected: three_fingers_down (conf: 0.90, State: CAMERA_MODE)
2026-05-11 22:41:07,001 [INFO] jarvis.core.state_machine: Gesture detected: fist (conf: 0.90, State: CAMERA_MODE)
2026-05-11 22:41:14,545 [INFO] jarvis.core.state_machine: Gesture detected: one_index_up (conf: 0.95, State: CAMERA_MODE)
2026-05-11 22:41:14,682 [INFO] jarvis.vision.worker: Index Up confirmed (5 frames). Starting temp voice.
2026-05-11 22:41:14,687 [INFO] jarvis.core.state_machine: Temp voice listening activated in Camera Mode.
2026-05-11 22:41:14,694 [INFO] jarvis.audio.speech_recognition: Vosk is listening (shared stream)...
2026-05-11 22:41:19,949 [INFO] jarvis.audio.speech_recognition: Vosk is listening (shared stream)...
2026-05-11 22:41:25,241 [INFO] jarvis.audio.speech_recognition: Vosk is listening (shared stream)...
2026-05-11 22:41:30,495 [INFO] jarvis.audio.speech_recognition: Vosk is listening (shared stream)...
2026-05-11 22:41:32,764 [INFO] jarvis.core.state_machine: Gesture detected: rock_sign (conf: 0.95, State: CAMERA_MODE)
2026-05-11 22:41:32,764 [INFO] jarvis.core.state_machine: Exit gesture 'rock_sign' triggered in Camera Mode.
2026-05-11 22:41:32,764 [INFO] jarvis.core.state_machine: Exiting Camera Mode -> Returning to Voice Mode
2026-05-11 22:41:32,764 [INFO] jarvis.core.state_machine: Temp voice listening deactivated.
2026-05-11 22:41:32,764 [INFO] jarvis.vision.worker: Vision mode set to: none
2026-05-11 22:41:32,790 [INFO] jarvis.audio.speech_recognition: Vosk listening cancelled by event.
2026-05-11 22:41:32,800 [INFO] jarvis.vision.worker: Vision Worker stopped.
2026-05-11 22:41:32,800 [INFO] jarvis.audio.snap_detector: Snap detector deactivated.
2026-05-11 22:41:32,809 [INFO] jarvis.core.state_machine: Ignoring temp voice result — finger was lowered.
2026-05-11 22:41:32,832 [INFO] jarvis.audio.snap_detector: Snap detector deactivated.
2026-05-11 22:41:32,832 [INFO] jarvis.vision.worker: Vision mode set to: none
2026-05-11 22:41:32,885 [INFO] jarvis.audio.speech_recognition: Vosk is listening (shared stream)...
2026-05-11 22:41:42,947 [INFO] jarvis.audio.speech_recognition: Vosk is listening (shared stream)...
2026-05-11 22:41:50,245 [INFO] jarvis.audio.snap_detector: Snap detector deactivated.
2026-05-11 22:41:50,269 [INFO] jarvis.vision.worker: Vision mode set to: camera
2026-05-11 22:41:50,275 [INFO] jarvis.audio.speech_recognition: Vosk listening cancelled by event.
2026-05-11 22:41:50,640 [INFO] jarvis.vision.worker: Vision Worker started.
2026-05-11 22:41:50,643 [INFO] jarvis.core.state_machine: Voice mode loop ended. Current state: CAMERA_MODE
2026-05-11 22:41:50,707 [INFO] jarvis.core.state_machine: Gesture detected: rock_sign (conf: 0.95, State: CAMERA_MODE)
2026-05-11 22:41:50,708 [INFO] jarvis.core.state_machine: Exit gesture 'rock_sign' triggered in Camera Mode.
2026-05-11 22:41:50,708 [INFO] jarvis.core.state_machine: Exiting Camera Mode -> Returning to Voice Mode
2026-05-11 22:41:50,709 [INFO] jarvis.vision.worker: Vision mode set to: none
2026-05-11 22:41:50,783 [INFO] jarvis.vision.worker: Vision Worker stopped.
2026-05-11 22:41:50,783 [INFO] jarvis.audio.snap_detector: Snap detector deactivated.
2026-05-11 22:41:50,822 [INFO] jarvis.audio.snap_detector: Snap detector deactivated.
2026-05-11 22:41:50,823 [INFO] jarvis.vision.worker: Vision mode set to: none
2026-05-11 22:41:50,882 [INFO] jarvis.audio.speech_recognition: Vosk is listening (shared stream)...
2026-05-11 22:41:53,460 [INFO] jarvis.audio.snap_detector: Snap detector deactivated.
2026-05-11 22:41:53,485 [INFO] jarvis.vision.worker: Vision mode set to: camera
2026-05-11 22:41:53,508 [INFO] jarvis.audio.speech_recognition: Vosk listening cancelled by event.
2026-05-11 22:41:53,598 [INFO] jarvis.vision.worker: Vision Worker started.
2026-05-11 22:41:53,604 [INFO] jarvis.core.state_machine: Voice mode loop ended. Current state: CAMERA_MODE
2026-05-11 22:42:03,145 [INFO] jarvis.core.state_machine: Gesture detected: fist (conf: 0.90, State: CAMERA_MODE)
2026-05-12 22:07:35,463 [INFO] auhip: Starting auhip Assistant...
2026-05-12 22:07:35,464 [INFO] auhip.core.agent: Loaded identity profile (5070 chars).
2026-05-12 22:07:35,465 [INFO] auhip.core.agent: Gemini AI REST client initialised.
2026-05-12 22:07:37,171 [INFO] auhip.core.state_machine: State Machine started in STANDBY.
2026-05-12 22:07:37,176 [INFO] auhip.audio.speech_recognition: Loading Vosk model from: vosk-model-small-en-us-0.15
2026-05-12 22:07:37,961 [INFO] auhip.audio.speech_recognition: Vosk initialized successfully.
2026-05-12 22:07:38,065 [INFO] auhip.audio.microphone: Microphone stream started (Device: Default).
2026-05-12 22:07:38,066 [INFO] auhip.audio.snap_detector: Snap detector activated.
2026-05-12 22:07:38,066 [INFO] auhip: auhip is ready.
2026-05-12 22:07:38,066 [INFO] auhip:   Wake phrase    : 'daddy home'
2026-05-12 22:07:38,066 [INFO] auhip:   Shutdown phrase: 'goodbye jojo'
2026-05-12 22:07:39,250 [INFO] auhip.audio.snap_detector: Sound detected! Energy: 0.0147
2026-05-12 22:07:39,250 [INFO] auhip.audio.snap_detector: Snap detected! Energy: 0.0147, Avg: 0.0010
2026-05-12 22:07:39,696 [INFO] auhip.audio.snap_detector: Snap detected! Energy: 0.0222, Avg: 0.0018
2026-05-12 22:07:39,704 [INFO] auhip.audio.speech_recognition: Vosk is listening (shared stream)...
2026-05-12 22:07:40,856 [INFO] auhip.audio.speech_recognition: Vosk Recognized: "[unk] home"
2026-05-12 22:07:40,858 [INFO] auhip.audio.speech_recognition: Vosk recognized '[unk] home', but it doesn't match a command. Falling back to Google...
2026-05-12 22:07:40,858 [INFO] auhip.audio.speech_recognition: Requesting Google Cloud fallback recognition...
2026-05-12 22:07:41,458 [INFO] auhip.audio.speech_recognition: Google Fallback Recognized: 'heading home'
2026-05-12 22:07:43,315 [INFO] auhip.audio.snap_detector: Sound detected! Energy: 0.0109
2026-05-12 22:07:43,315 [INFO] auhip.audio.snap_detector: Snap detected! Energy: 0.0109, Avg: 0.0010
2026-05-12 22:07:43,801 [INFO] auhip.audio.snap_detector: Snap detected! Energy: 0.0349, Avg: 0.0016
2026-05-12 22:07:43,804 [INFO] auhip.audio.speech_recognition: Vosk is listening (shared stream)...
2026-05-12 22:07:45,176 [INFO] auhip.audio.speech_recognition: Vosk Recognized: "[unk] daddy home"
2026-05-12 22:07:45,177 [INFO] auhip.audio.snap_detector: Snap detector deactivated.
2026-05-12 22:07:45,178 [INFO] auhip.vision.worker: Vision mode set to: none
2026-05-12 22:07:45,404 [INFO] auhip.audio.speech_recognition: Vosk is listening (shared stream)...
2026-05-12 22:07:55,453 [INFO] auhip.audio.speech_recognition: Requesting Google Cloud fallback recognition...
2026-05-12 22:07:56,152 [INFO] auhip.audio.speech_recognition: Vosk is listening (shared stream)...
2026-05-12 22:08:06,173 [INFO] auhip.audio.speech_recognition: Requesting Google Cloud fallback recognition...
2026-05-13 00:18:41,371 [INFO] auhip: Starting auhip Assistant...
2026-05-13 00:18:41,392 [INFO] auhip.core.agent: Hybrid local-first orchestration layer initialised.
2026-05-13 00:18:43,963 [INFO] auhip.core.state_machine: State Machine started in STANDBY.
2026-05-13 00:18:43,967 [INFO] auhip.audio.speech_recognition: Loading Vosk model from: vosk-model-small-en-us-0.15
2026-05-13 00:18:44,584 [INFO] auhip.audio.speech_recognition: Vosk initialized successfully.
2026-05-13 00:18:44,687 [INFO] auhip.audio.microphone: Microphone stream started (Device: Default).
2026-05-13 00:18:44,687 [INFO] auhip.audio.snap_detector: Snap detector activated.
2026-05-13 00:18:44,687 [INFO] auhip: auhip is ready.
2026-05-13 00:18:44,688 [INFO] auhip:   Wake phrase    : 'daddy home'
2026-05-13 00:18:44,688 [INFO] auhip:   Shutdown phrase: 'goodbye jojo'
2026-05-13 00:18:46,252 [INFO] auhip.audio.snap_detector: Sound detected! Energy: 0.0242
2026-05-13 00:18:46,253 [INFO] auhip.audio.snap_detector: Snap detected! Energy: 0.0242, Avg: 0.0031
2026-05-13 00:18:47,259 [INFO] auhip.audio.snap_detector: Sound detected! Energy: 0.0306
2026-05-13 00:18:48,246 [INFO] auhip.audio.snap_detector: Snap detector activated.
2026-05-13 00:18:49,302 [INFO] auhip.audio.snap_detector: Snap detected! Energy: 0.0089, Avg: 0.0010
2026-05-13 00:18:51,294 [INFO] auhip.audio.snap_detector: Snap detector activated.
2026-05-13 00:18:52,471 [INFO] auhip.audio.snap_detector: Sound detected! Energy: 0.0102
2026-05-13 00:18:52,471 [INFO] auhip.audio.snap_detector: Snap detected! Energy: 0.0102, Avg: 0.0010
2026-05-13 00:18:54,466 [INFO] auhip.audio.snap_detector: Snap detector activated.
2026-05-13 00:18:58,500 [INFO] auhip.audio.snap_detector: Snap detected! Energy: 0.0064, Avg: 0.0010
2026-05-13 00:18:58,647 [INFO] auhip.audio.snap_detector: Sound detected! Energy: 0.0114
2026-05-13 00:18:59,117 [INFO] auhip.audio.snap_detector: Snap detected! Energy: 0.0102, Avg: 0.0017
2026-05-13 00:18:59,123 [INFO] auhip.audio.speech_recognition: Vosk is listening (shared stream)...
2026-05-13 00:19:00,379 [INFO] auhip.audio.snap_detector: Sound detected! Energy: 0.0168
2026-05-13 00:19:02,318 [INFO] auhip.audio.snap_detector: Snap detected! Energy: 0.0075, Avg: 0.0010
2026-05-13 00:19:05,511 [INFO] auhip.audio.snap_detector: Sound detected! Energy: 0.0217
2026-05-13 00:19:05,511 [INFO] auhip.audio.snap_detector: Snap detected! Energy: 0.0217, Avg: 0.0032
2026-05-13 00:19:07,145 [INFO] auhip.audio.speech_recognition: Requesting Google Cloud fallback recognition...
2026-05-13 00:19:08,389 [INFO] auhip.audio.snap_detector: Snap detected! Energy: 0.0067, Avg: 0.0010
2026-05-13 00:19:10,386 [INFO] auhip.audio.snap_detector: Snap detector activated.
2026-05-13 00:19:12,353 [INFO] auhip.audio.snap_detector: Sound detected! Energy: 0.0198
2026-05-13 00:19:12,353 [INFO] auhip.audio.snap_detector: Snap detected! Energy: 0.0198, Avg: 0.0020
2026-05-13 00:19:13,825 [INFO] auhip.audio.snap_detector: Sound detected! Energy: 0.0150
2026-05-13 00:19:14,357 [INFO] auhip.audio.snap_detector: Snap detector activated.
2026-05-13 00:19:14,475 [INFO] auhip.audio.snap_detector: Snap detected! Energy: 0.0099, Avg: 0.0016
2026-05-13 00:19:14,811 [INFO] auhip.audio.snap_detector: Snap detected! Energy: 0.1217, Avg: 0.0104
2026-05-13 00:19:14,814 [INFO] auhip.audio.speech_recognition: Vosk is listening (shared stream)...
2026-05-13 00:19:14,854 [INFO] auhip.audio.snap_detector: Sound detected! Energy: 0.1022
2026-05-13 00:19:16,423 [INFO] auhip.audio.snap_detector: Sound detected! Energy: 0.0198
2026-05-13 00:19:17,450 [INFO] auhip.audio.snap_detector: Sound detected! Energy: 0.0121
2026-05-13 00:19:17,720 [INFO] auhip.audio.snap_detector: Snap detected! Energy: 0.0392, Avg: 0.0062
2026-05-13 00:19:18,472 [INFO] auhip.audio.snap_detector: Sound detected! Energy: 0.0917
2026-05-13 00:19:19,786 [INFO] auhip.audio.snap_detector: Sound detected! Energy: 0.0105
2026-05-13 00:19:20,840 [INFO] auhip.audio.snap_detector: Sound detected! Energy: 0.0346
2026-05-13 00:19:21,878 [INFO] auhip.audio.snap_detector: Sound detected! Energy: 0.1184
2026-05-13 00:19:21,878 [INFO] auhip.audio.snap_detector: Snap detected! Energy: 0.1184, Avg: 0.0101
2026-05-13 00:19:22,192 [INFO] auhip.audio.snap_detector: Snap detected! Energy: 0.2382, Avg: 0.0185
2026-05-13 00:19:22,834 [INFO] auhip.audio.speech_recognition: Requesting Google Cloud fallback recognition...
2026-05-13 00:19:23,030 [INFO] auhip.audio.snap_detector: Sound detected! Energy: 0.1126
2026-05-13 00:19:23,626 [INFO] auhip.audio.snap_detector: Snap detected! Energy: 0.3873, Avg: 0.0482
2026-05-13 00:19:24,048 [INFO] auhip.audio.snap_detector: Sound detected! Energy: 0.0214
2026-05-13 00:19:25,125 [INFO] auhip.audio.snap_detector: Sound detected! Energy: 0.0201
2026-05-13 00:19:25,624 [INFO] auhip.audio.snap_detector: Snap detector activated.
2026-05-13 00:19:26,368 [INFO] auhip.audio.snap_detector: Sound detected! Energy: 0.0152
2026-05-13 00:19:27,432 [INFO] auhip.audio.snap_detector: Sound detected! Energy: 0.0136
2026-05-13 00:19:29,348 [INFO] auhip.audio.snap_detector: Sound detected! Energy: 0.0126
2026-05-13 00:19:29,348 [INFO] auhip.audio.snap_detector: Snap detected! Energy: 0.0126, Avg: 0.0021
2026-05-13 00:19:30,369 [INFO] auhip.audio.snap_detector: Sound detected! Energy: 0.0104
2026-05-13 00:19:30,785 [INFO] auhip.audio.snap_detector: Snap detected! Energy: 0.0293, Avg: 0.0046
2026-05-13 00:19:30,789 [INFO] auhip.audio.speech_recognition: Vosk is listening (shared stream)...
2026-05-13 00:19:31,389 [INFO] auhip.audio.snap_detector: Sound detected! Energy: 0.0225
2026-05-13 00:19:32,403 [INFO] auhip.audio.snap_detector: Sound detected! Energy: 0.0196
2026-05-13 00:19:32,863 [INFO] auhip.audio.speech_recognition: Vosk Recognized: "daddy home"
2026-05-13 00:19:32,864 [INFO] auhip.audio.snap_detector: Snap detector deactivated.
2026-05-13 00:19:32,864 [INFO] auhip.vision.worker: Vision mode set to: none
2026-05-13 00:19:33,026 [INFO] auhip.audio.speech_recognition: Vosk is listening (shared stream)...
2026-05-13 00:19:43,064 [INFO] auhip.audio.speech_recognition: Requesting Google Cloud fallback recognition...
2026-05-13 00:19:43,823 [INFO] auhip.audio.speech_recognition: Vosk is listening (shared stream)...
2026-05-13 00:19:53,871 [INFO] auhip.audio.speech_recognition: Requesting Google Cloud fallback recognition...
2026-05-13 00:19:54,619 [INFO] auhip.audio.speech_recognition: Vosk is listening (shared stream)...
2026-05-13 00:20:04,645 [INFO] auhip.audio.speech_recognition: Requesting Google Cloud fallback recognition...
2026-05-13 00:20:05,351 [INFO] auhip.audio.speech_recognition: Vosk is listening (shared stream)...
2026-05-13 00:20:15,378 [INFO] auhip.audio.speech_recognition: Requesting Google Cloud fallback recognition...
2026-05-13 00:20:16,119 [INFO] auhip.audio.speech_recognition: Vosk is listening (shared stream)...
2026-05-13 00:20:22,054 [INFO] auhip.audio.speech_recognition: Vosk Recognized: "are you there"
2026-05-13 00:20:22,055 [INFO] auhip.audio.speech_recognition: Vosk recognized 'are you there', but it doesn't match a command. Falling back to Google...
2026-05-13 00:20:22,055 [INFO] auhip.audio.speech_recognition: Requesting Google Cloud fallback recognition...
2026-05-13 00:20:22,696 [INFO] auhip.audio.speech_recognition: Google Fallback Recognized: 'are you there'
2026-05-13 00:20:22,705 [INFO] auhip.core.llm.router: Dispatching intent processing for prompt: 'are you there'
2026-05-13 00:20:24,701 [WARNING] auhip.core.llm.router: Local engine status checks failed. Prompting direct external escalation routing.
2026-05-13 00:20:24,701 [INFO] auhip.core.llm.router: Escalating reasoning request to Layer 3 cloud neural infrastructure.
2026-05-13 00:20:29,658 [INFO] auhip.core.llm.router: Finalized structural resolution: Intent='acknowledgment_and_activation', Confidence=1.00, Tool=None
2026-05-13 00:20:29,698 [INFO] auhip.audio.speech_recognition: Vosk is listening (shared stream)...
2026-05-13 00:20:39,779 [INFO] auhip.audio.speech_recognition: Vosk Recognized (Final): "are you and seventy nine"
2026-05-13 00:20:39,779 [INFO] auhip.audio.speech_recognition: Vosk recognized 'are you and seventy nine', but it doesn't match a command. Falling back to Google...
2026-05-13 00:20:39,780 [INFO] auhip.audio.speech_recognition: Requesting Google Cloud fallback recognition...
2026-05-13 00:20:40,808 [INFO] auhip.audio.speech_recognition: Google Fallback Recognized: 'are you and jem'
2026-05-13 00:20:40,815 [INFO] auhip.core.llm.router: Dispatching intent processing for prompt: 'are you and jem'
2026-05-13 00:20:42,808 [WARNING] auhip.core.llm.router: Local engine status checks failed. Prompting direct external escalation routing.
2026-05-13 00:20:42,810 [INFO] auhip.core.llm.router: Escalating reasoning request to Layer 3 cloud neural infrastructure.
2026-05-13 00:20:48,791 [INFO] auhip.core.llm.router: Finalized structural resolution: Intent='identity_verification', Confidence=1.00, Tool=None
2026-05-13 00:20:48,817 [INFO] auhip.audio.speech_recognition: Vosk is listening (shared stream)...
2026-05-13 00:20:58,869 [INFO] auhip.audio.speech_recognition: Vosk Recognized (Final): "are you a local like question"
2026-05-13 00:20:58,869 [INFO] auhip.audio.speech_recognition: Vosk recognized 'are you a local like question', but it doesn't match a command. Falling back to Google...
2026-05-13 00:20:58,870 [INFO] auhip.audio.speech_recognition: Requesting Google Cloud fallback recognition...
2026-05-13 00:20:59,748 [INFO] auhip.audio.speech_recognition: Google Fallback Recognized: 'are you a local'
2026-05-13 00:20:59,755 [INFO] auhip.core.llm.router: Dispatching intent processing for prompt: 'are you a local'
2026-05-13 00:21:01,747 [WARNING] auhip.core.llm.router: Local engine status checks failed. Prompting direct external escalation routing.
2026-05-13 00:21:01,748 [INFO] auhip.core.llm.router: Escalating reasoning request to Layer 3 cloud neural infrastructure.
2026-05-13 00:21:05,698 [INFO] auhip.core.llm.router: Finalized structural resolution: Intent='identity_verification', Confidence=1.00, Tool=None
2026-05-13 00:21:05,724 [INFO] auhip.audio.speech_recognition: Vosk is listening (shared stream)...
2026-05-13 00:21:15,507 [INFO] auhip.audio.speech_recognition: Vosk Recognized: "goodbye job"
2026-05-13 00:21:15,517 [INFO] auhip.skills.system_controls: SKILL: Sleep Mode.
2026-05-13 00:21:15,517 [INFO] auhip.core.agent: Local skill matched for: 'goodbye job'
2026-05-13 00:21:15,522 [INFO] auhip.audio.snap_detector: Snap detector activated.
2026-05-13 00:21:15,525 [INFO] auhip.audio.snap_detector: Sound detected! Energy: 0.0667
2026-05-13 00:21:15,535 [INFO] auhip.core.state_machine: Voice mode loop ended. Current state: SLEEP
2026-05-13 00:21:15,546 [INFO] auhip.vision.worker: Vision mode set to: sleep
2026-05-13 00:21:15,637 [INFO] auhip.vision.worker: Vision Worker started.
2026-05-13 00:21:15,896 [WARNING] auhip.core.state_machine: Unknown attention state: UNKNOWN
2026-05-13 00:21:16,535 [INFO] auhip.audio.snap_detector: Sound detected! Energy: 0.0536
2026-05-13 00:21:17,229 [INFO] auhip.core.state_machine: Gesture detected: one_index_up (conf: 0.95, State: SLEEP)
2026-05-13 00:21:17,297 [INFO] auhip.core.state_machine: Gesture detected: three_fingers_up (conf: 0.90, State: SLEEP)
2026-05-13 00:21:17,411 [INFO] auhip.core.state_machine: Gesture detected: fist (conf: 0.90, State: SLEEP)
2026-05-13 00:21:17,549 [INFO] auhip.audio.snap_detector: Sound detected! Energy: 0.0391
2026-05-13 00:21:17,972 [INFO] auhip.audio.snap_detector: Snap detected! Energy: 0.1865, Avg: 0.0297
2026-05-13 00:21:18,613 [INFO] auhip.audio.snap_detector: Sound detected! Energy: 0.0136
2026-05-13 00:21:19,631 [INFO] auhip.audio.snap_detector: Sound detected! Energy: 0.0192
2026-05-13 00:21:19,979 [INFO] auhip.audio.snap_detector: Snap detector activated.
2026-05-13 00:21:20,662 [INFO] auhip.audio.snap_detector: Sound detected! Energy: 0.0390
2026-05-13 00:21:20,815 [INFO] auhip.core.state_machine: Gesture detected: three_fingers_up (conf: 0.90, State: SLEEP)
2026-05-13 00:21:21,035 [INFO] auhip.audio.snap_detector: Snap detected! Energy: 0.2361, Avg: 0.0370
2026-05-13 00:21:21,036 [INFO] auhip.core.state_machine: Gesture detected: three_fingers_up (conf: 0.90, State: SLEEP)
2026-05-13 00:21:21,124 [INFO] auhip.core.state_machine: Gesture detected: one_index_up (conf: 0.95, State: SNAP_DETECTED)
2026-05-13 00:21:21,676 [INFO] auhip.audio.snap_detector: Sound detected! Energy: 0.0120
2026-05-13 00:21:22,700 [INFO] auhip.audio.snap_detector: Sound detected! Energy: 0.0477
2026-05-13 00:21:23,046 [INFO] auhip.audio.snap_detector: Snap detector activated.
2026-05-13 00:21:23,728 [INFO] auhip.audio.snap_detector: Sound detected! Energy: 0.0145
2026-05-13 00:21:24,746 [INFO] auhip.audio.snap_detector: Sound detected! Energy: 0.0127
2026-05-13 00:21:25,764 [INFO] auhip.audio.snap_detector: Sound detected! Energy: 0.0418
2026-05-13 00:21:26,331 [INFO] auhip.audio.snap_detector: Snap detected! Energy: 0.1929, Avg: 0.0317
2026-05-13 00:21:26,791 [INFO] auhip.audio.snap_detector: Sound detected! Energy: 0.0229
2026-05-13 00:21:27,800 [INFO] auhip.audio.snap_detector: Sound detected! Energy: 0.0275
2026-05-13 00:21:28,345 [INFO] auhip.audio.snap_detector: Snap detector activated.
2026-05-13 00:21:28,821 [INFO] auhip.audio.snap_detector: Sound detected! Energy: 0.0286
2026-05-13 00:21:29,876 [INFO] auhip.audio.snap_detector: Sound detected! Energy: 0.0321
2026-05-13 00:21:30,884 [INFO] auhip.audio.snap_detector: Sound detected! Energy: 0.0208
2026-05-13 00:21:31,899 [INFO] auhip.audio.snap_detector: Sound detected! Energy: 0.0366
2026-05-13 00:21:32,941 [INFO] auhip.audio.snap_detector: Sound detected! Energy: 0.0415
2026-05-13 00:21:33,341 [INFO] auhip.audio.snap_detector: Snap detected! Energy: 0.2478, Avg: 0.0354
2026-05-13 00:21:33,945 [INFO] auhip.audio.snap_detector: Sound detected! Energy: 0.0109
2026-05-13 00:21:34,725 [INFO] auhip.audio.snap_detector: Snap detected! Energy: 0.2342, Avg: 0.0351
2026-05-13 00:21:34,737 [INFO] auhip.audio.speech_recognition: Vosk is listening (shared stream)...
2026-05-13 00:21:34,958 [INFO] auhip.audio.snap_detector: Sound detected! Energy: 0.0503
2026-05-13 00:21:36,003 [INFO] auhip.audio.snap_detector: Sound detected! Energy: 0.0410
2026-05-13 00:21:36,356 [INFO] auhip.audio.speech_recognition: Vosk Recognized: "exit"
2026-05-13 00:21:36,358 [INFO] auhip.core.state_machine: Exit command accepted from Sleep Mode.
2026-05-13 00:21:36,675 [INFO] auhip.core.state_machine: Gesture detected: one_index_up (conf: 0.95, State: SHUTDOWN)
2026-05-13 00:21:36,765 [INFO] auhip.core.state_machine: Gesture detected: open_palm (conf: 0.95, State: SHUTDOWN)
2026-05-13 00:21:36,875 [INFO] auhip.core.state_machine: Gesture detected: three_fingers_up (conf: 0.90, State: SHUTDOWN)
2026-05-13 00:21:36,985 [INFO] auhip.core.state_machine: Gesture detected: fist (conf: 0.90, State: SHUTDOWN)
2026-05-13 00:21:37,095 [INFO] auhip.audio.snap_detector: Sound detected! Energy: 0.0268
2026-05-13 00:21:37,096 [INFO] auhip.core.state_machine: Gesture detected: one_index_up (conf: 0.95, State: SHUTDOWN)
2026-05-13 00:21:37,380 [INFO] auhip: Audio loop stopped.
2026-05-13 00:21:37,380 [INFO] auhip.core.state_machine: State Machine cleanup complete.
2026-05-13 00:21:37,381 [INFO] auhip.audio.snap_detector: Snap detector deactivated.
2026-05-13 00:21:37,450 [INFO] auhip.audio.microphone: Microphone stream stopped.
2026-05-13 00:21:37,481 [INFO] auhip.vision.worker: Vision Worker stopped.
2026-05-13 00:21:37,482 [INFO] auhip: auhip shut down.
2026-05-13 00:22:15,855 [INFO] auhip: Starting auhip Assistant...
2026-05-13 00:22:15,950 [INFO] auhip.core.agent: Hybrid local-first orchestration layer initialised.
2026-05-13 00:22:16,776 [INFO] auhip.core.state_machine: State Machine started in STANDBY.
2026-05-13 00:22:16,779 [INFO] auhip.audio.speech_recognition: Loading Vosk model from: vosk-model-small-en-us-0.15
2026-05-13 00:22:17,256 [INFO] auhip.audio.speech_recognition: Vosk initialized successfully.
2026-05-13 00:22:17,309 [INFO] auhip.audio.microphone: Microphone stream started (Device: Default).
2026-05-13 00:22:17,309 [INFO] auhip.audio.snap_detector: Snap detector activated.
2026-05-13 00:22:17,309 [INFO] auhip: auhip is ready.
2026-05-13 00:22:17,309 [INFO] auhip:   Wake phrase    : 'daddy home'
2026-05-13 00:22:17,310 [INFO] auhip:   Shutdown phrase: 'goodbye jojo'
2026-05-13 00:22:17,512 [INFO] auhip.audio.snap_detector: Snap detected! Energy: 0.0097, Avg: 0.0015
2026-05-13 00:22:17,524 [INFO] auhip.audio.snap_detector: Sound detected! Energy: 0.0537
2026-05-13 00:22:18,538 [INFO] auhip.audio.snap_detector: Sound detected! Energy: 0.0146
2026-05-13 00:22:19,512 [INFO] auhip.audio.snap_detector: Snap detector activated.
2026-05-13 00:22:19,749 [INFO] auhip.audio.snap_detector: Sound detected! Energy: 0.0116
2026-05-13 00:22:20,533 [INFO] auhip.audio.snap_detector: Snap detected! Energy: 0.0704, Avg: 0.0113
2026-05-13 00:22:20,861 [INFO] auhip.audio.snap_detector: Sound detected! Energy: 0.0108
2026-05-13 00:22:21,890 [INFO] auhip.audio.snap_detector: Sound detected! Energy: 0.0102
2026-05-13 00:22:22,527 [INFO] auhip.audio.snap_detector: Snap detector activated.
2026-05-13 00:22:23,844 [INFO] auhip.audio.snap_detector: Sound detected! Energy: 0.0122
2026-05-13 00:22:23,877 [INFO] auhip.audio.snap_detector: Snap detected! Energy: 0.0306, Avg: 0.0033
2026-05-13 00:22:24,992 [INFO] auhip.audio.snap_detector: Sound detected! Energy: 0.0106
2026-05-13 00:22:25,870 [INFO] auhip.audio.snap_detector: Snap detector activated.
2026-05-13 00:22:26,014 [INFO] auhip.audio.snap_detector: Sound detected! Energy: 0.0100
2026-05-13 00:22:27,037 [INFO] auhip.audio.snap_detector: Sound detected! Energy: 0.0138
2026-05-13 00:22:28,053 [INFO] auhip.audio.snap_detector: Sound detected! Energy: 0.0464
2026-05-13 00:22:29,074 [INFO] auhip.audio.snap_detector: Sound detected! Energy: 0.0112
2026-05-13 00:22:30,108 [INFO] auhip.audio.snap_detector: Sound detected! Energy: 0.0368
2026-05-13 00:22:31,139 [INFO] auhip.audio.snap_detector: Sound detected! Energy: 0.0424
2026-05-13 00:22:32,149 [INFO] auhip.audio.snap_detector: Sound detected! Energy: 0.0181
2026-05-13 00:22:33,160 [INFO] auhip.audio.snap_detector: Sound detected! Energy: 0.0653
2026-05-13 00:22:34,180 [INFO] auhip.audio.snap_detector: Sound detected! Energy: 0.0129
2026-05-13 00:22:35,211 [INFO] auhip.audio.snap_detector: Sound detected! Energy: 0.0229
2026-05-13 00:22:36,236 [INFO] auhip.audio.snap_detector: Sound detected! Energy: 0.0179
2026-05-13 00:22:37,264 [INFO] auhip.audio.snap_detector: Sound detected! Energy: 0.0283
2026-05-13 00:22:38,276 [INFO] auhip.audio.snap_detector: Sound detected! Energy: 0.0263
2026-05-13 00:22:39,297 [INFO] auhip.audio.snap_detector: Sound detected! Energy: 0.0244
2026-05-13 00:22:40,318 [INFO] auhip.audio.snap_detector: Sound detected! Energy: 0.0663
2026-05-13 00:22:41,395 [INFO] auhip.audio.snap_detector: Sound detected! Energy: 0.0186
2026-05-13 00:22:42,400 [INFO] auhip.audio.snap_detector: Sound detected! Energy: 0.0227
2026-05-13 00:22:43,424 [INFO] auhip.audio.snap_detector: Sound detected! Energy: 0.0287
2026-05-13 00:22:44,468 [INFO] auhip.audio.snap_detector: Sound detected! Energy: 0.0122
2026-05-13 00:22:45,479 [INFO] auhip.audio.snap_detector: Sound detected! Energy: 0.0436
2026-05-13 00:22:46,493 [INFO] auhip.audio.snap_detector: Sound detected! Energy: 0.0235
2026-05-13 00:22:47,517 [INFO] auhip.audio.snap_detector: Sound detected! Energy: 0.0406
2026-05-13 00:22:48,534 [INFO] auhip.audio.snap_detector: Sound detected! Energy: 0.0489
2026-05-13 00:22:49,559 [INFO] auhip.audio.snap_detector: Sound detected! Energy: 0.0157
2026-05-13 00:22:50,581 [INFO] auhip.audio.snap_detector: Sound detected! Energy: 0.0268
2026-05-13 00:22:51,609 [INFO] auhip.audio.snap_detector: Sound detected! Energy: 0.0415
2026-05-13 00:22:52,627 [INFO] auhip.audio.snap_detector: Sound detected! Energy: 0.0372
2026-05-13 00:22:53,648 [INFO] auhip.audio.snap_detector: Sound detected! Energy: 0.0103
2026-05-13 00:22:54,675 [INFO] auhip.audio.snap_detector: Sound detected! Energy: 0.0326
2026-05-13 00:22:55,695 [INFO] auhip.audio.snap_detector: Sound detected! Energy: 0.0294
2026-05-13 00:22:56,714 [INFO] auhip.audio.snap_detector: Sound detected! Energy: 0.0509
2026-05-13 00:22:57,735 [INFO] auhip.audio.snap_detector: Sound detected! Energy: 0.0431
2026-05-13 00:22:58,753 [INFO] auhip.audio.snap_detector: Sound detected! Energy: 0.0254
2026-05-13 00:22:59,777 [INFO] auhip.audio.snap_detector: Sound detected! Energy: 0.0300
2026-05-13 00:23:00,791 [INFO] auhip.audio.snap_detector: Sound detected! Energy: 0.0149
2026-05-13 00:23:01,841 [INFO] auhip.audio.snap_detector: Sound detected! Energy: 0.0450
2026-05-13 00:23:02,850 [INFO] auhip.audio.snap_detector: Sound detected! Energy: 0.0277
2026-05-13 00:23:03,909 [INFO] auhip.audio.snap_detector: Sound detected! Energy: 0.0155
2026-05-13 00:23:04,939 [INFO] auhip.audio.snap_detector: Sound detected! Energy: 0.0230
2026-05-13 00:23:05,958 [INFO] auhip.audio.snap_detector: Sound detected! Energy: 0.0580
2026-05-13 00:23:06,979 [INFO] auhip.audio.snap_detector: Sound detected! Energy: 0.0243
2026-05-13 00:23:07,994 [INFO] auhip.audio.snap_detector: Sound detected! Energy: 0.0137
2026-05-13 00:23:09,069 [INFO] auhip.audio.snap_detector: Sound detected! Energy: 0.0267
2026-05-13 00:23:10,088 [INFO] auhip.audio.snap_detector: Sound detected! Energy: 0.0207
2026-05-13 00:23:11,109 [INFO] auhip.audio.snap_detector: Sound detected! Energy: 0.0382
2026-05-13 00:23:12,124 [INFO] auhip.audio.snap_detector: Sound detected! Energy: 0.0394
2026-05-13 00:23:13,157 [INFO] auhip.audio.snap_detector: Sound detected! Energy: 0.0142
2026-05-13 00:23:14,186 [INFO] auhip.audio.snap_detector: Sound detected! Energy: 0.0133
2026-05-13 00:23:15,211 [INFO] auhip.audio.snap_detector: Sound detected! Energy: 0.0101
2026-05-13 00:23:16,225 [INFO] auhip.audio.snap_detector: Sound detected! Energy: 0.0162
2026-05-13 00:23:17,237 [INFO] auhip.audio.snap_detector: Sound detected! Energy: 0.0166
2026-05-13 00:23:17,990 [INFO] auhip.audio.snap_detector: Snap detected! Energy: 0.0470, Avg: 0.0071
2026-05-13 00:23:18,454 [INFO] auhip.audio.snap_detector: Sound detected! Energy: 0.0622
2026-05-13 00:23:18,454 [INFO] auhip.audio.snap_detector: Snap detected! Energy: 0.0622, Avg: 0.0074
2026-05-13 00:23:18,458 [INFO] auhip.audio.speech_recognition: Vosk is listening (shared stream)...
2026-05-13 00:23:19,462 [INFO] auhip.audio.snap_detector: Sound detected! Energy: 0.0124
2026-05-13 00:23:20,484 [INFO] auhip.audio.snap_detector: Sound detected! Energy: 0.0135
2026-05-13 00:23:21,518 [INFO] auhip.audio.snap_detector: Sound detected! Energy: 0.0114
2026-05-13 00:23:22,780 [INFO] auhip.audio.snap_detector: Sound detected! Energy: 0.0160
2026-05-13 00:23:23,924 [INFO] auhip.audio.snap_detector: Sound detected! Energy: 0.0139
2026-05-13 00:23:24,948 [INFO] auhip.audio.snap_detector: Sound detected! Energy: 0.0135
2026-05-13 00:23:25,970 [INFO] auhip.audio.snap_detector: Sound detected! Energy: 0.0236
2026-05-13 00:23:26,479 [INFO] auhip.audio.speech_recognition: Requesting Google Cloud fallback recognition...
2026-05-13 00:23:26,998 [INFO] auhip.audio.snap_detector: Sound detected! Energy: 0.0227
2026-05-13 00:23:28,053 [INFO] auhip.audio.snap_detector: Sound detected! Energy: 0.0228
2026-05-13 00:23:28,944 [INFO] auhip.audio.snap_detector: Snap detected! Energy: 0.0412, Avg: 0.0049
2026-05-13 00:23:29,084 [INFO] auhip.audio.snap_detector: Sound detected! Energy: 0.0125
2026-05-13 00:23:30,110 [INFO] auhip.audio.snap_detector: Sound detected! Energy: 0.0111
2026-05-13 00:23:30,934 [INFO] auhip.audio.snap_detector: Snap detector activated.
2026-05-13 00:23:31,134 [INFO] auhip.audio.snap_detector: Sound detected! Energy: 0.0430
2026-05-13 00:23:32,154 [INFO] auhip.audio.snap_detector: Sound detected! Energy: 0.0275
2026-05-13 00:23:34,658 [INFO] auhip.audio.snap_detector: Snap detected! Energy: 0.0064, Avg: 0.0010
2026-05-13 00:23:34,670 [INFO] auhip.audio.snap_detector: Sound detected! Energy: 0.0125
2026-05-13 00:23:35,360 [INFO] auhip.audio.snap_detector: Snap detected! Energy: 0.0271, Avg: 0.0021
2026-05-13 00:23:35,363 [INFO] auhip.audio.speech_recognition: Vosk is listening (shared stream)...
2026-05-13 00:23:35,674 [INFO] auhip.audio.snap_detector: Sound detected! Energy: 0.0459
2026-05-13 00:23:35,674 [INFO] auhip.audio.snap_detector: Snap detected! Energy: 0.0459, Avg: 0.0056
2026-05-13 00:23:37,768 [INFO] auhip.audio.snap_detector: Sound detected! Energy: 0.0165
2026-05-13 00:23:37,768 [INFO] auhip.audio.snap_detector: Snap detected! Energy: 0.0165, Avg: 0.0012
2026-05-13 00:23:38,877 [INFO] auhip.audio.snap_detector: Sound detected! Energy: 0.0140
2026-05-13 00:23:40,180 [INFO] auhip.audio.snap_detector: Sound detected! Energy: 0.0100
2026-05-13 00:23:40,180 [INFO] auhip.audio.snap_detector: Snap detected! Energy: 0.0100, Avg: 0.0014
2026-05-13 00:23:40,880 [INFO] auhip.audio.snap_detector: Snap detected! Energy: 0.0252, Avg: 0.0040
2026-05-13 00:23:41,489 [INFO] auhip.audio.snap_detector: Sound detected! Energy: 0.0180
2026-05-13 00:23:42,883 [INFO] auhip.audio.snap_detector: Sound detected! Energy: 0.0149
2026-05-13 00:23:42,915 [INFO] auhip.audio.snap_detector: Snap detected! Energy: 0.0320, Avg: 0.0047
2026-05-13 00:23:43,390 [INFO] auhip.audio.speech_recognition: Requesting Google Cloud fallback recognition...
2026-05-13 00:23:43,951 [INFO] auhip.audio.snap_detector: Sound detected! Energy: 0.0170
2026-05-13 00:23:45,121 [INFO] auhip.audio.snap_detector: Sound detected! Energy: 0.0240
2026-05-13 00:23:46,125 [INFO] auhip.audio.snap_detector: Sound detected! Energy: 0.0235
2026-05-13 00:23:47,161 [INFO] auhip.audio.snap_detector: Sound detected! Energy: 0.0122
2026-05-13 00:23:48,263 [INFO] auhip.audio.snap_detector: Sound detected! Energy: 0.0164
2026-05-13 00:23:49,380 [INFO] auhip.audio.snap_detector: Sound detected! Energy: 0.0145
2026-05-13 00:23:50,484 [INFO] auhip.audio.snap_detector: Sound detected! Energy: 0.0247
2026-05-13 00:23:52,348 [INFO] auhip.audio.snap_detector: Sound detected! Energy: 0.0200
2026-05-13 00:23:52,546 [INFO] auhip.audio.snap_detector: Snap detected! Energy: 0.0279, Avg: 0.0042
2026-05-13 00:23:53,506 [INFO] auhip.audio.snap_detector: Sound detected! Energy: 0.0145
2026-05-13 00:23:54,545 [INFO] auhip.audio.snap_detector: Snap detector activated.
2026-05-13 00:23:54,802 [INFO] auhip.audio.snap_detector: Sound detected! Energy: 0.0165
2026-05-13 00:23:54,813 [INFO] auhip.audio.snap_detector: Snap detected! Energy: 0.0258, Avg: 0.0039
2026-05-13 00:23:55,977 [INFO] auhip.audio.snap_detector: Sound detected! Energy: 0.0292
2026-05-13 00:23:55,977 [INFO] auhip.audio.snap_detector: Snap detected! Energy: 0.0292, Avg: 0.0024
2026-05-13 00:23:55,981 [INFO] auhip.audio.speech_recognition: Vosk is listening (shared stream)...
2026-05-13 00:23:57,144 [INFO] auhip.audio.snap_detector: Sound detected! Energy: 0.0166
2026-05-13 00:23:58,161 [INFO] auhip.audio.snap_detector: Sound detected! Energy: 0.0111
2026-05-13 00:23:59,229 [INFO] auhip.audio.snap_detector: Sound detected! Energy: 0.0118
2026-05-13 00:24:00,344 [INFO] auhip.audio.snap_detector: Sound detected! Energy: 0.0164
2026-05-13 00:24:01,460 [INFO] auhip.audio.snap_detector: Sound detected! Energy: 0.0233
2026-05-13 00:24:01,460 [INFO] auhip.audio.snap_detector: Snap detected! Energy: 0.0233, Avg: 0.0035
2026-05-13 00:24:02,474 [INFO] auhip.audio.snap_detector: Sound detected! Energy: 0.0209
2026-05-13 00:24:03,497 [INFO] auhip.audio.snap_detector: Sound detected! Energy: 0.0115
2026-05-13 00:24:04,009 [INFO] auhip.audio.speech_recognition: Requesting Google Cloud fallback recognition...
2026-05-13 00:24:04,520 [INFO] auhip.audio.snap_detector: Sound detected! Energy: 0.0337
2026-05-13 00:24:05,536 [INFO] auhip.audio.snap_detector: Sound detected! Energy: 0.0435
2026-05-13 00:24:06,609 [INFO] auhip.audio.snap_detector: Sound detected! Energy: 0.0248
2026-05-13 00:24:07,630 [INFO] auhip.audio.snap_detector: Sound detected! Energy: 0.0402
2026-05-13 00:24:08,650 [INFO] auhip.audio.snap_detector: Sound detected! Energy: 0.0284
2026-05-13 00:24:09,721 [INFO] auhip.audio.snap_detector: Sound detected! Energy: 0.0355
2026-05-13 00:24:10,737 [INFO] auhip.audio.snap_detector: Sound detected! Energy: 0.0198
2026-05-13 00:24:11,762 [INFO] auhip.audio.snap_detector: Sound detected! Energy: 0.0690
2026-05-13 00:24:12,784 [INFO] auhip.audio.snap_detector: Sound detected! Energy: 0.0178
2026-05-13 00:24:13,822 [INFO] auhip.audio.snap_detector: Sound detected! Energy: 0.0539
2026-05-13 00:24:14,881 [INFO] auhip.audio.snap_detector: Sound detected! Energy: 0.0574
2026-05-13 00:24:15,895 [INFO] auhip.audio.snap_detector: Sound detected! Energy: 0.0212
2026-05-13 00:24:16,920 [INFO] auhip.audio.snap_detector: Sound detected! Energy: 0.0432
2026-05-13 00:24:17,938 [INFO] auhip.audio.snap_detector: Sound detected! Energy: 0.0465
2026-05-13 00:24:19,022 [INFO] auhip.audio.snap_detector: Sound detected! Energy: 0.0845
2026-05-13 00:24:20,075 [INFO] auhip.audio.snap_detector: Sound detected! Energy: 0.0166
2026-05-13 00:24:21,102 [INFO] auhip.audio.snap_detector: Sound detected! Energy: 0.0321
2026-05-13 00:24:22,205 [INFO] auhip.audio.snap_detector: Sound detected! Energy: 0.0273
2026-05-13 00:24:23,225 [INFO] auhip.audio.snap_detector: Sound detected! Energy: 0.0156
2026-05-13 00:24:24,258 [INFO] auhip.audio.snap_detector: Sound detected! Energy: 0.0634
2026-05-13 00:24:25,330 [INFO] auhip.audio.snap_detector: Sound detected! Energy: 0.0110
2026-05-13 00:24:26,389 [INFO] auhip.audio.snap_detector: Sound detected! Energy: 0.0143
2026-05-13 00:24:27,749 [INFO] auhip.audio.snap_detector: Sound detected! Energy: 0.0235
2026-05-13 00:24:28,569 [INFO] auhip.audio.snap_detector: Snap detected! Energy: 0.0691, Avg: 0.0109
2026-05-13 00:24:28,761 [INFO] auhip.audio.snap_detector: Sound detected! Energy: 0.0339
2026-05-13 00:24:29,779 [INFO] auhip.audio.snap_detector: Sound detected! Energy: 0.0479
2026-05-13 00:24:30,560 [INFO] auhip.audio.snap_detector: Snap detector activated.
2026-05-13 00:24:30,802 [INFO] auhip.audio.snap_detector: Sound detected! Energy: 0.0107
2026-05-13 00:24:31,827 [INFO] auhip.audio.snap_detector: Sound detected! Energy: 0.0130
2026-05-13 00:24:32,845 [INFO] auhip.audio.snap_detector: Sound detected! Energy: 0.0162
2026-05-13 00:24:33,922 [INFO] auhip.audio.snap_detector: Sound detected! Energy: 0.0109
2026-05-13 00:24:34,934 [INFO] auhip.audio.snap_detector: Sound detected! Energy: 0.0120
2026-05-13 00:24:36,055 [INFO] auhip.audio.snap_detector: Sound detected! Energy: 0.0176
2026-05-13 00:24:37,067 [INFO] auhip.audio.snap_detector: Sound detected! Energy: 0.0267
2026-05-13 00:24:38,226 [INFO] auhip.audio.snap_detector: Sound detected! Energy: 0.0117
2026-05-13 00:24:39,264 [INFO] auhip.audio.snap_detector: Sound detected! Energy: 0.0214
2026-05-13 00:24:40,275 [INFO] auhip.audio.snap_detector: Sound detected! Energy: 0.0274
2026-05-13 00:24:41,301 [INFO] auhip.audio.snap_detector: Sound detected! Energy: 0.0129
2026-05-13 00:24:42,315 [INFO] auhip.audio.snap_detector: Sound detected! Energy: 0.0228
2026-05-13 00:24:43,348 [INFO] auhip.audio.snap_detector: Sound detected! Energy: 0.0590
2026-05-13 00:24:44,372 [INFO] auhip.audio.snap_detector: Sound detected! Energy: 0.0208
2026-05-13 00:24:45,487 [INFO] auhip.audio.snap_detector: Sound detected! Energy: 0.0114
2026-05-13 00:24:46,494 [INFO] auhip.audio.snap_detector: Sound detected! Energy: 0.0385
2026-05-13 00:24:47,518 [INFO] auhip.audio.snap_detector: Sound detected! Energy: 0.0282
2026-05-13 00:24:48,591 [INFO] auhip.audio.snap_detector: Sound detected! Energy: 0.0114
2026-05-13 00:24:49,610 [INFO] auhip.audio.snap_detector: Sound detected! Energy: 0.0757
2026-05-13 00:24:50,630 [INFO] auhip.audio.snap_detector: Sound detected! Energy: 0.0360
2026-05-13 00:24:51,661 [INFO] auhip.audio.snap_detector: Sound detected! Energy: 0.0469
2026-05-13 00:24:52,678 [INFO] auhip.audio.snap_detector: Sound detected! Energy: 0.0286
2026-05-13 00:24:53,697 [INFO] auhip.audio.snap_detector: Sound detected! Energy: 0.0340
2026-05-13 00:24:54,860 [INFO] auhip.audio.snap_detector: Sound detected! Energy: 0.0124
2026-05-13 00:24:55,883 [INFO] auhip.audio.snap_detector: Sound detected! Energy: 0.0127
2026-05-13 00:24:56,895 [INFO] auhip.audio.snap_detector: Sound detected! Energy: 0.0130
2026-05-13 00:24:57,918 [INFO] auhip.audio.snap_detector: Sound detected! Energy: 0.0200
2026-05-13 00:24:58,952 [INFO] auhip.audio.snap_detector: Sound detected! Energy: 0.0127
2026-05-13 00:24:59,964 [INFO] auhip.audio.snap_detector: Sound detected! Energy: 0.0388
2026-05-13 00:25:00,991 [INFO] auhip.audio.snap_detector: Sound detected! Energy: 0.0888
2026-05-13 00:25:02,014 [INFO] auhip.audio.snap_detector: Sound detected! Energy: 0.0188
2026-05-13 00:25:03,024 [INFO] auhip.audio.snap_detector: Sound detected! Energy: 0.0246
2026-05-13 00:25:04,058 [INFO] auhip.audio.snap_detector: Sound detected! Energy: 0.0148
2026-05-13 00:25:05,122 [INFO] auhip.audio.snap_detector: Sound detected! Energy: 0.0154
2026-05-13 00:25:06,203 [INFO] auhip.audio.snap_detector: Sound detected! Energy: 0.0303
2026-05-13 00:25:07,310 [INFO] auhip.audio.snap_detector: Sound detected! Energy: 0.0162
2026-05-13 00:25:08,378 [INFO] auhip.audio.snap_detector: Sound detected! Energy: 0.0148
2026-05-13 00:25:09,397 [INFO] auhip.audio.snap_detector: Sound detected! Energy: 0.0668
2026-05-13 00:25:10,421 [INFO] auhip.audio.snap_detector: Sound detected! Energy: 0.0165
2026-05-13 00:25:11,440 [INFO] auhip.audio.snap_detector: Sound detected! Energy: 0.0279
2026-05-13 00:25:12,521 [INFO] auhip.audio.snap_detector: Sound detected! Energy: 0.0214
2026-05-13 00:25:13,529 [INFO] auhip.audio.snap_detector: Sound detected! Energy: 0.0345
2026-05-13 00:25:14,545 [INFO] auhip.audio.snap_detector: Sound detected! Energy: 0.0680
2026-05-13 00:25:15,574 [INFO] auhip.audio.snap_detector: Sound detected! Energy: 0.0299
2026-05-13 00:25:16,592 [INFO] auhip.audio.snap_detector: Sound detected! Energy: 0.0338
2026-05-13 00:25:17,615 [INFO] auhip.audio.snap_detector: Sound detected! Energy: 0.0446
2026-05-13 00:25:18,637 [INFO] auhip.audio.snap_detector: Sound detected! Energy: 0.0102
2026-05-13 00:25:19,659 [INFO] auhip.audio.snap_detector: Sound detected! Energy: 0.0304
2026-05-13 00:25:20,676 [INFO] auhip.audio.snap_detector: Sound detected! Energy: 0.0180
2026-05-13 00:25:21,698 [INFO] auhip.audio.snap_detector: Sound detected! Energy: 0.0111
2026-05-13 00:25:22,722 [INFO] auhip.audio.snap_detector: Sound detected! Energy: 0.0215
2026-05-13 00:25:23,750 [INFO] auhip.audio.snap_detector: Sound detected! Energy: 0.0230
2026-05-13 00:25:24,776 [INFO] auhip.audio.snap_detector: Sound detected! Energy: 0.0148
2026-05-13 00:25:25,789 [INFO] auhip.audio.snap_detector: Sound detected! Energy: 0.0148
2026-05-13 00:25:26,872 [INFO] auhip.audio.snap_detector: Sound detected! Energy: 0.0117
2026-05-13 00:25:27,883 [INFO] auhip.audio.snap_detector: Sound detected! Energy: 0.0210
2026-05-13 00:25:28,895 [INFO] auhip.audio.snap_detector: Sound detected! Energy: 0.0165
2026-05-13 00:25:30,125 [INFO] auhip.audio.snap_detector: Sound detected! Energy: 0.0112
2026-05-13 00:25:31,135 [INFO] auhip.audio.snap_detector: Sound detected! Energy: 0.0197
2026-05-13 00:25:32,147 [INFO] auhip.audio.snap_detector: Sound detected! Energy: 0.0347
2026-05-13 00:25:33,171 [INFO] auhip.audio.snap_detector: Sound detected! Energy: 0.0286
2026-05-13 00:25:34,299 [INFO] auhip.audio.snap_detector: Sound detected! Energy: 0.0127
2026-05-13 00:25:35,306 [INFO] auhip.audio.snap_detector: Sound detected! Energy: 0.0176
2026-05-13 00:25:36,338 [INFO] auhip.audio.snap_detector: Sound detected! Energy: 0.0139
2026-05-13 00:25:37,633 [INFO] auhip.audio.snap_detector: Sound detected! Energy: 0.0166
2026-05-13 00:25:38,646 [INFO] auhip.audio.snap_detector: Sound detected! Energy: 0.0388
2026-05-13 00:25:39,674 [INFO] auhip.audio.snap_detector: Sound detected! Energy: 0.0133
2026-05-13 00:25:40,703 [INFO] auhip.audio.snap_detector: Sound detected! Energy: 0.0126
2026-05-13 00:25:41,728 [INFO] auhip.audio.snap_detector: Sound detected! Energy: 0.0209
2026-05-13 00:25:42,738 [INFO] auhip.audio.snap_detector: Sound detected! Energy: 0.0195
2026-05-13 00:25:43,756 [INFO] auhip.audio.snap_detector: Sound detected! Energy: 0.0280
2026-05-13 00:25:44,781 [INFO] auhip.audio.snap_detector: Sound detected! Energy: 0.0118
2026-05-13 00:25:45,802 [INFO] auhip.audio.snap_detector: Sound detected! Energy: 0.0352
2026-05-13 00:25:46,830 [INFO] auhip.audio.snap_detector: Sound detected! Energy: 0.0297
2026-05-13 00:25:47,893 [INFO] auhip.audio.snap_detector: Sound detected! Energy: 0.0168
2026-05-13 00:25:48,917 [INFO] auhip.audio.snap_detector: Sound detected! Energy: 0.0454
2026-05-13 00:25:49,939 [INFO] auhip.audio.snap_detector: Sound detected! Energy: 0.0147
2026-05-13 00:25:50,965 [INFO] auhip.audio.snap_detector: Sound detected! Energy: 0.0404
2026-05-13 00:25:51,977 [INFO] auhip.audio.snap_detector: Sound detected! Energy: 0.0347
2026-05-13 00:25:52,999 [INFO] auhip.audio.snap_detector: Sound detected! Energy: 0.0367
2026-05-13 00:25:54,017 [INFO] auhip.audio.snap_detector: Sound detected! Energy: 0.0123
2026-05-13 00:25:55,066 [INFO] auhip.audio.snap_detector: Sound detected! Energy: 0.0202
2026-05-13 00:25:56,073 [INFO] auhip.audio.snap_detector: Sound detected! Energy: 0.0108
2026-05-13 00:25:57,139 [INFO] auhip.audio.snap_detector: Sound detected! Energy: 0.0246
2026-05-13 00:25:57,460 [INFO] auhip.audio.snap_detector: Snap detected! Energy: 0.1637, Avg: 0.0267
2026-05-13 00:25:58,164 [INFO] auhip.audio.snap_detector: Sound detected! Energy: 0.0345
2026-05-13 00:25:59,184 [INFO] auhip.audio.snap_detector: Sound detected! Energy: 0.0414
2026-05-13 00:25:59,451 [INFO] auhip.audio.snap_detector: Snap detector activated.
2026-05-13 00:26:00,250 [INFO] auhip.audio.snap_detector: Sound detected! Energy: 0.0271
2026-05-13 00:26:01,266 [INFO] auhip.audio.snap_detector: Sound detected! Energy: 0.0187
2026-05-13 00:26:02,288 [INFO] auhip.audio.snap_detector: Sound detected! Energy: 0.0269
2026-05-13 00:26:03,311 [INFO] auhip.audio.snap_detector: Sound detected! Energy: 0.0235
2026-05-13 00:26:04,333 [INFO] auhip.audio.snap_detector: Sound detected! Energy: 0.0591
2026-05-13 00:26:05,357 [INFO] auhip.audio.snap_detector: Sound detected! Energy: 0.0129
2026-05-13 00:26:06,382 [INFO] auhip.audio.snap_detector: Sound detected! Energy: 0.0393
2026-05-13 00:26:07,414 [INFO] auhip.audio.snap_detector: Sound detected! Energy: 0.0168
2026-05-13 00:26:08,429 [INFO] auhip.audio.snap_detector: Sound detected! Energy: 0.0396
2026-05-13 00:26:09,443 [INFO] auhip.audio.snap_detector: Sound detected! Energy: 0.0669
2026-05-13 00:26:10,458 [INFO] auhip.audio.snap_detector: Sound detected! Energy: 0.0264
2026-05-13 00:26:11,494 [INFO] auhip.audio.snap_detector: Sound detected! Energy: 0.0169
2026-05-13 00:26:12,515 [INFO] auhip.audio.snap_detector: Sound detected! Energy: 0.0260
2026-05-13 00:26:13,957 [INFO] auhip.audio.snap_detector: Sound detected! Energy: 0.0101
2026-05-13 00:26:14,455 [INFO] auhip.audio.snap_detector: Snap detected! Energy: 0.0298, Avg: 0.0042
2026-05-13 00:26:14,975 [INFO] auhip.audio.snap_detector: Sound detected! Energy: 0.0202
2026-05-13 00:26:15,991 [INFO] auhip.audio.snap_detector: Sound detected! Energy: 0.0637
2026-05-13 00:26:16,449 [INFO] auhip.audio.snap_detector: Snap detector activated.
2026-05-13 00:26:17,016 [INFO] auhip.audio.snap_detector: Sound detected! Energy: 0.0236
2026-05-13 00:26:18,029 [INFO] auhip.audio.snap_detector: Sound detected! Energy: 0.0106
2026-05-13 00:26:19,063 [INFO] auhip.audio.snap_detector: Sound detected! Energy: 0.0156
2026-05-13 00:26:22,777 [INFO] auhip: Starting auhip Assistant...
2026-05-13 00:26:22,785 [INFO] auhip.core.agent: Hybrid local-first orchestration layer initialised.
2026-05-13 00:26:23,585 [INFO] auhip.core.state_machine: State Machine started in STANDBY.
2026-05-13 00:26:23,589 [INFO] auhip.audio.speech_recognition: Loading Vosk model from: vosk-model-small-en-us-0.15
2026-05-13 00:26:24,069 [INFO] auhip.audio.speech_recognition: Vosk initialized successfully.
2026-05-13 00:26:24,121 [INFO] auhip.audio.microphone: Microphone stream started (Device: Default).
2026-05-13 00:26:24,121 [INFO] auhip.audio.snap_detector: Snap detector activated.
2026-05-13 00:26:24,121 [INFO] auhip: auhip is ready.
2026-05-13 00:26:24,122 [INFO] auhip:   Wake phrase    : 'daddy home'
2026-05-13 00:26:24,122 [INFO] auhip:   Shutdown phrase: 'goodbye jojo'
2026-05-13 00:26:24,340 [INFO] auhip.audio.snap_detector: Sound detected! Energy: 0.0256
2026-05-13 00:26:24,340 [INFO] auhip.audio.snap_detector: Snap detected! Energy: 0.0256, Avg: 0.0039
2026-05-13 00:26:25,360 [INFO] auhip.audio.snap_detector: Sound detected! Energy: 0.0315
2026-05-13 00:26:26,342 [INFO] auhip.audio.snap_detector: Snap detector activated.
2026-05-13 00:26:26,369 [INFO] auhip.audio.snap_detector: Sound detected! Energy: 0.0269
2026-05-13 00:26:27,402 [INFO] auhip.audio.snap_detector: Sound detected! Energy: 0.0231
2026-05-13 00:26:28,418 [INFO] auhip.audio.snap_detector: Sound detected! Energy: 0.0289
2026-05-13 00:26:29,450 [INFO] auhip.audio.snap_detector: Sound detected! Energy: 0.0159
2026-05-13 00:26:30,460 [INFO] auhip.audio.snap_detector: Sound detected! Energy: 0.0132
2026-05-13 00:26:31,478 [INFO] auhip.audio.snap_detector: Sound detected! Energy: 0.0162
2026-05-13 00:26:32,493 [INFO] auhip.audio.snap_detector: Sound detected! Energy: 0.0154
2026-05-13 00:26:33,056 [INFO] auhip.audio.snap_detector: Snap detected! Energy: 0.1735, Avg: 0.0215
2026-05-13 00:26:33,528 [INFO] auhip.audio.snap_detector: Sound detected! Energy: 0.0368
2026-05-13 00:26:34,543 [INFO] auhip.audio.snap_detector: Sound detected! Energy: 0.0163
2026-05-13 00:26:35,061 [INFO] auhip.audio.snap_detector: Snap detector activated.
2026-05-13 00:26:35,564 [INFO] auhip.audio.snap_detector: Sound detected! Energy: 0.0126
2026-05-13 00:26:36,586 [INFO] auhip.audio.snap_detector: Sound detected! Energy: 0.0268
2026-05-13 00:26:37,603 [INFO] auhip.audio.snap_detector: Sound detected! Energy: 0.0193
2026-05-13 00:26:38,629 [INFO] auhip.audio.snap_detector: Sound detected! Energy: 0.0124
2026-05-13 00:26:39,653 [INFO] auhip.audio.snap_detector: Sound detected! Energy: 0.0149
2026-05-13 00:26:40,486 [INFO] auhip.audio.snap_detector: Snap detected! Energy: 0.1676, Avg: 0.0263
2026-05-13 00:26:40,674 [INFO] auhip.audio.snap_detector: Sound detected! Energy: 0.0497
2026-05-13 00:26:41,697 [INFO] auhip.audio.snap_detector: Sound detected! Energy: 0.0165
2026-05-13 00:26:42,481 [INFO] auhip.audio.snap_detector: Snap detector activated.
2026-05-13 00:26:42,717 [INFO] auhip.audio.snap_detector: Sound detected! Energy: 0.0250
2026-05-13 00:26:43,737 [INFO] auhip.audio.snap_detector: Sound detected! Energy: 0.0325
2026-05-13 00:26:44,770 [INFO] auhip.audio.snap_detector: Sound detected! Energy: 0.0263
2026-05-13 00:26:45,798 [INFO] auhip.audio.snap_detector: Sound detected! Energy: 0.0190
2026-05-13 00:26:46,342 [INFO] auhip.audio.snap_detector: Snap detected! Energy: 0.2102, Avg: 0.0251
2026-05-13 00:26:46,805 [INFO] auhip.audio.snap_detector: Sound detected! Energy: 0.0479
2026-05-13 00:26:47,825 [INFO] auhip.audio.snap_detector: Sound detected! Energy: 0.0213
2026-05-13 00:26:48,341 [INFO] auhip.audio.snap_detector: Snap detector activated.
2026-05-13 00:26:48,809 [INFO] auhip.audio.snap_detector: Snap detected! Energy: 0.2032, Avg: 0.0331
2026-05-13 00:26:48,843 [INFO] auhip.audio.snap_detector: Sound detected! Energy: 0.0496
2026-05-13 00:26:49,870 [INFO] auhip.audio.snap_detector: Sound detected! Energy: 0.0418
2026-05-13 00:26:50,808 [INFO] auhip.audio.snap_detector: Snap detector activated.
2026-05-13 00:26:50,901 [INFO] auhip.audio.snap_detector: Sound detected! Energy: 0.0409
2026-05-13 00:26:51,922 [INFO] auhip.audio.snap_detector: Sound detected! Energy: 0.0107
2026-05-13 00:26:52,977 [INFO] auhip.audio.snap_detector: Sound detected! Energy: 0.0238
2026-05-13 00:26:53,782 [INFO] auhip.audio.snap_detector: Snap detected! Energy: 0.2594, Avg: 0.0362
2026-05-13 00:26:54,011 [INFO] auhip.audio.snap_detector: Sound detected! Energy: 0.0365
2026-05-13 00:26:55,036 [INFO] auhip.audio.snap_detector: Sound detected! Energy: 0.0183
2026-05-13 00:26:55,726 [INFO] auhip.audio.snap_detector: Snap detected! Energy: 0.2257, Avg: 0.0362
2026-05-13 00:26:55,731 [INFO] auhip.audio.speech_recognition: Vosk is listening (shared stream)...
2026-05-13 00:26:56,051 [INFO] auhip.audio.snap_detector: Sound detected! Energy: 0.0459
2026-05-13 00:26:57,071 [INFO] auhip.audio.snap_detector: Sound detected! Energy: 0.0481
2026-05-13 00:26:58,087 [INFO] auhip.audio.snap_detector: Sound detected! Energy: 0.0389
2026-05-13 00:26:59,111 [INFO] auhip.audio.snap_detector: Sound detected! Energy: 0.0555
2026-05-13 00:26:59,766 [INFO] auhip.audio.speech_recognition: Vosk Recognized: "daddy home"
2026-05-13 00:26:59,768 [INFO] auhip.audio.snap_detector: Snap detector deactivated.
2026-05-13 00:26:59,768 [INFO] auhip.vision.worker: Vision mode set to: none
2026-05-13 00:26:59,916 [INFO] auhip.audio.speech_recognition: Vosk is listening (shared stream)...
2026-05-13 00:27:05,630 [INFO] auhip: Starting auhip Assistant...
2026-05-13 00:27:05,637 [INFO] auhip.core.agent: Hybrid local-first orchestration layer initialised.
2026-05-13 00:27:06,452 [INFO] auhip.core.state_machine: State Machine started in STANDBY.
2026-05-13 00:27:06,456 [INFO] auhip.audio.speech_recognition: Loading Vosk model from: vosk-model-small-en-us-0.15
2026-05-13 00:27:06,934 [INFO] auhip.audio.speech_recognition: Vosk initialized successfully.
2026-05-13 00:27:06,985 [INFO] auhip.audio.microphone: Microphone stream started (Device: Default).
2026-05-13 00:27:06,986 [INFO] auhip.audio.snap_detector: Snap detector activated.
2026-05-13 00:27:06,986 [INFO] auhip: auhip is ready.
2026-05-13 00:27:06,986 [INFO] auhip:   Wake phrase    : 'daddy home'
2026-05-13 00:27:06,987 [INFO] auhip:   Shutdown phrase: 'goodbye jojo'
2026-05-13 00:27:07,194 [INFO] auhip.audio.snap_detector: Sound detected! Energy: 0.0181
2026-05-13 00:27:07,194 [INFO] auhip.audio.snap_detector: Snap detected! Energy: 0.0181, Avg: 0.0027
2026-05-13 00:27:08,033 [INFO] auhip.audio.snap_detector: Snap detected! Energy: 0.1595, Avg: 0.0187
2026-05-13 00:27:08,037 [INFO] auhip.audio.speech_recognition: Vosk is listening (shared stream)...
2026-05-13 00:27:08,405 [INFO] auhip.audio.snap_detector: Sound detected! Energy: 0.0234
2026-05-13 00:27:09,417 [INFO] auhip.audio.snap_detector: Sound detected! Energy: 0.0299
2026-05-13 00:27:10,502 [INFO] auhip.audio.snap_detector: Sound detected! Energy: 0.0106
2026-05-13 00:27:11,507 [INFO] auhip.audio.snap_detector: Sound detected! Energy: 0.0127
2026-05-13 00:27:12,534 [INFO] auhip.audio.snap_detector: Sound detected! Energy: 0.0244
2026-05-13 00:27:13,556 [INFO] auhip.audio.snap_detector: Sound detected! Energy: 0.0251
2026-05-13 00:27:14,579 [INFO] auhip.audio.snap_detector: Sound detected! Energy: 0.0189
2026-05-13 00:27:15,511 [INFO] auhip.audio.snap_detector: Snap detected! Energy: 0.1883, Avg: 0.0265
2026-05-13 00:27:15,604 [INFO] auhip.audio.snap_detector: Sound detected! Energy: 0.0832
2026-05-13 00:27:16,065 [INFO] auhip.audio.speech_recognition: Requesting Google Cloud fallback recognition...
2026-05-13 00:27:16,624 [INFO] auhip.audio.snap_detector: Sound detected! Energy: 0.0373
2026-05-13 00:27:17,638 [INFO] auhip.audio.snap_detector: Sound detected! Energy: 0.0110
2026-05-13 00:27:18,344 [INFO] auhip.audio.snap_detector: Snap detected! Energy: 0.2175, Avg: 0.0201
2026-05-13 00:27:18,660 [INFO] auhip.audio.snap_detector: Sound detected! Energy: 0.0200
2026-05-13 00:27:19,692 [INFO] auhip.audio.snap_detector: Sound detected! Energy: 0.0185
2026-05-13 00:27:20,340 [INFO] auhip.audio.snap_detector: Snap detector activated.
2026-05-13 00:27:20,761 [INFO] auhip.audio.snap_detector: Sound detected! Energy: 0.0183
2026-05-13 00:27:20,905 [INFO] auhip.audio.snap_detector: Snap detected! Energy: 0.1301, Avg: 0.0215
2026-05-13 00:27:21,774 [INFO] auhip.audio.snap_detector: Sound detected! Energy: 0.0465
2026-05-13 00:27:22,838 [INFO] auhip.audio.snap_detector: Sound detected! Energy: 0.0134
2026-05-13 00:27:22,904 [INFO] auhip.audio.snap_detector: Snap detector activated.
2026-05-13 00:27:23,867 [INFO] auhip.audio.snap_detector: Sound detected! Energy: 0.0212
2026-05-13 00:27:24,889 [INFO] auhip.audio.snap_detector: Sound detected! Energy: 0.0348
2026-05-13 00:27:25,962 [INFO] auhip.audio.snap_detector: Sound detected! Energy: 0.0220
2026-05-13 00:27:26,983 [INFO] auhip.audio.snap_detector: Sound detected! Energy: 0.0113
2026-05-13 00:27:27,159 [INFO] auhip.audio.snap_detector: Snap detected! Energy: 0.1722, Avg: 0.0182
2026-05-13 00:27:27,827 [INFO] auhip.audio.snap_detector: Snap detected! Energy: 0.1235, Avg: 0.0198
2026-05-13 00:27:27,830 [INFO] auhip.audio.speech_recognition: Vosk is listening (shared stream)...
2026-05-13 00:27:28,005 [INFO] auhip.audio.snap_detector: Sound detected! Energy: 0.0335
2026-05-13 00:27:29,025 [INFO] auhip.audio.snap_detector: Sound detected! Energy: 0.0349
2026-05-13 00:27:29,201 [INFO] auhip.audio.speech_recognition: Vosk Recognized: "[unk] daddy home"
2026-05-13 00:27:29,202 [INFO] auhip.audio.snap_detector: Snap detector deactivated.
2026-05-13 00:27:29,202 [INFO] auhip.vision.worker: Vision mode set to: none
2026-05-13 00:27:29,336 [INFO] auhip.audio.speech_recognition: Vosk is listening (shared stream)...
2026-05-13 00:29:23,612 [INFO] auhip: Starting auhip Assistant...
2026-05-13 00:29:23,619 [INFO] auhip.core.agent: Hybrid local-first orchestration layer initialised.
2026-05-13 00:29:24,452 [INFO] auhip.core.state_machine: State Machine started in STANDBY.
2026-05-13 00:29:24,455 [INFO] auhip.audio.speech_recognition: Loading Vosk model from: vosk-model-small-en-us-0.15
2026-05-13 00:29:24,927 [INFO] auhip.audio.speech_recognition: Vosk initialized successfully.
2026-05-13 00:29:24,979 [INFO] auhip.audio.microphone: Microphone stream started (Device: Default).
2026-05-13 00:29:24,979 [INFO] auhip.audio.snap_detector: Snap detector activated.
2026-05-13 00:29:24,979 [INFO] auhip: auhip is ready.
2026-05-13 00:29:24,979 [INFO] auhip:   Wake phrase    : 'daddy home'
2026-05-13 00:29:24,979 [INFO] auhip:   Shutdown phrase: 'goodbye jojo'
2026-05-13 00:29:25,181 [INFO] auhip.audio.snap_detector: Snap detected! Energy: 0.0090, Avg: 0.0015
2026-05-13 00:29:25,193 [INFO] auhip.audio.snap_detector: Sound detected! Energy: 0.0135
2026-05-13 00:29:26,203 [INFO] auhip.audio.snap_detector: Sound detected! Energy: 0.0232
2026-05-13 00:29:27,186 [INFO] auhip.audio.snap_detector: Snap detector activated.
2026-05-13 00:29:27,411 [INFO] auhip.audio.snap_detector: Sound detected! Energy: 0.0189
2026-05-13 00:29:28,438 [INFO] auhip.audio.snap_detector: Sound detected! Energy: 0.0583
2026-05-13 00:29:29,453 [INFO] auhip.audio.snap_detector: Sound detected! Energy: 0.0376
2026-05-13 00:29:30,386 [INFO] auhip.audio.snap_detector: Snap detected! Energy: 0.4568, Avg: 0.0314
2026-05-13 00:29:30,482 [INFO] auhip.audio.snap_detector: Sound detected! Energy: 0.0316
2026-05-13 00:29:31,507 [INFO] auhip.audio.snap_detector: Sound detected! Energy: 0.0102
2026-05-13 00:29:32,387 [INFO] auhip.audio.snap_detector: Snap detector activated.
2026-05-13 00:29:32,521 [INFO] auhip.audio.snap_detector: Sound detected! Energy: 0.0356
2026-05-13 00:29:33,547 [INFO] auhip.audio.snap_detector: Sound detected! Energy: 0.0292
2026-05-13 00:29:34,439 [INFO] auhip.audio.snap_detector: Snap detected! Energy: 0.2207, Avg: 0.0278
2026-05-13 00:29:34,568 [INFO] auhip.audio.snap_detector: Sound detected! Energy: 0.0212
2026-05-13 00:29:35,589 [INFO] auhip.audio.snap_detector: Sound detected! Energy: 0.0657
2026-05-13 00:29:36,437 [INFO] auhip.audio.snap_detector: Snap detector activated.
2026-05-13 00:29:36,613 [INFO] auhip.audio.snap_detector: Sound detected! Energy: 0.0117
2026-05-13 00:29:37,637 [INFO] auhip.audio.snap_detector: Sound detected! Energy: 0.0348
2026-05-13 00:29:38,337 [INFO] auhip.audio.snap_detector: Snap detected! Energy: 0.5054, Avg: 0.0370
2026-05-13 00:29:38,659 [INFO] auhip.audio.snap_detector: Sound detected! Energy: 0.0239
2026-05-13 00:29:39,673 [INFO] auhip.audio.snap_detector: Sound detected! Energy: 0.0108
2026-05-13 00:29:40,339 [INFO] auhip.audio.snap_detector: Snap detector activated.
2026-05-13 00:29:40,755 [INFO] auhip.audio.snap_detector: Sound detected! Energy: 0.0215
2026-05-13 00:29:41,764 [INFO] auhip.audio.snap_detector: Sound detected! Energy: 0.0542
2026-05-13 00:29:42,786 [INFO] auhip.audio.snap_detector: Sound detected! Energy: 0.0445
2026-05-13 00:29:43,803 [INFO] auhip.audio.snap_detector: Sound detected! Energy: 0.0765
2026-05-13 00:29:44,836 [INFO] auhip.audio.snap_detector: Sound detected! Energy: 0.0332
2026-05-13 00:29:45,759 [INFO] auhip.audio.snap_detector: Snap detected! Energy: 0.1578, Avg: 0.0243
2026-05-13 00:29:45,856 [INFO] auhip.audio.snap_detector: Sound detected! Energy: 0.0498
2026-05-13 00:29:46,096 [INFO] auhip.audio.snap_detector: Snap detected! Energy: 0.2042, Avg: 0.0270
2026-05-13 00:29:46,101 [INFO] auhip.audio.speech_recognition: Vosk is listening (shared stream)...
2026-05-13 00:29:46,877 [INFO] auhip.audio.snap_detector: Sound detected! Energy: 0.0217
2026-05-13 00:29:47,703 [INFO] auhip.audio.speech_recognition: Vosk Recognized: "daddy home"
2026-05-13 00:29:47,705 [INFO] auhip.audio.snap_detector: Snap detector deactivated.
2026-05-13 00:29:47,705 [INFO] auhip.vision.worker: Vision mode set to: none
2026-05-13 00:29:47,838 [INFO] auhip.audio.speech_recognition: Vosk is listening (shared stream)...
2026-05-13 00:29:51,336 [INFO] auhip.audio.speech_recognition: Vosk Recognized: "full control"
2026-05-13 00:29:51,336 [INFO] auhip.audio.speech_recognition: Vosk recognized 'full control', but it doesn't match a command. Falling back to Google...
2026-05-13 00:29:51,336 [INFO] auhip.audio.speech_recognition: Requesting Google Cloud fallback recognition...
2026-05-13 00:29:51,770 [INFO] auhip.audio.speech_recognition: Google Fallback Recognized: 'full control'
2026-05-13 00:29:51,776 [INFO] auhip.core.llm.router: Dispatching intent processing for prompt: 'full control'
2026-05-13 00:29:53,778 [WARNING] auhip.core.llm.router: Local engine status checks failed. Prompting direct external escalation routing.
2026-05-13 00:29:53,778 [INFO] auhip.core.llm.router: Escalating reasoning request to Layer 3 cloud neural infrastructure.
2026-05-13 00:29:59,177 [INFO] auhip.core.llm.router: Finalized structural resolution: Intent='initialize_executive_operating_system', Confidence=1.00, Tool=None
2026-05-13 00:29:59,216 [INFO] auhip.audio.speech_recognition: Vosk is listening (shared stream)...
2026-05-13 00:30:09,320 [INFO] auhip: Starting auhip Assistant...
2026-05-13 00:30:09,327 [INFO] auhip.core.agent: Hybrid local-first orchestration layer initialised.
2026-05-13 00:30:10,133 [INFO] auhip.core.state_machine: State Machine started in STANDBY.
2026-05-13 00:30:10,136 [INFO] auhip.audio.speech_recognition: Loading Vosk model from: vosk-model-small-en-us-0.15
2026-05-13 00:30:10,617 [INFO] auhip.audio.speech_recognition: Vosk initialized successfully.
2026-05-13 00:30:10,669 [INFO] auhip.audio.microphone: Microphone stream started (Device: Default).
2026-05-13 00:30:10,670 [INFO] auhip.audio.snap_detector: Snap detector activated.
2026-05-13 00:30:10,670 [INFO] auhip: auhip is ready.
2026-05-13 00:30:10,670 [INFO] auhip:   Wake phrase    : 'daddy home'
2026-05-13 00:30:10,670 [INFO] auhip:   Shutdown phrase: 'goodbye jojo'
2026-05-13 00:30:10,876 [INFO] auhip.audio.snap_detector: Sound detected! Energy: 0.0269
2026-05-13 00:30:10,876 [INFO] auhip.audio.snap_detector: Snap detected! Energy: 0.0269, Avg: 0.0042
2026-05-13 00:30:11,905 [INFO] auhip.audio.snap_detector: Sound detected! Energy: 0.0336
2026-05-13 00:30:12,870 [INFO] auhip.audio.snap_detector: Snap detector activated.
2026-05-13 00:30:12,963 [INFO] auhip.audio.snap_detector: Sound detected! Energy: 0.0294
2026-05-13 00:30:14,185 [INFO] auhip.audio.snap_detector: Sound detected! Energy: 0.0347
2026-05-13 00:30:15,259 [INFO] auhip.audio.snap_detector: Sound detected! Energy: 0.0235
2026-05-13 00:30:16,263 [INFO] auhip.audio.snap_detector: Sound detected! Energy: 0.0236
2026-05-13 00:30:17,286 [INFO] auhip.audio.snap_detector: Sound detected! Energy: 0.0128
2026-05-13 00:30:18,305 [INFO] auhip.audio.snap_detector: Sound detected! Energy: 0.0294
2026-05-13 00:30:19,339 [INFO] auhip.audio.snap_detector: Sound detected! Energy: 0.0222
2026-05-13 00:30:20,363 [INFO] auhip.audio.snap_detector: Sound detected! Energy: 0.0284
2026-05-13 00:30:21,530 [INFO] auhip.audio.snap_detector: Sound detected! Energy: 0.0197
2026-05-13 00:30:22,539 [INFO] auhip.audio.snap_detector: Sound detected! Energy: 0.0136
2026-05-13 00:30:23,551 [INFO] auhip.audio.snap_detector: Sound detected! Energy: 0.0124
2026-05-13 00:30:24,578 [INFO] auhip.audio.snap_detector: Sound detected! Energy: 0.0181
2026-05-13 00:30:25,603 [INFO] auhip.audio.snap_detector: Sound detected! Energy: 0.0391
2026-05-13 00:30:26,618 [INFO] auhip.audio.snap_detector: Sound detected! Energy: 0.0195
2026-05-13 00:30:27,687 [INFO] auhip.audio.snap_detector: Sound detected! Energy: 0.0214
2026-05-13 00:30:28,704 [INFO] auhip.audio.snap_detector: Sound detected! Energy: 0.0156
2026-05-13 00:30:29,731 [INFO] auhip.audio.snap_detector: Sound detected! Energy: 0.0120
2026-05-13 00:30:30,759 [INFO] auhip.audio.snap_detector: Sound detected! Energy: 0.0171
2026-05-13 00:30:31,772 [INFO] auhip.audio.snap_detector: Sound detected! Energy: 0.0277
2026-05-13 00:30:32,842 [INFO] auhip.audio.snap_detector: Sound detected! Energy: 0.0269
2026-05-13 00:30:33,869 [INFO] auhip.audio.snap_detector: Sound detected! Energy: 0.0110
2026-05-13 00:30:34,898 [INFO] auhip.audio.snap_detector: Sound detected! Energy: 0.0192
2026-05-13 00:30:35,906 [INFO] auhip.audio.snap_detector: Sound detected! Energy: 0.0304
2026-05-13 00:30:36,928 [INFO] auhip.audio.snap_detector: Sound detected! Energy: 0.0370
2026-05-13 00:30:37,959 [INFO] auhip.audio.snap_detector: Sound detected! Energy: 0.0131
2026-05-13 00:30:38,972 [INFO] auhip.audio.snap_detector: Sound detected! Energy: 0.0346
2026-05-13 00:30:39,995 [INFO] auhip.audio.snap_detector: Sound detected! Energy: 0.0168
2026-05-13 00:30:41,021 [INFO] auhip.audio.snap_detector: Sound detected! Energy: 0.0713
2026-05-13 00:30:42,092 [INFO] auhip.audio.snap_detector: Sound detected! Energy: 0.0242
2026-05-13 00:30:43,107 [INFO] auhip.audio.snap_detector: Sound detected! Energy: 0.0240
2026-05-13 00:30:44,129 [INFO] auhip.audio.snap_detector: Sound detected! Energy: 0.0203
2026-05-13 00:30:45,141 [INFO] auhip.audio.snap_detector: Sound detected! Energy: 0.0222
2026-05-13 00:30:46,180 [INFO] auhip.audio.snap_detector: Sound detected! Energy: 0.0322
2026-05-13 00:30:47,194 [INFO] auhip.audio.snap_detector: Sound detected! Energy: 0.0196
2026-05-13 00:30:48,214 [INFO] auhip.audio.snap_detector: Sound detected! Energy: 0.0638
2026-05-13 00:30:49,234 [INFO] auhip.audio.snap_detector: Sound detected! Energy: 0.0251
2026-05-13 00:30:50,255 [INFO] auhip.audio.snap_detector: Sound detected! Energy: 0.0198
2026-05-13 00:30:51,279 [INFO] auhip.audio.snap_detector: Sound detected! Energy: 0.0277
2026-05-13 00:30:52,315 [INFO] auhip.audio.snap_detector: Sound detected! Energy: 0.0355
2026-05-13 00:30:53,325 [INFO] auhip.audio.snap_detector: Sound detected! Energy: 0.0578
2026-05-13 00:30:54,349 [INFO] auhip.audio.snap_detector: Sound detected! Energy: 0.0107
2026-05-13 00:30:55,362 [INFO] auhip.audio.snap_detector: Sound detected! Energy: 0.0528
2026-05-13 00:30:56,488 [INFO] auhip.audio.snap_detector: Sound detected! Energy: 0.0128
2026-05-13 00:30:57,503 [INFO] auhip.audio.snap_detector: Sound detected! Energy: 0.0198
2026-05-13 00:30:58,527 [INFO] auhip.audio.snap_detector: Sound detected! Energy: 0.0160
2026-05-13 00:30:58,759 [INFO] auhip.audio.snap_detector: Snap detected! Energy: 0.0320, Avg: 0.0050
2026-05-13 00:30:59,547 [INFO] auhip.audio.snap_detector: Sound detected! Energy: 0.0292
2026-05-13 00:31:00,479 [INFO] auhip.audio.snap_detector: Snap detected! Energy: 0.0456, Avg: 0.0074
2026-05-13 00:31:00,484 [INFO] auhip.audio.speech_recognition: Vosk is listening (shared stream)...
2026-05-13 00:31:01,727 [INFO] auhip.audio.snap_detector: Snap detected! Energy: 0.0088, Avg: 0.0013
2026-05-13 00:31:01,738 [INFO] auhip.audio.snap_detector: Sound detected! Energy: 0.0203
2026-05-13 00:31:02,897 [INFO] auhip.audio.snap_detector: Sound detected! Energy: 0.0176
2026-05-13 00:31:03,365 [INFO] auhip.audio.snap_detector: Snap detected! Energy: 0.0214, Avg: 0.0024
2026-05-13 00:31:03,919 [INFO] auhip.audio.snap_detector: Sound detected! Energy: 0.0217
2026-05-13 00:31:04,974 [INFO] auhip.audio.snap_detector: Sound detected! Energy: 0.0107
2026-05-13 00:31:05,676 [INFO] auhip.audio.speech_recognition: Vosk Recognized: "[unk]"
2026-05-13 00:31:05,676 [INFO] auhip.audio.speech_recognition: Vosk recognized '[unk]', but it doesn't match a command. Falling back to Google...
2026-05-13 00:31:05,676 [INFO] auhip.audio.speech_recognition: Requesting Google Cloud fallback recognition...
2026-05-13 00:31:06,509 [INFO] auhip.audio.speech_recognition: Google Fallback Recognized: 'is full screen and control on'
2026-05-13 00:31:06,532 [INFO] auhip.audio.snap_detector: Snap detected! Energy: 0.0064, Avg: 0.0011
2026-05-13 00:31:07,352 [INFO] auhip.audio.snap_detector: Sound detected! Energy: 0.0115
2026-05-13 00:31:07,352 [INFO] auhip.audio.snap_detector: Snap detected! Energy: 0.0115, Avg: 0.0019
2026-05-13 00:31:07,356 [INFO] auhip.audio.speech_recognition: Vosk is listening (shared stream)...
2026-05-13 00:31:09,024 [INFO] auhip.audio.snap_detector: Sound detected! Energy: 0.0101
2026-05-13 00:31:13,489 [INFO] auhip: Starting auhip Assistant...
2026-05-13 00:31:13,496 [INFO] auhip.core.agent: Hybrid local-first orchestration layer initialised.
2026-05-13 00:31:14,309 [INFO] auhip.core.state_machine: State Machine started in STANDBY.
2026-05-13 00:31:14,312 [INFO] auhip.audio.speech_recognition: Loading Vosk model from: vosk-model-small-en-us-0.15
2026-05-13 00:31:14,798 [INFO] auhip.audio.speech_recognition: Vosk initialized successfully.
2026-05-13 00:31:14,850 [INFO] auhip.audio.microphone: Microphone stream started (Device: Default).
2026-05-13 00:31:14,851 [INFO] auhip.audio.snap_detector: Snap detector activated.
2026-05-13 00:31:14,851 [INFO] auhip: auhip is ready.
2026-05-13 00:31:14,851 [INFO] auhip:   Wake phrase    : 'daddy home'
2026-05-13 00:31:14,851 [INFO] auhip:   Shutdown phrase: 'goodbye jojo'
2026-05-13 00:31:21,526 [INFO] auhip.audio.snap_detector: Snap detected! Energy: 0.0081, Avg: 0.0010
2026-05-13 00:31:22,268 [INFO] auhip.audio.snap_detector: Sound detected! Energy: 0.4811
2026-05-13 00:31:22,268 [INFO] auhip.audio.snap_detector: Snap detected! Energy: 0.4811, Avg: 0.0110
2026-05-13 00:31:22,272 [INFO] auhip.audio.speech_recognition: Vosk is listening (shared stream)...
2026-05-13 00:31:23,785 [INFO] auhip.audio.snap_detector: Sound detected! Energy: 0.0105
2026-05-13 00:31:23,985 [INFO] auhip.audio.snap_detector: Snap detected! Energy: 0.0318, Avg: 0.0046
2026-05-13 00:31:26,165 [INFO] auhip.audio.snap_detector: Sound detected! Energy: 0.1659
2026-05-13 00:31:26,165 [INFO] auhip.audio.snap_detector: Snap detected! Energy: 0.1659, Avg: 0.0034
2026-05-13 00:31:27,193 [INFO] auhip.audio.snap_detector: Sound detected! Energy: 0.1843
2026-05-13 00:31:27,193 [INFO] auhip.audio.snap_detector: Snap detected! Energy: 0.1843, Avg: 0.0097
2026-05-13 00:31:27,558 [INFO] auhip.audio.snap_detector: Snap detected! Energy: 0.1189, Avg: 0.0074
2026-05-13 00:31:28,069 [INFO] auhip.audio.snap_detector: Snap detected! Energy: 0.0927, Avg: 0.0100
2026-05-13 00:31:28,196 [INFO] auhip.audio.snap_detector: Sound detected! Energy: 0.0977
2026-05-13 00:31:29,635 [INFO] auhip.audio.speech_recognition: Vosk Recognized: "daddy home"
2026-05-13 00:31:29,637 [INFO] auhip.audio.snap_detector: Snap detector deactivated.
2026-05-13 00:31:29,637 [INFO] auhip.vision.worker: Vision mode set to: none
2026-05-13 00:31:29,772 [INFO] auhip.audio.speech_recognition: Vosk is listening (shared stream)...
2026-05-13 00:31:33,818 [INFO] auhip.audio.speech_recognition: Vosk Recognized: "for the green"
2026-05-13 00:31:33,819 [INFO] auhip.audio.speech_recognition: Vosk recognized 'for the green', but it doesn't match a command. Falling back to Google...
2026-05-13 00:31:33,819 [INFO] auhip.audio.speech_recognition: Requesting Google Cloud fallback recognition...
2026-05-13 00:31:34,347 [INFO] auhip.audio.speech_recognition: Google Fallback Recognized: 'fourth grade'
2026-05-13 00:31:34,354 [INFO] auhip.core.llm.router: Dispatching intent processing for prompt: 'fourth grade'
2026-05-13 00:31:36,342 [WARNING] auhip.core.llm.router: Local engine status checks failed. Prompting direct external escalation routing.
2026-05-13 00:31:36,342 [INFO] auhip.core.llm.router: Escalating reasoning request to Layer 3 cloud neural infrastructure.
2026-05-13 00:31:43,760 [INFO] auhip.core.llm.router: Finalized structural resolution: Intent='system_initialization', Confidence=1.00, Tool=None
2026-05-13 00:31:43,801 [INFO] auhip.audio.speech_recognition: Vosk is listening (shared stream)...
2026-05-13 00:31:47,150 [INFO] auhip.audio.speech_recognition: Vosk Recognized: "for the green"
2026-05-13 00:31:47,150 [INFO] auhip.audio.speech_recognition: Vosk recognized 'for the green', but it doesn't match a command. Falling back to Google...
2026-05-13 00:31:47,150 [INFO] auhip.audio.speech_recognition: Requesting Google Cloud fallback recognition...
2026-05-13 00:31:47,689 [INFO] auhip.audio.speech_recognition: Google Fallback Recognized: 'full screen'
2026-05-13 00:31:47,720 [INFO] auhip.core.agent: Local skill matched for: 'full screen'
2026-05-13 00:31:47,753 [INFO] auhip.audio.speech_recognition: Vosk is listening (shared stream)...
2026-05-13 00:31:51,607 [INFO] auhip.audio.speech_recognition: Vosk Recognized: "control on"
2026-05-13 00:31:51,616 [INFO] auhip.audio.snap_detector: Snap detector deactivated.
2026-05-13 00:31:51,715 [INFO] auhip.vision.worker: Vision Worker started.
2026-05-13 00:31:51,735 [INFO] auhip.vision.worker: Vision mode set to: control
2026-05-13 00:31:51,736 [INFO] auhip.core.agent: Local skill matched for: 'control on'
2026-05-13 00:31:51,743 [INFO] auhip.core.state_machine: Voice mode loop ended. Current state: CONTROL_MODE
2026-05-13 00:31:51,859 [WARNING] auhip.core.state_machine: Unknown attention state: UNKNOWN
2026-05-13 00:31:59,444 [INFO] auhip.vision.worker: Click (Gesture).
2026-05-13 00:32:02,255 [INFO] auhip.vision.worker: Drag started.
2026-05-13 00:32:02,958 [INFO] auhip.vision.worker: Drag released.
2026-05-13 00:32:11,062 [INFO] auhip.core.state_machine: Gesture detected: rock_sign (conf: 0.95, State: CONTROL_MODE)
2026-05-13 00:32:11,063 [INFO] auhip.core.state_machine: Exit gesture 'rock_sign' triggered in Control Mode.
2026-05-13 00:32:11,063 [INFO] auhip.core.state_machine: Exiting Control Mode -> Falling back to Camera Mode
2026-05-13 00:32:11,063 [INFO] auhip.audio.snap_detector: Snap detector deactivated.
2026-05-13 00:32:11,086 [INFO] auhip.vision.worker: Vision mode set to: camera
2026-05-13 00:32:11,142 [INFO] auhip.core.state_machine: Gesture detected: rock_sign (conf: 0.95, State: CAMERA_MODE)
2026-05-13 00:32:11,426 [INFO] auhip.core.state_machine: Gesture detected: one_index_up (conf: 0.95, State: CAMERA_MODE)
2026-05-13 00:32:20,206 [INFO] auhip.core.state_machine: Gesture detected: rock_sign (conf: 0.95, State: CAMERA_MODE)
2026-05-13 00:32:20,206 [INFO] auhip.core.state_machine: Exit gesture 'rock_sign' triggered in Camera Mode.
2026-05-13 00:32:20,206 [INFO] auhip.core.state_machine: Exiting Camera Mode -> Returning to Voice Mode
2026-05-13 00:32:20,207 [INFO] auhip.vision.worker: Vision mode set to: none
2026-05-13 00:32:20,257 [INFO] auhip.vision.worker: Vision Worker stopped.
2026-05-13 00:32:20,258 [INFO] auhip.audio.snap_detector: Snap detector deactivated.
2026-05-13 00:32:20,284 [INFO] auhip.audio.snap_detector: Snap detector deactivated.
2026-05-13 00:32:20,284 [INFO] auhip.vision.worker: Vision mode set to: none
2026-05-13 00:32:20,348 [INFO] auhip.audio.speech_recognition: Vosk is listening (shared stream)...
2026-05-13 00:32:25,088 [INFO] auhip.audio.speech_recognition: Vosk Recognized: "good night"
2026-05-13 00:32:25,097 [INFO] auhip.skills.system_controls: SKILL: Sleep Mode.
2026-05-13 00:32:25,097 [INFO] auhip.core.agent: Local skill matched for: 'good night'
2026-05-13 00:32:25,102 [INFO] auhip.audio.snap_detector: Snap detector activated.
2026-05-13 00:32:25,114 [INFO] auhip.core.state_machine: Voice mode loop ended. Current state: SLEEP
2026-05-13 00:32:25,124 [INFO] auhip.vision.worker: Vision mode set to: sleep
2026-05-13 00:32:25,256 [INFO] auhip.vision.worker: Vision Worker started.
2026-05-13 00:32:31,615 [INFO] auhip.audio.snap_detector: Sound detected! Energy: 0.0104
2026-05-13 00:32:31,616 [INFO] auhip.audio.snap_detector: Snap detected! Energy: 0.0104, Avg: 0.0010
2026-05-13 00:32:33,626 [INFO] auhip.audio.snap_detector: Snap detector activated.
2026-05-13 00:32:35,566 [INFO] auhip.core.state_machine: Gesture detected: fist (conf: 0.90, State: SLEEP)
2026-05-13 00:32:35,657 [INFO] auhip.audio.snap_detector: Sound detected! Energy: 0.1084
2026-05-13 00:32:35,658 [INFO] auhip.audio.snap_detector: Snap detected! Energy: 0.1084, Avg: 0.0022
2026-05-13 00:32:35,767 [INFO] auhip.core.state_machine: Gesture detected: three_fingers_up (conf: 0.90, State: SNAP_DETECTED)
2026-05-13 00:32:37,653 [INFO] auhip.audio.snap_detector: Snap detector activated.
2026-05-13 00:32:38,304 [INFO] auhip.core.state_machine: Gesture detected: fist (conf: 0.90, State: SLEEP)
2026-05-13 00:32:38,395 [INFO] auhip.core.state_machine: Gesture detected: open_palm (conf: 0.95, State: SLEEP)
2026-05-13 00:32:40,148 [INFO] auhip.core.state_machine: Gesture detected: three_fingers_up (conf: 0.90, State: SLEEP)
2026-05-13 00:32:40,254 [INFO] auhip.core.state_machine: Gesture detected: fist (conf: 0.90, State: SLEEP)
2026-05-13 00:32:42,767 [INFO] auhip.core.state_machine: Gesture detected: open_palm (conf: 0.95, State: SLEEP)
2026-05-13 00:32:43,864 [INFO] auhip.core.state_machine: Gesture detected: fist (conf: 0.90, State: SLEEP)
2026-05-13 00:32:45,507 [INFO] auhip.core.state_machine: Gesture detected: open_palm (conf: 0.95, State: SLEEP)
2026-05-13 00:32:45,834 [INFO] auhip.core.state_machine: Gesture detected: fist (conf: 0.90, State: SLEEP)
2026-05-13 00:32:45,834 [INFO] auhip.core.state_machine: Emergency exit gesture triggered in Sleep Mode.
2026-05-13 00:51:42,547 [INFO] auhip: Starting auhip Assistant...
2026-05-13 00:51:42,555 [INFO] auhip.core.agent: Hybrid local-first orchestration layer initialised.
2026-05-13 00:51:43,588 [INFO] auhip.core.state_machine: State Machine started in STANDBY.
2026-05-13 00:51:43,594 [INFO] auhip.audio.speech_recognition: Loading Vosk model from: vosk-model-small-en-us-0.15
2026-05-13 00:51:44,153 [INFO] auhip.audio.speech_recognition: Vosk initialized successfully.
2026-05-13 00:51:44,187 [INFO] auhip.audio.microphone: Microphone stream started (Device: Default).
2026-05-13 00:51:44,187 [INFO] auhip.audio.snap_detector: Snap detector activated.
2026-05-13 00:51:44,188 [INFO] auhip: auhip is ready.
2026-05-13 00:51:44,188 [INFO] auhip:   Wake phrase    : 'daddy home'
2026-05-13 00:51:44,188 [INFO] auhip:   Shutdown phrase: 'goodbye jojo'
2026-05-13 00:51:44,281 [INFO] auhip.audio.snap_detector: Sound detected! Energy: 0.0173
2026-05-13 00:51:45,442 [INFO] auhip.audio.snap_detector: Sound detected! Energy: 0.0115
2026-05-13 00:51:46,156 [INFO] auhip.audio.snap_detector: Snap detected! Energy: 0.1019, Avg: 0.0096
2026-05-13 00:51:46,566 [INFO] auhip.audio.snap_detector: Sound detected! Energy: 0.0141
2026-05-13 00:51:47,679 [INFO] auhip.audio.snap_detector: Sound detected! Energy: 0.0293
2026-05-13 00:51:48,153 [INFO] auhip.audio.snap_detector: Snap detector activated.
2026-05-13 00:51:48,788 [INFO] auhip.audio.snap_detector: Sound detected! Energy: 0.0212
2026-05-13 00:51:49,801 [INFO] auhip.audio.snap_detector: Sound detected! Energy: 0.0578
2026-05-13 00:51:50,553 [INFO] auhip.audio.snap_detector: Snap detected! Energy: 0.1860, Avg: 0.0265
2026-05-13 00:51:50,884 [INFO] auhip.audio.snap_detector: Sound detected! Energy: 0.1758
2026-05-13 00:51:50,884 [INFO] auhip.audio.snap_detector: Snap detected! Energy: 0.1758, Avg: 0.0274
2026-05-13 00:51:50,888 [INFO] auhip.audio.speech_recognition: Vosk is listening (shared stream)...
2026-05-13 00:51:51,946 [INFO] auhip.audio.snap_detector: Sound detected! Energy: 0.0202
2026-05-13 00:51:52,734 [INFO] auhip.audio.speech_recognition: Vosk Recognized: "daddy home"
2026-05-13 00:51:52,735 [INFO] auhip.audio.snap_detector: Snap detector deactivated.
2026-05-13 00:51:52,736 [INFO] auhip.vision.worker: Vision mode set to: none
2026-05-13 00:51:52,876 [INFO] auhip.audio.speech_recognition: Vosk is listening (shared stream)...
2026-05-13 00:51:56,638 [INFO] auhip.audio.speech_recognition: Vosk Recognized: "for the green"
2026-05-13 00:51:56,638 [INFO] auhip.audio.speech_recognition: Vosk recognized 'for the green', but it doesn't match a command. Falling back to Google...
2026-05-13 00:51:56,638 [INFO] auhip.audio.speech_recognition: Requesting Google Cloud fallback recognition...
2026-05-13 00:51:57,254 [INFO] auhip.audio.speech_recognition: Google Fallback Recognized: 'for the green'
2026-05-13 00:51:57,261 [INFO] auhip.core.llm.router: Dispatching intent processing for prompt: 'for the green'
2026-05-13 00:51:59,263 [WARNING] auhip.core.llm.router: Local engine status checks failed. Prompting direct external escalation routing.
2026-05-13 00:51:59,263 [INFO] auhip.core.llm.router: Escalating reasoning request to Layer 3 cloud neural infrastructure.
2026-05-13 00:52:03,681 [INFO] auhip.core.llm.router: Finalized structural resolution: Intent='initialize_personalization_profile', Confidence=1.00, Tool=None
2026-05-13 00:52:03,723 [INFO] auhip.audio.speech_recognition: Vosk is listening (shared stream)...
2026-05-13 00:52:06,859 [INFO] auhip.audio.speech_recognition: Vosk Recognized: "for the queen"
2026-05-13 00:52:06,860 [INFO] auhip.audio.speech_recognition: Vosk recognized 'for the queen', but it doesn't match a command. Falling back to Google...
2026-05-13 00:52:06,860 [INFO] auhip.audio.speech_recognition: Requesting Google Cloud fallback recognition...
2026-05-13 00:52:07,347 [INFO] auhip.audio.speech_recognition: Google Fallback Recognized: 'pause the queen'
2026-05-13 00:52:07,355 [INFO] auhip.core.llm.router: Dispatching intent processing for prompt: 'pause the queen'
2026-05-13 00:52:09,356 [WARNING] auhip.core.llm.router: Local engine status checks failed. Prompting direct external escalation routing.
2026-05-13 00:52:09,357 [INFO] auhip.core.llm.router: Escalating reasoning request to Layer 3 cloud neural infrastructure.
2026-05-13 00:52:13,689 [INFO] auhip.core.llm.router: Finalized structural resolution: Intent='process_control', Confidence=0.98, Tool=None
2026-05-13 00:52:13,715 [INFO] auhip.audio.speech_recognition: Vosk is listening (shared stream)...
2026-05-13 00:52:16,559 [INFO] auhip.audio.speech_recognition: Vosk Recognized: "for the green"
2026-05-13 00:52:16,559 [INFO] auhip.audio.speech_recognition: Vosk recognized 'for the green', but it doesn't match a command. Falling back to Google...
2026-05-13 00:52:16,559 [INFO] auhip.audio.speech_recognition: Requesting Google Cloud fallback recognition...
2026-05-13 00:52:17,057 [INFO] auhip.audio.speech_recognition: Google Fallback Recognized: 'full screen'
2026-05-13 00:52:17,097 [INFO] auhip.core.agent: Local skill matched for: 'full screen'
2026-05-13 00:52:17,138 [INFO] auhip.audio.speech_recognition: Vosk is listening (shared stream)...
2026-05-13 00:52:20,236 [INFO] auhip.audio.speech_recognition: Vosk Recognized: "control on"
2026-05-13 00:52:20,244 [INFO] auhip.audio.snap_detector: Snap detector deactivated.
2026-05-13 00:52:20,352 [INFO] auhip.vision.worker: Vision Worker started.
2026-05-13 00:52:20,375 [INFO] auhip.vision.worker: Vision mode set to: control
2026-05-13 00:52:20,375 [INFO] auhip.core.agent: Local skill matched for: 'control on'
2026-05-13 00:52:20,391 [INFO] auhip.core.state_machine: Voice mode loop ended. Current state: CONTROL_MODE
2026-05-13 00:52:20,553 [WARNING] auhip.core.state_machine: Unknown attention state: UNKNOWN
2026-05-13 00:52:28,511 [INFO] auhip.vision.worker: Click (Gesture).
2026-05-13 00:52:29,034 [INFO] auhip.vision.worker: Click (Gesture).
2026-05-13 00:52:30,064 [INFO] auhip.vision.worker: Click (Gesture).
2026-05-13 00:52:31,747 [INFO] auhip.vision.worker: Drag started.
2026-05-13 00:52:32,539 [INFO] auhip.vision.worker: Drag released.
2026-05-13 00:52:33,252 [INFO] auhip.vision.worker: Drag started.
2026-05-13 00:52:34,553 [INFO] auhip.vision.worker: Drag released.
2026-05-13 00:52:35,220 [INFO] auhip.vision.worker: Drag started.
2026-05-13 00:52:36,523 [INFO] auhip.vision.worker: Drag released.
2026-05-13 00:52:36,997 [INFO] auhip.vision.worker: Click (Gesture).
2026-05-13 00:52:38,158 [INFO] auhip.core.state_machine: Gesture detected: rock_sign (conf: 0.95, State: CONTROL_MODE)
2026-05-13 00:52:38,159 [INFO] auhip.core.state_machine: Exit gesture 'rock_sign' triggered in Control Mode.
2026-05-13 00:52:38,159 [INFO] auhip.core.state_machine: Exiting Control Mode -> Falling back to Camera Mode
2026-05-13 00:52:38,159 [INFO] auhip.audio.snap_detector: Snap detector deactivated.
2026-05-13 00:52:38,204 [INFO] auhip.vision.worker: Vision mode set to: camera
2026-05-13 00:52:38,271 [INFO] auhip.core.state_machine: Gesture detected: rock_sign (conf: 0.95, State: CAMERA_MODE)
2026-05-13 00:52:38,409 [INFO] auhip.core.state_machine: Gesture detected: open_palm (conf: 0.95, State: CAMERA_MODE)
2026-05-13 00:52:40,164 [INFO] auhip.core.state_machine: Gesture detected: peace_sign (conf: 0.95, State: CAMERA_MODE)
2026-05-13 00:52:40,197 [INFO] auhip.core.state_machine: Gesture detected: one_index_up (conf: 0.95, State: CAMERA_MODE)
2026-05-13 00:52:40,374 [INFO] auhip.vision.worker: Index Up confirmed (5 frames). Starting temp voice.
2026-05-13 00:52:40,379 [INFO] auhip.core.state_machine: Temp voice listening activated in Camera Mode.
2026-05-13 00:52:40,383 [INFO] auhip.audio.speech_recognition: Vosk is listening (shared stream)...
2026-05-13 00:52:42,538 [INFO] auhip.core.state_machine: Gesture detected: open_palm (conf: 0.95, State: CAMERA_MODE)
2026-05-13 00:52:42,571 [INFO] auhip.audio.speech_recognition: Vosk Recognized: "i've on"
2026-05-13 00:52:42,571 [INFO] auhip.audio.speech_recognition: Vosk recognized 'i've on', but it doesn't match a command. Falling back to Google...
2026-05-13 00:52:42,571 [INFO] auhip.audio.speech_recognition: Requesting Google Cloud fallback recognition...
2026-05-13 00:52:42,970 [INFO] auhip.audio.speech_recognition: Google Fallback Recognized: 'eyes on'
2026-05-13 00:52:42,973 [INFO] auhip.core.state_machine: Processing temp voice command: eyes on
2026-05-13 00:52:42,978 [INFO] auhip.vision.worker: Eye tracking: True
2026-05-13 00:52:43,060 [INFO] auhip.core.agent: Local skill matched for: 'eyes on'
2026-05-13 00:52:43,349 [INFO] auhip.audio.speech_recognition: Vosk is listening (shared stream)...
2026-05-13 00:52:44,626 [INFO] auhip.core.state_machine: Gesture detected: open_palm (conf: 0.95, State: CAMERA_MODE)
2026-05-13 00:52:44,970 [INFO] auhip.vision.worker: Index Down confirmed (10 frames). Ending temp voice.
2026-05-13 00:52:44,983 [INFO] auhip.core.state_machine: Temp voice listening deactivated.
2026-05-13 00:52:44,988 [INFO] auhip.audio.speech_recognition: Vosk listening cancelled by event.
2026-05-13 00:52:45,002 [INFO] auhip.audio.speech_recognition: Requesting Google Cloud fallback recognition...
2026-05-13 00:52:45,029 [INFO] auhip.core.state_machine: Gesture detected: fist (conf: 0.90, State: CAMERA_MODE)
2026-05-13 00:52:45,161 [INFO] auhip.core.state_machine: Gesture detected: open_palm (conf: 0.95, State: CAMERA_MODE)
2026-05-13 00:52:45,276 [INFO] auhip.core.state_machine: Ignoring temp voice result — finger was lowered.
2026-05-13 00:52:45,311 [INFO] auhip.core.state_machine: Gesture detected: rock_sign (conf: 0.95, State: CAMERA_MODE)
2026-05-13 00:52:45,311 [INFO] auhip.core.state_machine: Exit gesture 'rock_sign' triggered in Camera Mode.
2026-05-13 00:52:45,314 [INFO] auhip.core.state_machine: Exiting Camera Mode -> Returning to Voice Mode
2026-05-13 00:52:45,314 [INFO] auhip.vision.worker: Vision mode set to: none
2026-05-13 00:52:45,370 [INFO] auhip.vision.worker: Vision Worker stopped.
2026-05-13 00:52:45,370 [INFO] auhip.audio.snap_detector: Snap detector deactivated.
2026-05-13 00:52:45,404 [INFO] auhip.audio.snap_detector: Snap detector deactivated.
2026-05-13 00:52:45,405 [INFO] auhip.vision.worker: Vision mode set to: none
2026-05-13 00:52:45,479 [INFO] auhip.audio.speech_recognition: Vosk is listening (shared stream)...
2026-05-13 00:52:49,732 [INFO] auhip.audio.speech_recognition: Vosk Recognized: "open iraq"
2026-05-13 00:52:49,733 [INFO] auhip.audio.speech_recognition: Vosk recognized 'open iraq', but it doesn't match a command. Falling back to Google...
2026-05-13 00:52:49,733 [INFO] auhip.audio.speech_recognition: Requesting Google Cloud fallback recognition...
2026-05-13 00:52:50,210 [INFO] auhip.audio.speech_recognition: Google Fallback Recognized: 'open camera'
2026-05-13 00:52:50,220 [INFO] auhip.audio.snap_detector: Snap detector deactivated.
2026-05-13 00:52:50,240 [INFO] auhip.vision.worker: Vision mode set to: camera
2026-05-13 00:52:50,331 [INFO] auhip.vision.worker: Vision Worker started.
2026-05-13 00:52:50,334 [INFO] auhip.core.agent: Local skill matched for: 'open camera'
2026-05-13 00:52:50,341 [INFO] auhip.core.state_machine: Voice mode loop ended. Current state: CAMERA_MODE
2026-05-13 00:52:50,404 [INFO] auhip.core.state_machine: Gesture detected: three_fingers_down (conf: 0.90, State: CAMERA_MODE)
2026-05-13 00:52:51,167 [INFO] auhip.core.state_machine: Gesture detected: fist (conf: 0.90, State: CAMERA_MODE)
2026-05-13 00:52:52,955 [INFO] auhip.core.state_machine: Gesture detected: one_index_up (conf: 0.95, State: CAMERA_MODE)
2026-05-13 00:52:53,155 [INFO] auhip.vision.worker: Index Up confirmed (5 frames). Starting temp voice.
2026-05-13 00:52:53,165 [INFO] auhip.core.state_machine: Temp voice listening activated in Camera Mode.
2026-05-13 00:52:53,170 [INFO] auhip.audio.speech_recognition: Vosk is listening (shared stream)...
2026-05-13 00:52:55,570 [INFO] auhip.audio.speech_recognition: Vosk Recognized: "for the green"
2026-05-13 00:52:55,570 [INFO] auhip.audio.speech_recognition: Vosk recognized 'for the green', but it doesn't match a command. Falling back to Google...
2026-05-13 00:52:55,571 [INFO] auhip.audio.speech_recognition: Requesting Google Cloud fallback recognition...
2026-05-13 00:52:56,063 [INFO] auhip.audio.speech_recognition: Google Fallback Recognized: 'for the green'
2026-05-13 00:52:56,131 [INFO] auhip.core.state_machine: Processing temp voice command: for the green
2026-05-13 00:52:56,169 [INFO] auhip.core.llm.router: Dispatching intent processing for prompt: 'for the green'
2026-05-13 00:52:57,548 [INFO] auhip.core.state_machine: Gesture detected: one_index_up (conf: 0.95, State: PROCESSING)
2026-05-13 00:52:58,180 [WARNING] auhip.core.llm.router: Local engine status checks failed. Prompting direct external escalation routing.
2026-05-13 00:52:58,181 [INFO] auhip.core.llm.router: Escalating reasoning request to Layer 3 cloud neural infrastructure.
2026-05-13 00:53:00,481 [INFO] auhip.core.state_machine: Gesture detected: fist (conf: 0.90, State: PROCESSING)
2026-05-13 00:53:00,525 [INFO] auhip.core.state_machine: Gesture detected: one_index_up (conf: 0.95, State: PROCESSING)
2026-05-13 00:53:03,776 [INFO] auhip.core.llm.router: Finalized structural resolution: Intent='state_synchronization', Confidence=0.98, Tool=None
2026-05-13 00:53:04,095 [INFO] auhip.audio.speech_recognition: Vosk is listening (shared stream)...
2026-05-13 00:53:05,657 [INFO] auhip.core.state_machine: Gesture detected: one_index_up (conf: 0.95, State: CAMERA_MODE)
2026-05-13 00:53:05,820 [INFO] auhip.core.state_machine: Gesture detected: one_index_up (conf: 0.95, State: CAMERA_MODE)
2026-05-13 00:53:09,131 [INFO] auhip.audio.speech_recognition: Vosk Recognized: "fools the queen"
2026-05-13 00:53:09,132 [INFO] auhip.audio.speech_recognition: Vosk recognized 'fools the queen', but it doesn't match a command. Falling back to Google...
2026-05-13 00:53:09,132 [INFO] auhip.audio.speech_recognition: Requesting Google Cloud fallback recognition...
2026-05-13 00:53:09,703 [INFO] auhip.audio.speech_recognition: Google Fallback Recognized: 'full screen'
2026-05-13 00:53:09,719 [INFO] auhip.core.state_machine: Processing temp voice command: full screen
2026-05-13 00:53:09,796 [INFO] auhip.core.agent: Local skill matched for: 'full screen'
2026-05-13 00:53:10,048 [INFO] auhip.audio.speech_recognition: Vosk is listening (shared stream)...
2026-05-13 00:53:12,455 [INFO] auhip.core.state_machine: Gesture detected: fist (conf: 0.90, State: CAMERA_MODE)
2026-05-13 00:53:12,892 [INFO] auhip.vision.worker: Index Down confirmed (10 frames). Ending temp voice.
2026-05-13 00:53:12,903 [INFO] auhip.core.state_machine: Temp voice listening deactivated.
2026-05-13 00:53:12,904 [INFO] auhip.audio.speech_recognition: Vosk listening cancelled by event.
2026-05-13 00:53:12,918 [INFO] auhip.audio.speech_recognition: Requesting Google Cloud fallback recognition...
2026-05-13 00:53:13,275 [INFO] auhip.core.state_machine: Ignoring temp voice result — finger was lowered.
2026-05-13 00:53:13,322 [INFO] auhip.core.state_machine: Gesture detected: one_index_up (conf: 0.95, State: CAMERA_MODE)
2026-05-13 00:53:13,510 [INFO] auhip.core.state_machine: Gesture detected: fist (conf: 0.90, State: CAMERA_MODE)
2026-05-13 00:53:13,977 [INFO] auhip.core.state_machine: Gesture detected: three_fingers_down (conf: 0.90, State: CAMERA_MODE)
2026-05-13 00:53:14,198 [INFO] auhip.core.state_machine: Gesture detected: open_palm (conf: 0.95, State: CAMERA_MODE)
2026-05-13 00:53:15,251 [INFO] auhip.core.state_machine: Gesture detected: peace_sign (conf: 0.95, State: CAMERA_MODE)
2026-05-13 00:53:15,290 [INFO] auhip.core.state_machine: Gesture detected: three_fingers_up (conf: 0.90, State: CAMERA_MODE)
2026-05-13 00:53:15,425 [INFO] auhip.core.state_machine: Gesture detected: three_fingers_up (conf: 0.90, State: CAMERA_MODE)
2026-05-13 00:53:15,488 [INFO] auhip.core.state_machine: Gesture detected: three_fingers_up (conf: 0.90, State: CAMERA_MODE)
2026-05-13 00:53:15,528 [INFO] auhip.core.state_machine: Gesture detected: three_fingers_up (conf: 0.90, State: CAMERA_MODE)
2026-05-13 00:53:15,668 [INFO] auhip.core.state_machine: Gesture detected: three_fingers_up (conf: 0.90, State: CAMERA_MODE)
2026-05-13 00:53:15,723 [INFO] auhip.core.state_machine: Gesture detected: three_fingers_up (conf: 0.90, State: CAMERA_MODE)
2026-05-13 00:53:15,764 [INFO] auhip.core.state_machine: Gesture detected: three_fingers_up (conf: 0.90, State: CAMERA_MODE)
2026-05-13 00:53:15,910 [INFO] auhip.core.state_machine: Gesture detected: three_fingers_up (conf: 0.90, State: CAMERA_MODE)
2026-05-13 00:53:15,950 [INFO] auhip.core.state_machine: Gesture detected: three_fingers_up (conf: 0.90, State: CAMERA_MODE)
2026-05-13 00:53:15,997 [INFO] auhip.core.state_machine: Gesture detected: three_fingers_up (conf: 0.90, State: CAMERA_MODE)
2026-05-13 00:53:16,136 [INFO] auhip.core.state_machine: Gesture detected: three_fingers_up (conf: 0.90, State: CAMERA_MODE)
2026-05-13 00:53:16,186 [INFO] auhip.core.state_machine: Gesture detected: three_fingers_up (conf: 0.90, State: CAMERA_MODE)
2026-05-13 00:53:16,233 [INFO] auhip.core.state_machine: Gesture detected: three_fingers_up (conf: 0.90, State: CAMERA_MODE)
2026-05-13 00:53:16,379 [INFO] auhip.core.state_machine: Gesture detected: three_fingers_up (conf: 0.90, State: CAMERA_MODE)
2026-05-13 00:53:16,420 [INFO] auhip.core.state_machine: Gesture detected: three_fingers_up (conf: 0.90, State: CAMERA_MODE)
2026-05-13 00:53:16,467 [INFO] auhip.core.state_machine: Gesture detected: three_fingers_up (conf: 0.90, State: CAMERA_MODE)
2026-05-13 00:53:16,616 [INFO] auhip.core.state_machine: Gesture detected: three_fingers_up (conf: 0.90, State: CAMERA_MODE)
2026-05-13 00:53:16,654 [INFO] auhip.core.state_machine: Gesture detected: three_fingers_up (conf: 0.90, State: CAMERA_MODE)
2026-05-13 00:53:16,701 [INFO] auhip.core.state_machine: Gesture detected: three_fingers_up (conf: 0.90, State: CAMERA_MODE)
2026-05-13 00:53:16,845 [INFO] auhip.core.state_machine: Gesture detected: three_fingers_up (conf: 0.90, State: CAMERA_MODE)
2026-05-13 00:53:16,887 [INFO] auhip.core.state_machine: Gesture detected: three_fingers_up (conf: 0.90, State: CAMERA_MODE)
2026-05-13 00:53:16,939 [INFO] auhip.core.state_machine: Gesture detected: three_fingers_up (conf: 0.90, State: CAMERA_MODE)
2026-05-13 00:53:17,084 [INFO] auhip.core.state_machine: Gesture detected: three_fingers_up (conf: 0.90, State: CAMERA_MODE)
2026-05-13 00:53:17,123 [INFO] auhip.core.state_machine: Gesture detected: three_fingers_up (conf: 0.90, State: CAMERA_MODE)
2026-05-13 00:53:17,171 [INFO] auhip.core.state_machine: Gesture detected: three_fingers_up (conf: 0.90, State: CAMERA_MODE)
2026-05-13 00:53:17,324 [INFO] auhip.core.state_machine: Gesture detected: three_fingers_up (conf: 0.90, State: CAMERA_MODE)
2026-05-13 00:53:17,359 [INFO] auhip.core.state_machine: Gesture detected: three_fingers_up (conf: 0.90, State: CAMERA_MODE)
2026-05-13 00:53:17,414 [INFO] auhip.core.state_machine: Gesture detected: three_fingers_up (conf: 0.90, State: CAMERA_MODE)
2026-05-13 00:53:17,555 [INFO] auhip.core.state_machine: Gesture detected: three_fingers_up (conf: 0.90, State: CAMERA_MODE)
2026-05-13 00:53:17,597 [INFO] auhip.core.state_machine: Gesture detected: three_fingers_up (conf: 0.90, State: CAMERA_MODE)
2026-05-13 00:53:17,638 [INFO] auhip.core.state_machine: Gesture detected: three_fingers_up (conf: 0.90, State: CAMERA_MODE)
2026-05-13 00:53:17,783 [INFO] auhip.core.state_machine: Gesture detected: three_fingers_up (conf: 0.90, State: CAMERA_MODE)
2026-05-13 00:53:17,826 [INFO] auhip.core.state_machine: Gesture detected: three_fingers_up (conf: 0.90, State: CAMERA_MODE)
2026-05-13 00:53:17,875 [INFO] auhip.core.state_machine: Gesture detected: three_fingers_up (conf: 0.90, State: CAMERA_MODE)
2026-05-13 00:53:18,022 [INFO] auhip.core.state_machine: Gesture detected: three_fingers_up (conf: 0.90, State: CAMERA_MODE)
2026-05-13 00:53:18,059 [INFO] auhip.core.state_machine: Gesture detected: three_fingers_up (conf: 0.90, State: CAMERA_MODE)
2026-05-13 00:53:18,113 [INFO] auhip.core.state_machine: Gesture detected: three_fingers_up (conf: 0.90, State: CAMERA_MODE)
2026-05-13 00:53:18,250 [INFO] auhip.core.state_machine: Gesture detected: three_fingers_up (conf: 0.90, State: CAMERA_MODE)
2026-05-13 00:53:18,302 [INFO] auhip.core.state_machine: Gesture detected: three_fingers_up (conf: 0.90, State: CAMERA_MODE)
2026-05-13 00:53:18,341 [INFO] auhip.core.state_machine: Gesture detected: three_fingers_up (conf: 0.90, State: CAMERA_MODE)
2026-05-13 00:53:18,478 [INFO] auhip.core.state_machine: Gesture detected: three_fingers_up (conf: 0.90, State: CAMERA_MODE)
2026-05-13 00:53:18,533 [INFO] auhip.core.state_machine: Gesture detected: three_fingers_up (conf: 0.90, State: CAMERA_MODE)
2026-05-13 00:53:18,578 [INFO] auhip.core.state_machine: Gesture detected: three_fingers_up (conf: 0.90, State: CAMERA_MODE)
2026-05-13 00:53:18,719 [INFO] auhip.core.state_machine: Gesture detected: three_fingers_up (conf: 0.90, State: CAMERA_MODE)
2026-05-13 00:53:18,762 [INFO] auhip.core.state_machine: Gesture detected: three_fingers_up (conf: 0.90, State: CAMERA_MODE)
2026-05-13 00:53:18,809 [INFO] auhip.core.state_machine: Gesture detected: three_fingers_up (conf: 0.90, State: CAMERA_MODE)
2026-05-13 00:53:18,951 [INFO] auhip.core.state_machine: Gesture detected: three_fingers_up (conf: 0.90, State: CAMERA_MODE)
2026-05-13 00:53:18,995 [INFO] auhip.core.state_machine: Gesture detected: three_fingers_up (conf: 0.90, State: CAMERA_MODE)
2026-05-13 00:53:19,048 [INFO] auhip.core.state_machine: Gesture detected: three_fingers_up (conf: 0.90, State: CAMERA_MODE)
2026-05-13 00:53:19,192 [INFO] auhip.core.state_machine: Gesture detected: three_fingers_up (conf: 0.90, State: CAMERA_MODE)
2026-05-13 00:53:19,232 [INFO] auhip.core.state_machine: Gesture detected: three_fingers_up (conf: 0.90, State: CAMERA_MODE)
2026-05-13 00:53:19,280 [INFO] auhip.core.state_machine: Gesture detected: three_fingers_up (conf: 0.90, State: CAMERA_MODE)
2026-05-13 00:53:19,422 [INFO] auhip.core.state_machine: Gesture detected: three_fingers_up (conf: 0.90, State: CAMERA_MODE)
2026-05-13 00:53:19,468 [INFO] auhip.core.state_machine: Gesture detected: three_fingers_up (conf: 0.90, State: CAMERA_MODE)
2026-05-13 00:53:19,516 [INFO] auhip.core.state_machine: Gesture detected: three_fingers_up (conf: 0.90, State: CAMERA_MODE)
2026-05-13 00:53:19,658 [INFO] auhip.core.state_machine: Gesture detected: three_fingers_up (conf: 0.90, State: CAMERA_MODE)
2026-05-13 00:53:19,706 [INFO] auhip.core.state_machine: Gesture detected: three_fingers_up (conf: 0.90, State: CAMERA_MODE)
2026-05-13 00:53:19,749 [INFO] auhip.core.state_machine: Gesture detected: three_fingers_up (conf: 0.90, State: CAMERA_MODE)
2026-05-13 00:53:19,891 [INFO] auhip.core.state_machine: Gesture detected: three_fingers_up (conf: 0.90, State: CAMERA_MODE)
2026-05-13 00:53:19,933 [INFO] auhip.core.state_machine: Gesture detected: three_fingers_up (conf: 0.90, State: CAMERA_MODE)
2026-05-13 00:53:19,980 [INFO] auhip.core.state_machine: Gesture detected: three_fingers_up (conf: 0.90, State: CAMERA_MODE)
2026-05-13 00:53:20,115 [INFO] auhip.core.state_machine: Gesture detected: three_fingers_up (conf: 0.90, State: CAMERA_MODE)
2026-05-13 00:53:20,168 [INFO] auhip.core.state_machine: Gesture detected: three_fingers_up (conf: 0.90, State: CAMERA_MODE)
2026-05-13 00:53:20,216 [INFO] auhip.core.state_machine: Gesture detected: three_fingers_up (conf: 0.90, State: CAMERA_MODE)
2026-05-13 00:53:20,350 [INFO] auhip.core.state_machine: Gesture detected: three_fingers_up (conf: 0.90, State: CAMERA_MODE)
2026-05-13 00:53:20,405 [INFO] auhip.core.state_machine: Gesture detected: three_fingers_up (conf: 0.90, State: CAMERA_MODE)
2026-05-13 00:53:20,457 [INFO] auhip.core.state_machine: Gesture detected: three_fingers_up (conf: 0.90, State: CAMERA_MODE)
2026-05-13 00:53:20,591 [INFO] auhip.core.state_machine: Gesture detected: three_fingers_up (conf: 0.90, State: CAMERA_MODE)
2026-05-13 00:53:20,638 [INFO] auhip.core.state_machine: Gesture detected: three_fingers_up (conf: 0.90, State: CAMERA_MODE)
2026-05-13 00:53:20,686 [INFO] auhip.core.state_machine: Gesture detected: three_fingers_up (conf: 0.90, State: CAMERA_MODE)
2026-05-13 00:53:20,830 [INFO] auhip.core.state_machine: Gesture detected: three_fingers_up (conf: 0.90, State: CAMERA_MODE)
2026-05-13 00:53:20,871 [INFO] auhip.core.state_machine: Gesture detected: three_fingers_up (conf: 0.90, State: CAMERA_MODE)
2026-05-13 00:53:20,916 [INFO] auhip.core.state_machine: Gesture detected: three_fingers_up (conf: 0.90, State: CAMERA_MODE)
2026-05-13 00:53:21,052 [INFO] auhip.core.state_machine: Gesture detected: three_fingers_up (conf: 0.90, State: CAMERA_MODE)
2026-05-13 00:53:21,105 [INFO] auhip.core.state_machine: Gesture detected: three_fingers_up (conf: 0.90, State: CAMERA_MODE)
2026-05-13 00:53:21,155 [INFO] auhip.core.state_machine: Gesture detected: three_fingers_up (conf: 0.90, State: CAMERA_MODE)
2026-05-13 00:53:21,292 [INFO] auhip.core.state_machine: Gesture detected: three_fingers_up (conf: 0.90, State: CAMERA_MODE)
2026-05-13 00:53:21,343 [INFO] auhip.core.state_machine: Gesture detected: three_fingers_up (conf: 0.90, State: CAMERA_MODE)
2026-05-13 00:53:21,389 [INFO] auhip.core.state_machine: Gesture detected: three_fingers_up (conf: 0.90, State: CAMERA_MODE)
2026-05-13 00:53:21,530 [INFO] auhip.core.state_machine: Gesture detected: one_index_up (conf: 0.95, State: CAMERA_MODE)
2026-05-13 00:53:21,575 [INFO] auhip.core.state_machine: Gesture detected: fist (conf: 0.90, State: CAMERA_MODE)
2026-05-13 00:53:21,905 [INFO] auhip.core.state_machine: Gesture detected: fist (conf: 0.90, State: CAMERA_MODE)
2026-05-13 00:53:22,163 [INFO] auhip.core.state_machine: Gesture detected: fist (conf: 0.90, State: CAMERA_MODE)
2026-05-13 00:53:25,603 [INFO] auhip.core.state_machine: Gesture detected: fist (conf: 0.90, State: CAMERA_MODE)
2026-05-13 00:53:25,650 [INFO] auhip.core.state_machine: Gesture detected: three_fingers_down (conf: 0.90, State: CAMERA_MODE)
2026-05-13 00:53:25,785 [INFO] auhip.core.state_machine: Gesture detected: three_fingers_down (conf: 0.90, State: CAMERA_MODE)
2026-05-13 00:53:25,849 [INFO] auhip.core.state_machine: Gesture detected: fist (conf: 0.90, State: CAMERA_MODE)
2026-05-13 00:53:26,258 [INFO] auhip.core.state_machine: Gesture detected: three_fingers_down (conf: 0.90, State: CAMERA_MODE)
2026-05-13 00:53:26,392 [INFO] auhip.core.state_machine: Gesture detected: fist (conf: 0.90, State: CAMERA_MODE)
2026-05-13 00:53:26,557 [INFO] auhip.core.state_machine: Gesture detected: three_fingers_down (conf: 0.90, State: CAMERA_MODE)
2026-05-13 00:53:26,694 [INFO] auhip.core.state_machine: Gesture detected: fist (conf: 0.90, State: CAMERA_MODE)
2026-05-13 00:53:29,216 [INFO] auhip.core.state_machine: Gesture detected: three_fingers_down (conf: 0.90, State: CAMERA_MODE)
2026-05-13 00:53:29,350 [INFO] auhip.core.state_machine: Gesture detected: fist (conf: 0.90, State: CAMERA_MODE)
2026-05-13 00:53:30,997 [INFO] auhip.core.state_machine: Gesture detected: three_fingers_down (conf: 0.90, State: CAMERA_MODE)
2026-05-13 00:53:31,287 [INFO] auhip.core.state_machine: Gesture detected: fist (conf: 0.90, State: CAMERA_MODE)
2026-05-13 00:53:31,885 [INFO] auhip.core.state_machine: Gesture detected: fist (conf: 0.90, State: CAMERA_MODE)
2026-05-13 00:53:32,215 [INFO] auhip.core.state_machine: Gesture detected: three_fingers_down (conf: 0.90, State: CAMERA_MODE)
2026-05-13 00:53:32,352 [INFO] auhip.core.state_machine: Gesture detected: fist (conf: 0.90, State: CAMERA_MODE)
2026-05-13 00:53:32,457 [INFO] auhip.core.state_machine: Gesture detected: three_fingers_down (conf: 0.90, State: CAMERA_MODE)
2026-05-13 00:53:32,597 [INFO] auhip.core.state_machine: Gesture detected: three_fingers_down (conf: 0.90, State: CAMERA_MODE)
2026-05-13 00:53:32,646 [INFO] auhip.core.state_machine: Gesture detected: fist (conf: 0.90, State: CAMERA_MODE)
2026-05-13 00:53:32,873 [INFO] auhip.core.state_machine: Gesture detected: three_fingers_down (conf: 0.90, State: CAMERA_MODE)
2026-05-13 00:53:33,018 [INFO] auhip.core.state_machine: Gesture detected: three_fingers_down (conf: 0.90, State: CAMERA_MODE)
2026-05-13 00:53:33,060 [INFO] auhip.core.state_machine: Gesture detected: three_fingers_down (conf: 0.90, State: CAMERA_MODE)
2026-05-13 00:53:33,113 [INFO] auhip.core.state_machine: Gesture detected: fist (conf: 0.90, State: CAMERA_MODE)
2026-05-13 00:53:33,618 [INFO] auhip.core.state_machine: Gesture detected: three_fingers_down (conf: 0.90, State: CAMERA_MODE)
2026-05-13 00:53:33,758 [INFO] auhip.core.state_machine: Gesture detected: fist (conf: 0.90, State: CAMERA_MODE)
2026-05-13 00:53:34,229 [INFO] auhip.core.state_machine: Gesture detected: three_fingers_down (conf: 0.90, State: CAMERA_MODE)
2026-05-13 00:53:34,364 [INFO] auhip.core.state_machine: Gesture detected: fist (conf: 0.90, State: CAMERA_MODE)
2026-05-13 00:53:35,072 [INFO] auhip.core.state_machine: Gesture detected: three_fingers_down (conf: 0.90, State: CAMERA_MODE)
2026-05-13 00:53:35,209 [INFO] auhip.core.state_machine: Gesture detected: fist (conf: 0.90, State: CAMERA_MODE)
2026-05-13 00:53:35,454 [INFO] auhip.core.state_machine: Gesture detected: three_fingers_down (conf: 0.90, State: CAMERA_MODE)
2026-05-13 00:53:35,597 [INFO] auhip.core.state_machine: Gesture detected: fist (conf: 0.90, State: CAMERA_MODE)
2026-05-13 00:53:38,168 [INFO] auhip.core.state_machine: Gesture detected: three_fingers_down (conf: 0.90, State: CAMERA_MODE)
2026-05-13 00:53:38,311 [INFO] auhip.core.state_machine: Gesture detected: three_fingers_down (conf: 0.90, State: CAMERA_MODE)
2026-05-13 00:53:38,364 [INFO] auhip.core.state_machine: Gesture detected: three_fingers_down (conf: 0.90, State: CAMERA_MODE)
2026-05-13 00:53:38,458 [INFO] auhip.core.state_machine: Gesture detected: three_fingers_down (conf: 0.90, State: CAMERA_MODE)
2026-05-13 00:53:38,601 [INFO] auhip.core.state_machine: Gesture detected: fist (conf: 0.90, State: CAMERA_MODE)
2026-05-13 00:53:38,694 [INFO] auhip.core.state_machine: Gesture detected: three_fingers_down (conf: 0.90, State: CAMERA_MODE)
2026-05-13 00:53:38,835 [INFO] auhip.core.state_machine: Gesture detected: three_fingers_down (conf: 0.90, State: CAMERA_MODE)
2026-05-13 00:53:38,883 [INFO] auhip.core.state_machine: Gesture detected: three_fingers_down (conf: 0.90, State: CAMERA_MODE)
2026-05-13 00:53:38,927 [INFO] auhip.core.state_machine: Gesture detected: three_fingers_down (conf: 0.90, State: CAMERA_MODE)
2026-05-13 00:53:39,065 [INFO] auhip.core.state_machine: Gesture detected: three_fingers_down (conf: 0.90, State: CAMERA_MODE)
2026-05-13 00:53:39,113 [INFO] auhip.core.state_machine: Gesture detected: three_fingers_down (conf: 0.90, State: CAMERA_MODE)
2026-05-13 00:53:39,156 [INFO] auhip.core.state_machine: Gesture detected: three_fingers_down (conf: 0.90, State: CAMERA_MODE)
2026-05-13 00:53:39,305 [INFO] auhip.core.state_machine: Gesture detected: three_fingers_down (conf: 0.90, State: CAMERA_MODE)
2026-05-13 00:53:39,343 [INFO] auhip.core.state_machine: Gesture detected: three_fingers_down (conf: 0.90, State: CAMERA_MODE)
2026-05-13 00:53:39,390 [INFO] auhip.core.state_machine: Gesture detected: three_fingers_down (conf: 0.90, State: CAMERA_MODE)
2026-05-13 00:53:39,535 [INFO] auhip.core.state_machine: Gesture detected: three_fingers_down (conf: 0.90, State: CAMERA_MODE)
2026-05-13 00:53:39,574 [INFO] auhip.core.state_machine: Gesture detected: three_fingers_down (conf: 0.90, State: CAMERA_MODE)
2026-05-13 00:53:39,628 [INFO] auhip.core.state_machine: Gesture detected: fist (conf: 0.90, State: CAMERA_MODE)
2026-05-13 00:53:39,671 [INFO] auhip.core.state_machine: Gesture detected: three_fingers_down (conf: 0.90, State: CAMERA_MODE)
2026-05-13 00:53:39,817 [INFO] auhip.core.state_machine: Gesture detected: fist (conf: 0.90, State: CAMERA_MODE)
2026-05-13 00:53:39,905 [INFO] auhip.core.state_machine: Gesture detected: three_fingers_down (conf: 0.90, State: CAMERA_MODE)
2026-05-13 00:53:40,052 [INFO] auhip.core.state_machine: Gesture detected: three_fingers_down (conf: 0.90, State: CAMERA_MODE)
2026-05-13 00:53:40,098 [INFO] auhip.core.state_machine: Gesture detected: three_fingers_down (conf: 0.90, State: CAMERA_MODE)
2026-05-13 00:53:40,143 [INFO] auhip.core.state_machine: Gesture detected: fist (conf: 0.90, State: CAMERA_MODE)
2026-05-13 00:53:40,464 [INFO] auhip.core.state_machine: Gesture detected: fist (conf: 0.90, State: CAMERA_MODE)
2026-05-13 00:53:40,604 [INFO] auhip.core.state_machine: Gesture detected: three_fingers_down (conf: 0.90, State: CAMERA_MODE)
2026-05-13 00:53:40,865 [INFO] auhip.core.state_machine: Gesture detected: three_fingers_right (conf: 0.90, State: CAMERA_MODE)
2026-05-13 00:53:41,034 [INFO] auhip.core.state_machine: Gesture detected: three_fingers_right (conf: 0.90, State: CAMERA_MODE)
2026-05-13 00:53:41,042 [INFO] auhip.core.state_machine: Gesture detected: three_fingers_right (conf: 0.90, State: CAMERA_MODE)
2026-05-13 00:53:41,080 [INFO] auhip.core.state_machine: Gesture detected: three_fingers_right (conf: 0.90, State: CAMERA_MODE)
2026-05-13 00:53:41,122 [INFO] auhip.core.state_machine: Gesture detected: three_fingers_right (conf: 0.90, State: CAMERA_MODE)
2026-05-13 00:53:41,174 [INFO] auhip.core.state_machine: Gesture detected: three_fingers_right (conf: 0.90, State: CAMERA_MODE)
2026-05-13 00:53:41,219 [INFO] auhip.core.state_machine: Gesture detected: three_fingers_right (conf: 0.90, State: CAMERA_MODE)
2026-05-13 00:53:41,265 [INFO] auhip.core.state_machine: Gesture detected: three_fingers_right (conf: 0.90, State: CAMERA_MODE)
2026-05-13 00:53:41,306 [INFO] auhip.core.state_machine: Gesture detected: three_fingers_right (conf: 0.90, State: CAMERA_MODE)
2026-05-13 00:53:41,355 [INFO] auhip.core.state_machine: Gesture detected: open_palm (conf: 0.95, State: CAMERA_MODE)
2026-05-13 00:53:42,339 [INFO] auhip.core.state_machine: Gesture detected: open_palm (conf: 0.95, State: CAMERA_MODE)
2026-05-13 00:53:42,342 [INFO] auhip.core.state_machine: Gesture detected: three_fingers_left (conf: 0.90, State: CAMERA_MODE)
2026-05-13 00:53:42,384 [INFO] auhip.core.state_machine: Gesture detected: three_fingers_left (conf: 0.90, State: CAMERA_MODE)
2026-05-13 00:53:42,526 [INFO] auhip.core.state_machine: Gesture detected: three_fingers_left (conf: 0.90, State: CAMERA_MODE)
2026-05-13 00:53:42,587 [INFO] auhip.core.state_machine: Gesture detected: three_fingers_left (conf: 0.90, State: CAMERA_MODE)
2026-05-13 00:53:42,629 [INFO] auhip.core.state_machine: Gesture detected: three_fingers_left (conf: 0.90, State: CAMERA_MODE)
2026-05-13 00:53:42,686 [INFO] auhip.core.state_machine: Gesture detected: three_fingers_left (conf: 0.90, State: CAMERA_MODE)
2026-05-13 00:53:42,730 [INFO] auhip.core.state_machine: Gesture detected: three_fingers_left (conf: 0.90, State: CAMERA_MODE)
2026-05-13 00:53:42,768 [INFO] auhip.core.state_machine: Gesture detected: open_palm (conf: 0.95, State: CAMERA_MODE)
2026-05-13 00:53:42,901 [INFO] auhip.core.state_machine: Gesture detected: three_fingers_left (conf: 0.90, State: CAMERA_MODE)
2026-05-13 00:53:42,948 [INFO] auhip.core.state_machine: Gesture detected: open_palm (conf: 0.95, State: CAMERA_MODE)
2026-05-13 00:53:43,765 [INFO] auhip.core.state_machine: Gesture detected: open_palm (conf: 0.95, State: CAMERA_MODE)
2026-05-13 00:53:47,095 [INFO] auhip.core.state_machine: Gesture detected: open_palm (conf: 0.95, State: CAMERA_MODE)
2026-05-13 00:53:47,164 [INFO] auhip.core.state_machine: Gesture detected: three_fingers_up (conf: 0.90, State: CAMERA_MODE)
2026-05-13 00:53:47,301 [INFO] auhip.core.state_machine: Gesture detected: open_palm (conf: 0.95, State: CAMERA_MODE)
2026-05-13 00:53:49,255 [INFO] auhip.core.state_machine: Gesture detected: one_index_up (conf: 0.95, State: CAMERA_MODE)
2026-05-13 00:53:49,456 [INFO] auhip.vision.worker: Index Up confirmed (5 frames). Starting temp voice.
2026-05-13 00:53:49,466 [INFO] auhip.core.state_machine: Temp voice listening activated in Camera Mode.
2026-05-13 00:53:49,473 [INFO] auhip.audio.speech_recognition: Vosk is listening (shared stream)...
2026-05-13 00:53:51,769 [INFO] auhip.audio.speech_recognition: Vosk Recognized: "good night"
2026-05-13 00:53:51,773 [INFO] auhip.core.state_machine: Processing temp voice command: good night
2026-05-13 00:53:51,814 [INFO] auhip.skills.system_controls: SKILL: Sleep Mode.
2026-05-13 00:53:51,814 [INFO] auhip.core.agent: Local skill matched for: 'good night'
2026-05-13 00:53:51,822 [INFO] auhip.audio.snap_detector: Snap detector activated.
2026-05-13 00:53:51,911 [INFO] auhip.audio.snap_detector: Sound detected! Energy: 0.0113
2026-05-13 00:53:51,954 [INFO] auhip.vision.worker: Vision mode set to: sleep
2026-05-13 00:53:52,911 [INFO] auhip.audio.snap_detector: Sound detected! Energy: 0.0125
2026-05-13 00:53:53,916 [INFO] auhip.audio.snap_detector: Sound detected! Energy: 0.0151
2026-05-13 00:53:53,968 [INFO] auhip.audio.snap_detector: Snap detected! Energy: 0.0814, Avg: 0.0094
2026-05-13 00:53:54,956 [INFO] auhip.core.state_machine: Gesture detected: open_palm (conf: 0.95, State: SNAP_DETECTED)
2026-05-13 00:53:54,986 [INFO] auhip.audio.snap_detector: Sound detected! Energy: 0.0109
2026-05-13 00:53:55,981 [INFO] auhip.audio.snap_detector: Snap detector activated.
2026-05-13 00:53:56,104 [INFO] auhip.audio.snap_detector: Sound detected! Energy: 0.0171
2026-05-13 00:53:56,355 [INFO] auhip.core.state_machine: Gesture detected: fist (conf: 0.90, State: SLEEP)
2026-05-13 00:53:57,248 [INFO] auhip.audio.snap_detector: Sound detected! Energy: 0.0228
2026-05-13 00:53:58,433 [INFO] auhip.audio.snap_detector: Sound detected! Energy: 0.0156
2026-05-13 00:53:59,473 [INFO] auhip.audio.snap_detector: Sound detected! Energy: 0.0164
2026-05-13 00:53:59,544 [INFO] auhip.audio.snap_detector: Snap detected! Energy: 0.0756, Avg: 0.0089
2026-05-13 00:54:00,515 [INFO] auhip.audio.snap_detector: Sound detected! Energy: 0.0346
2026-05-13 00:54:01,295 [INFO] auhip.core.state_machine: Gesture detected: open_palm (conf: 0.95, State: SNAP_DETECTED)
2026-05-13 00:54:01,522 [INFO] auhip.core.state_machine: Gesture detected: open_palm (conf: 0.95, State: SNAP_DETECTED)
2026-05-13 00:54:01,532 [INFO] auhip.audio.snap_detector: Sound detected! Energy: 0.0126
2026-05-13 00:54:01,542 [INFO] auhip.audio.snap_detector: Snap detector activated.
2026-05-13 00:54:02,372 [INFO] auhip.core.state_machine: Gesture detected: fist (conf: 0.90, State: SLEEP)
2026-05-13 00:54:02,608 [INFO] auhip.audio.snap_detector: Sound detected! Energy: 0.0158
2026-05-13 00:54:03,617 [INFO] auhip.audio.snap_detector: Sound detected! Energy: 0.0311
2026-05-13 00:54:04,629 [INFO] auhip.audio.snap_detector: Sound detected! Energy: 0.0177
2026-05-13 00:54:04,885 [INFO] auhip.core.state_machine: Gesture detected: open_palm (conf: 0.95, State: SLEEP)
2026-05-13 00:54:05,654 [INFO] auhip.audio.snap_detector: Sound detected! Energy: 0.0167
2026-05-13 00:54:06,089 [INFO] auhip.core.state_machine: Gesture detected: fist (conf: 0.90, State: SLEEP)
2026-05-13 00:54:06,666 [INFO] auhip.audio.snap_detector: Sound detected! Energy: 0.0100
2026-05-13 00:54:07,187 [INFO] auhip.core.state_machine: Gesture detected: open_palm (conf: 0.95, State: SLEEP)
2026-05-13 00:54:07,404 [INFO] auhip.core.state_machine: Gesture detected: fist (conf: 0.90, State: SLEEP)
2026-05-13 00:54:07,404 [INFO] auhip.core.state_machine: Emergency exit gesture triggered in Sleep Mode.
2026-05-13 00:54:07,750 [INFO] auhip.audio.snap_detector: Sound detected! Energy: 0.0120
2026-05-13 00:54:17,805 [INFO] auhip: Starting auhip Assistant...
2026-05-13 00:54:17,812 [INFO] auhip.core.agent: Hybrid local-first orchestration layer initialised.
2026-05-13 00:54:19,033 [INFO] auhip.core.state_machine: State Machine started in STANDBY.
2026-05-13 00:54:19,037 [INFO] auhip.audio.speech_recognition: Loading Vosk model from: vosk-model-small-en-us-0.15
2026-05-13 00:54:19,539 [INFO] auhip.audio.speech_recognition: Vosk initialized successfully.
2026-05-13 00:54:19,606 [INFO] auhip.audio.microphone: Microphone stream started (Device: Default).
2026-05-13 00:54:19,606 [INFO] auhip.audio.snap_detector: Snap detector activated.
2026-05-13 00:54:19,606 [INFO] auhip: auhip is ready.
2026-05-13 00:54:19,606 [INFO] auhip:   Wake phrase    : 'daddy home'
2026-05-13 00:54:19,606 [INFO] auhip:   Shutdown phrase: 'goodbye jojo'
2026-05-13 00:54:19,818 [INFO] auhip.audio.snap_detector: Sound detected! Energy: 0.0185
2026-05-13 00:54:20,934 [INFO] auhip.audio.snap_detector: Sound detected! Energy: 0.0104
2026-05-13 00:54:21,990 [INFO] auhip.audio.snap_detector: Sound detected! Energy: 0.0396
2026-05-13 00:54:23,122 [INFO] auhip.audio.snap_detector: Sound detected! Energy: 0.0151
2026-05-13 00:54:23,812 [INFO] auhip.audio.snap_detector: Snap detected! Energy: 0.0489, Avg: 0.0080
2026-05-13 00:54:25,074 [INFO] auhip.audio.snap_detector: Snap detected! Energy: 0.0066, Avg: 0.0010
2026-05-13 00:54:25,078 [INFO] auhip.audio.speech_recognition: Vosk is listening (shared stream)...
2026-05-13 00:54:25,158 [INFO] auhip.audio.snap_detector: Sound detected! Energy: 0.0173
2026-05-13 00:54:25,438 [INFO] auhip.audio.snap_detector: Snap detected! Energy: 0.0186, Avg: 0.0020
2026-05-13 00:54:25,768 [INFO] auhip.audio.snap_detector: Snap detected! Energy: 0.0311, Avg: 0.0046
2026-05-13 00:54:26,936 [INFO] auhip.audio.snap_detector: Sound detected! Energy: 0.0136
2026-05-13 00:54:26,936 [INFO] auhip.audio.snap_detector: Snap detected! Energy: 0.0136, Avg: 0.0018
2026-05-13 00:54:27,391 [INFO] auhip.audio.snap_detector: Snap detected! Energy: 0.0178, Avg: 0.0015
2026-05-13 00:54:27,903 [INFO] auhip.audio.snap_detector: Snap detected! Energy: 0.0218, Avg: 0.0035
2026-05-13 00:54:27,977 [INFO] auhip.audio.snap_detector: Sound detected! Energy: 0.0110
2026-05-13 00:54:28,823 [INFO] auhip.audio.snap_detector: Snap detected! Energy: 0.0475, Avg: 0.0075
2026-05-13 00:54:29,191 [INFO] auhip.audio.snap_detector: Sound detected! Energy: 0.0251
2026-05-13 00:54:30,318 [INFO] auhip.audio.snap_detector: Sound detected! Energy: 0.0330
2026-05-13 00:54:31,572 [INFO] auhip.audio.snap_detector: Sound detected! Energy: 0.0145
2026-05-13 00:54:32,258 [INFO] auhip.audio.snap_detector: Snap detected! Energy: 0.0301, Avg: 0.0036
2026-05-13 00:54:32,628 [INFO] auhip.audio.snap_detector: Sound detected! Energy: 0.0308
2026-05-13 00:54:33,095 [INFO] auhip.audio.speech_recognition: Requesting Google Cloud fallback recognition...
2026-05-13 00:54:33,718 [INFO] auhip.audio.snap_detector: Sound detected! Energy: 0.0105
2026-05-13 00:54:33,751 [INFO] auhip.audio.snap_detector: Snap detected! Energy: 0.0653, Avg: 0.0078
2026-05-13 00:54:34,723 [INFO] auhip.audio.snap_detector: Sound detected! Energy: 0.0197
2026-05-13 00:54:35,746 [INFO] auhip.audio.snap_detector: Snap detector activated.
2026-05-13 00:54:36,036 [INFO] auhip.audio.snap_detector: Sound detected! Energy: 0.0121
2026-05-13 00:54:37,054 [INFO] auhip.audio.snap_detector: Sound detected! Energy: 0.0124
2026-05-13 00:54:38,061 [INFO] auhip.audio.snap_detector: Sound detected! Energy: 0.0127
2026-05-13 00:54:38,250 [INFO] auhip.audio.snap_detector: Snap detected! Energy: 0.0551, Avg: 0.0084
2026-05-13 00:54:39,223 [INFO] auhip.audio.snap_detector: Sound detected! Energy: 0.0103
2026-05-13 00:54:39,560 [INFO] auhip.audio.snap_detector: Snap detected! Energy: 0.0207, Avg: 0.0032
2026-05-13 00:54:39,564 [INFO] auhip.audio.speech_recognition: Vosk is listening (shared stream)...
2026-05-13 00:54:40,253 [INFO] auhip.audio.snap_detector: Sound detected! Energy: 0.0323
2026-05-13 00:54:41,272 [INFO] auhip.audio.snap_detector: Sound detected! Energy: 0.0276
2026-05-13 00:54:42,467 [INFO] auhip.audio.snap_detector: Sound detected! Energy: 0.0475
2026-05-13 00:54:43,233 [INFO] auhip.audio.snap_detector: Snap detected! Energy: 0.1111, Avg: 0.0155
2026-05-13 00:54:43,605 [INFO] auhip.audio.snap_detector: Sound detected! Energy: 0.0169
2026-05-13 00:54:44,764 [INFO] auhip.audio.snap_detector: Sound detected! Energy: 0.0112
2026-05-13 00:54:45,772 [INFO] auhip.audio.snap_detector: Sound detected! Energy: 0.0200
2026-05-13 00:54:46,947 [INFO] auhip.audio.snap_detector: Sound detected! Energy: 0.0106
2026-05-13 00:54:47,585 [INFO] auhip.audio.speech_recognition: Requesting Google Cloud fallback recognition...
2026-05-13 00:54:48,149 [INFO] auhip.audio.snap_detector: Sound detected! Energy: 0.0119
2026-05-13 00:54:48,990 [INFO] auhip.audio.snap_detector: Snap detected! Energy: 0.0160, Avg: 0.0024
2026-05-13 00:54:49,168 [INFO] auhip.audio.snap_detector: Sound detected! Energy: 0.0320
2026-05-13 00:54:50,236 [INFO] auhip.audio.snap_detector: Sound detected! Energy: 0.0139
2026-05-13 00:54:50,979 [INFO] auhip.audio.snap_detector: Snap detector activated.
2026-05-13 00:54:51,354 [INFO] auhip.audio.snap_detector: Sound detected! Energy: 0.0128
2026-05-13 00:54:51,734 [INFO] auhip.audio.snap_detector: Snap detected! Energy: 0.0732, Avg: 0.0120
2026-05-13 00:54:52,614 [INFO] auhip.audio.snap_detector: Sound detected! Energy: 0.0200
2026-05-13 00:54:53,633 [INFO] auhip.audio.snap_detector: Sound detected! Energy: 0.0286
2026-05-13 00:54:53,731 [INFO] auhip.audio.snap_detector: Snap detector activated.
2026-05-13 00:54:54,737 [INFO] auhip.audio.snap_detector: Sound detected! Energy: 0.0278
2026-05-13 00:54:55,764 [INFO] auhip.audio.snap_detector: Sound detected! Energy: 0.0476
2026-05-13 00:54:55,764 [INFO] auhip.audio.snap_detector: Snap detected! Energy: 0.0476, Avg: 0.0079
2026-05-13 00:54:57,385 [INFO] auhip.audio.snap_detector: Sound detected! Energy: 0.0189
2026-05-13 00:54:57,385 [INFO] auhip.audio.snap_detector: Snap detected! Energy: 0.0189, Avg: 0.0020
2026-05-13 00:54:57,390 [INFO] auhip.audio.speech_recognition: Vosk is listening (shared stream)...
2026-05-13 00:54:57,714 [INFO] auhip.audio.snap_detector: Snap detected! Energy: 0.0176, Avg: 0.0023
2026-05-13 00:54:58,459 [INFO] auhip.audio.snap_detector: Sound detected! Energy: 0.0144
2026-05-13 00:54:59,156 [INFO] auhip.audio.snap_detector: Snap detected! Energy: 0.0287, Avg: 0.0045
2026-05-13 00:55:00,181 [INFO] auhip.audio.snap_detector: Sound detected! Energy: 0.0142
2026-05-13 00:55:01,432 [INFO] auhip.audio.snap_detector: Sound detected! Energy: 0.0103
2026-05-13 00:55:01,475 [INFO] auhip.audio.snap_detector: Snap detected! Energy: 0.0172, Avg: 0.0023
2026-05-13 00:55:02,814 [INFO] auhip.audio.snap_detector: Snap detected! Energy: 0.0088, Avg: 0.0012
2026-05-13 00:55:03,011 [INFO] auhip.audio.snap_detector: Sound detected! Energy: 0.0132
2026-05-13 00:55:03,792 [INFO] auhip.audio.snap_detector: Snap detected! Energy: 0.0248, Avg: 0.0032
2026-05-13 00:55:04,026 [INFO] auhip.audio.snap_detector: Sound detected! Energy: 0.0113
2026-05-13 00:55:05,048 [INFO] auhip.audio.snap_detector: Sound detected! Energy: 0.0220
2026-05-13 00:55:05,425 [INFO] auhip.audio.speech_recognition: Requesting Google Cloud fallback recognition...
2026-05-13 00:55:05,662 [INFO] auhip.audio.snap_detector: Snap detected! Energy: 0.0379, Avg: 0.0063
2026-05-13 00:55:06,109 [INFO] auhip.audio.snap_detector: Sound detected! Energy: 0.0203
2026-05-13 00:55:07,138 [INFO] auhip.audio.snap_detector: Sound detected! Energy: 0.0129
2026-05-13 00:55:08,171 [INFO] auhip.audio.snap_detector: Sound detected! Energy: 0.0110
2026-05-13 00:55:08,684 [INFO] auhip.audio.snap_detector: Snap detected! Energy: 0.0918, Avg: 0.0126
2026-05-13 00:55:09,185 [INFO] auhip.audio.snap_detector: Sound detected! Energy: 0.0175
2026-05-13 00:55:10,201 [INFO] auhip.audio.snap_detector: Sound detected! Energy: 0.0312
2026-05-13 00:55:10,686 [INFO] auhip.audio.snap_detector: Snap detector activated.
2026-05-13 00:55:11,416 [INFO] auhip.audio.snap_detector: Sound detected! Energy: 0.0113
2026-05-13 00:55:13,039 [INFO] auhip.audio.snap_detector: Sound detected! Energy: 0.0161
2026-05-13 00:55:13,876 [INFO] auhip.audio.snap_detector: Snap detected! Energy: 0.0154, Avg: 0.0024
2026-05-13 00:55:14,054 [INFO] auhip.audio.snap_detector: Sound detected! Energy: 0.0265
2026-05-13 00:55:15,073 [INFO] auhip.audio.snap_detector: Sound detected! Energy: 0.0425
2026-05-13 00:55:15,871 [INFO] auhip.audio.snap_detector: Snap detector activated.
2026-05-13 00:55:17,737 [INFO] auhip.audio.snap_detector: Sound detected! Energy: 0.1393
2026-05-13 00:55:17,737 [INFO] auhip.audio.snap_detector: Snap detected! Energy: 0.1393, Avg: 0.0033
2026-05-13 00:55:18,103 [INFO] auhip.audio.snap_detector: Snap detected! Energy: 0.1471, Avg: 0.0070
2026-05-13 00:55:18,107 [INFO] auhip.audio.speech_recognition: Vosk is listening (shared stream)...
2026-05-13 00:55:18,601 [INFO] auhip.audio.snap_detector: Snap detected! Energy: 0.1390, Avg: 0.0161
2026-05-13 00:55:18,747 [INFO] auhip.audio.snap_detector: Sound detected! Energy: 0.0122
2026-05-13 00:55:19,775 [INFO] auhip.audio.snap_detector: Sound detected! Energy: 0.0129
2026-05-13 00:55:19,952 [INFO] auhip.audio.speech_recognition: Vosk Recognized: "daddy home"
2026-05-13 00:55:19,953 [INFO] auhip.audio.snap_detector: Snap detector deactivated.
2026-05-13 00:55:19,953 [INFO] auhip.vision.worker: Vision mode set to: none
2026-05-13 00:55:20,104 [INFO] auhip.audio.speech_recognition: Vosk is listening (shared stream)...
2026-05-13 00:55:23,625 [INFO] auhip.audio.speech_recognition: Vosk Recognized: "for the green"
2026-05-13 00:55:23,625 [INFO] auhip.audio.speech_recognition: Vosk recognized 'for the green', but it doesn't match a command. Falling back to Google...
2026-05-13 00:55:23,625 [INFO] auhip.audio.speech_recognition: Requesting Google Cloud fallback recognition...
2026-05-13 00:55:24,075 [INFO] auhip.audio.speech_recognition: Google Fallback Recognized: 'full screen'
2026-05-13 00:55:24,113 [INFO] auhip.core.agent: Local skill matched for: 'full screen'
2026-05-13 00:55:24,157 [INFO] auhip.audio.speech_recognition: Vosk is listening (shared stream)...
2026-05-13 00:55:27,247 [INFO] auhip.audio.speech_recognition: Vosk Recognized: "control on"
2026-05-13 00:55:27,256 [INFO] auhip.audio.snap_detector: Snap detector deactivated.
2026-05-13 00:55:27,366 [INFO] auhip.vision.worker: Vision Worker started.
2026-05-13 00:55:27,395 [INFO] auhip.vision.worker: Vision mode set to: control
2026-05-13 00:55:27,396 [INFO] auhip.core.agent: Local skill matched for: 'control on'
2026-05-13 00:55:27,404 [INFO] auhip.core.state_machine: Voice mode loop ended. Current state: CONTROL_MODE
2026-05-13 00:55:27,556 [WARNING] auhip.core.state_machine: Unknown attention state: UNKNOWN
2026-05-13 00:55:32,809 [INFO] auhip.vision.worker: Click (Gesture).
2026-05-13 00:55:33,275 [INFO] auhip.vision.worker: Click (Gesture).
2026-05-13 00:55:34,311 [INFO] auhip.vision.worker: Click (Gesture).
2026-05-13 00:55:34,591 [INFO] auhip.vision.worker: Double Click (Gesture).
2026-05-13 00:55:35,808 [INFO] auhip.vision.worker: Drag started.
2026-05-13 00:55:36,180 [INFO] auhip.vision.worker: Drag released.
2026-05-13 00:55:36,977 [INFO] auhip.vision.worker: Drag started.
2026-05-13 00:55:37,117 [INFO] auhip.vision.worker: Drag released.
2026-05-13 00:55:37,589 [INFO] auhip.vision.worker: Click (Gesture).
2026-05-13 00:55:38,250 [INFO] auhip.vision.worker: Drag started.
2026-05-13 00:55:39,788 [INFO] auhip.vision.worker: Drag released.
2026-05-13 00:55:39,833 [INFO] auhip.core.state_machine: Gesture detected: rock_sign (conf: 0.95, State: CONTROL_MODE)
2026-05-13 00:55:39,833 [INFO] auhip.core.state_machine: Exit gesture 'rock_sign' triggered in Control Mode.
2026-05-13 00:55:39,834 [INFO] auhip.core.state_machine: Exiting Control Mode -> Falling back to Camera Mode
2026-05-13 00:55:39,834 [INFO] auhip.audio.snap_detector: Snap detector deactivated.
2026-05-13 00:55:39,884 [INFO] auhip.vision.worker: Vision mode set to: camera
2026-05-13 00:55:39,937 [INFO] auhip.core.state_machine: Gesture detected: rock_sign (conf: 0.95, State: CAMERA_MODE)
2026-05-13 00:55:42,073 [INFO] auhip.core.state_machine: Gesture detected: three_fingers_up (conf: 0.90, State: CAMERA_MODE)
2026-05-13 00:55:42,200 [INFO] auhip.core.state_machine: Gesture detected: three_fingers_up (conf: 0.90, State: CAMERA_MODE)
2026-05-13 00:55:42,248 [INFO] auhip.core.state_machine: Gesture detected: three_fingers_up (conf: 0.90, State: CAMERA_MODE)
2026-05-13 00:55:42,287 [INFO] auhip.core.state_machine: Gesture detected: three_fingers_up (conf: 0.90, State: CAMERA_MODE)
2026-05-13 00:55:42,422 [INFO] auhip.core.state_machine: Gesture detected: three_fingers_up (conf: 0.90, State: CAMERA_MODE)
2026-05-13 00:55:42,473 [INFO] auhip.core.state_machine: Gesture detected: three_fingers_up (conf: 0.90, State: CAMERA_MODE)
2026-05-13 00:55:42,520 [INFO] auhip.core.state_machine: Gesture detected: three_fingers_up (conf: 0.90, State: CAMERA_MODE)
2026-05-13 00:55:42,645 [INFO] auhip.core.state_machine: Gesture detected: three_fingers_up (conf: 0.90, State: CAMERA_MODE)
2026-05-13 00:55:42,708 [INFO] auhip.core.state_machine: Gesture detected: three_fingers_up (conf: 0.90, State: CAMERA_MODE)
2026-05-13 00:55:42,754 [INFO] auhip.core.state_machine: Gesture detected: three_fingers_up (conf: 0.90, State: CAMERA_MODE)
2026-05-13 00:55:42,901 [INFO] auhip.core.state_machine: Gesture detected: three_fingers_up (conf: 0.90, State: CAMERA_MODE)
2026-05-13 00:55:42,907 [INFO] auhip.core.state_machine: Gesture detected: three_fingers_up (conf: 0.90, State: CAMERA_MODE)
2026-05-13 00:55:42,944 [INFO] auhip.core.state_machine: Gesture detected: three_fingers_up (conf: 0.90, State: CAMERA_MODE)
2026-05-13 00:55:42,986 [INFO] auhip.core.state_machine: Gesture detected: three_fingers_up (conf: 0.90, State: CAMERA_MODE)
2026-05-13 00:55:43,117 [INFO] auhip.core.state_machine: Gesture detected: three_fingers_up (conf: 0.90, State: CAMERA_MODE)
2026-05-13 00:55:43,178 [INFO] auhip.core.state_machine: Gesture detected: three_fingers_up (conf: 0.90, State: CAMERA_MODE)
2026-05-13 00:55:43,227 [INFO] auhip.core.state_machine: Gesture detected: three_fingers_up (conf: 0.90, State: CAMERA_MODE)
2026-05-13 00:55:43,357 [INFO] auhip.core.state_machine: Gesture detected: three_fingers_up (conf: 0.90, State: CAMERA_MODE)
2026-05-13 00:55:43,411 [INFO] auhip.core.state_machine: Gesture detected: three_fingers_up (conf: 0.90, State: CAMERA_MODE)
2026-05-13 00:55:43,458 [INFO] auhip.core.state_machine: Gesture detected: three_fingers_up (conf: 0.90, State: CAMERA_MODE)
2026-05-13 00:55:43,587 [INFO] auhip.core.state_machine: Gesture detected: three_fingers_up (conf: 0.90, State: CAMERA_MODE)
2026-05-13 00:55:43,645 [INFO] auhip.core.state_machine: Gesture detected: three_fingers_up (conf: 0.90, State: CAMERA_MODE)
2026-05-13 00:55:43,695 [INFO] auhip.core.state_machine: Gesture detected: three_fingers_up (conf: 0.90, State: CAMERA_MODE)
2026-05-13 00:55:43,824 [INFO] auhip.core.state_machine: Gesture detected: three_fingers_up (conf: 0.90, State: CAMERA_MODE)
2026-05-13 00:55:43,882 [INFO] auhip.core.state_machine: Gesture detected: three_fingers_up (conf: 0.90, State: CAMERA_MODE)
2026-05-13 00:55:43,928 [INFO] auhip.core.state_machine: Gesture detected: three_fingers_up (conf: 0.90, State: CAMERA_MODE)
2026-05-13 00:55:44,058 [INFO] auhip.core.state_machine: Gesture detected: three_fingers_up (conf: 0.90, State: CAMERA_MODE)
2026-05-13 00:55:44,116 [INFO] auhip.core.state_machine: Gesture detected: three_fingers_up (conf: 0.90, State: CAMERA_MODE)
2026-05-13 00:55:44,163 [INFO] auhip.core.state_machine: Gesture detected: three_fingers_up (conf: 0.90, State: CAMERA_MODE)
2026-05-13 00:55:44,292 [INFO] auhip.core.state_machine: Gesture detected: three_fingers_up (conf: 0.90, State: CAMERA_MODE)
2026-05-13 00:55:44,352 [INFO] auhip.core.state_machine: Gesture detected: three_fingers_up (conf: 0.90, State: CAMERA_MODE)
2026-05-13 00:55:44,398 [INFO] auhip.core.state_machine: Gesture detected: three_fingers_up (conf: 0.90, State: CAMERA_MODE)
2026-05-13 00:55:44,527 [INFO] auhip.core.state_machine: Gesture detected: three_fingers_up (conf: 0.90, State: CAMERA_MODE)
2026-05-13 00:55:44,585 [INFO] auhip.core.state_machine: Gesture detected: three_fingers_up (conf: 0.90, State: CAMERA_MODE)
2026-05-13 00:55:44,631 [INFO] auhip.core.state_machine: Gesture detected: three_fingers_up (conf: 0.90, State: CAMERA_MODE)
2026-05-13 00:55:44,758 [INFO] auhip.core.state_machine: Gesture detected: three_fingers_up (conf: 0.90, State: CAMERA_MODE)
2026-05-13 00:55:44,818 [INFO] auhip.core.state_machine: Gesture detected: three_fingers_up (conf: 0.90, State: CAMERA_MODE)
2026-05-13 00:55:44,865 [INFO] auhip.core.state_machine: Gesture detected: three_fingers_up (conf: 0.90, State: CAMERA_MODE)
2026-05-13 00:55:44,994 [INFO] auhip.core.state_machine: Gesture detected: three_fingers_up (conf: 0.90, State: CAMERA_MODE)
2026-05-13 00:55:45,053 [INFO] auhip.core.state_machine: Gesture detected: three_fingers_up (conf: 0.90, State: CAMERA_MODE)
2026-05-13 00:55:45,099 [INFO] auhip.core.state_machine: Gesture detected: three_fingers_up (conf: 0.90, State: CAMERA_MODE)
2026-05-13 00:55:45,226 [INFO] auhip.core.state_machine: Gesture detected: three_fingers_up (conf: 0.90, State: CAMERA_MODE)
2026-05-13 00:55:45,285 [INFO] auhip.core.state_machine: Gesture detected: three_fingers_up (conf: 0.90, State: CAMERA_MODE)
2026-05-13 00:55:45,335 [INFO] auhip.core.state_machine: Gesture detected: three_fingers_up (conf: 0.90, State: CAMERA_MODE)
2026-05-13 00:55:45,464 [INFO] auhip.core.state_machine: Gesture detected: three_fingers_up (conf: 0.90, State: CAMERA_MODE)
2026-05-13 00:55:45,522 [INFO] auhip.core.state_machine: Gesture detected: three_fingers_up (conf: 0.90, State: CAMERA_MODE)
2026-05-13 00:55:45,568 [INFO] auhip.core.state_machine: Gesture detected: three_fingers_up (conf: 0.90, State: CAMERA_MODE)
2026-05-13 00:55:45,695 [INFO] auhip.core.state_machine: Gesture detected: three_fingers_up (conf: 0.90, State: CAMERA_MODE)
2026-05-13 00:55:45,755 [INFO] auhip.core.state_machine: Gesture detected: three_fingers_up (conf: 0.90, State: CAMERA_MODE)
2026-05-13 00:55:45,800 [INFO] auhip.core.state_machine: Gesture detected: three_fingers_up (conf: 0.90, State: CAMERA_MODE)
2026-05-13 00:55:45,951 [INFO] auhip.core.state_machine: Gesture detected: three_fingers_up (conf: 0.90, State: CAMERA_MODE)
2026-05-13 00:55:45,956 [INFO] auhip.core.state_machine: Gesture detected: three_fingers_up (conf: 0.90, State: CAMERA_MODE)
2026-05-13 00:55:45,993 [INFO] auhip.core.state_machine: Gesture detected: three_fingers_up (conf: 0.90, State: CAMERA_MODE)
2026-05-13 00:55:46,039 [INFO] auhip.core.state_machine: Gesture detected: three_fingers_up (conf: 0.90, State: CAMERA_MODE)
2026-05-13 00:55:46,166 [INFO] auhip.core.state_machine: Gesture detected: three_fingers_up (conf: 0.90, State: CAMERA_MODE)
2026-05-13 00:55:46,228 [INFO] auhip.core.state_machine: Gesture detected: three_fingers_up (conf: 0.90, State: CAMERA_MODE)
2026-05-13 00:55:46,270 [INFO] auhip.core.state_machine: Gesture detected: three_fingers_up (conf: 0.90, State: CAMERA_MODE)
2026-05-13 00:55:46,400 [INFO] auhip.core.state_machine: Gesture detected: three_fingers_up (conf: 0.90, State: CAMERA_MODE)
2026-05-13 00:55:46,463 [INFO] auhip.core.state_machine: Gesture detected: three_fingers_up (conf: 0.90, State: CAMERA_MODE)
2026-05-13 00:55:46,508 [INFO] auhip.core.state_machine: Gesture detected: three_fingers_up (conf: 0.90, State: CAMERA_MODE)
2026-05-13 00:55:46,640 [INFO] auhip.core.state_machine: Gesture detected: three_fingers_up (conf: 0.90, State: CAMERA_MODE)
2026-05-13 00:55:46,696 [INFO] auhip.core.state_machine: Gesture detected: three_fingers_up (conf: 0.90, State: CAMERA_MODE)
2026-05-13 00:55:46,741 [INFO] auhip.core.state_machine: Gesture detected: three_fingers_up (conf: 0.90, State: CAMERA_MODE)
2026-05-13 00:55:46,868 [INFO] auhip.core.state_machine: Gesture detected: three_fingers_up (conf: 0.90, State: CAMERA_MODE)
2026-05-13 00:55:46,928 [INFO] auhip.core.state_machine: Gesture detected: three_fingers_up (conf: 0.90, State: CAMERA_MODE)
2026-05-13 00:55:46,976 [INFO] auhip.core.state_machine: Gesture detected: three_fingers_up (conf: 0.90, State: CAMERA_MODE)
2026-05-13 00:55:47,107 [INFO] auhip.core.state_machine: Gesture detected: three_fingers_up (conf: 0.90, State: CAMERA_MODE)
2026-05-13 00:55:47,164 [INFO] auhip.core.state_machine: Gesture detected: three_fingers_up (conf: 0.90, State: CAMERA_MODE)
2026-05-13 00:55:47,207 [INFO] auhip.core.state_machine: Gesture detected: three_fingers_up (conf: 0.90, State: CAMERA_MODE)
2026-05-13 00:55:47,338 [INFO] auhip.core.state_machine: Gesture detected: three_fingers_up (conf: 0.90, State: CAMERA_MODE)
2026-05-13 00:55:47,396 [INFO] auhip.core.state_machine: Gesture detected: three_fingers_up (conf: 0.90, State: CAMERA_MODE)
2026-05-13 00:55:47,441 [INFO] auhip.core.state_machine: Gesture detected: three_fingers_up (conf: 0.90, State: CAMERA_MODE)
2026-05-13 00:55:47,568 [INFO] auhip.core.state_machine: Gesture detected: three_fingers_up (conf: 0.90, State: CAMERA_MODE)
2026-05-13 00:55:47,631 [INFO] auhip.core.state_machine: Gesture detected: peace_sign (conf: 0.95, State: CAMERA_MODE)
2026-05-13 00:55:47,680 [INFO] auhip.core.state_machine: Gesture detected: three_fingers_up (conf: 0.90, State: CAMERA_MODE)
2026-05-13 00:55:47,864 [INFO] auhip.core.state_machine: Gesture detected: fist (conf: 0.90, State: CAMERA_MODE)
2026-05-13 00:55:47,958 [INFO] auhip.core.state_machine: Gesture detected: fist (conf: 0.90, State: CAMERA_MODE)
2026-05-13 00:55:48,381 [INFO] auhip.core.state_machine: Gesture detected: fist (conf: 0.90, State: CAMERA_MODE)
2026-05-13 00:55:48,894 [INFO] auhip.core.state_machine: Gesture detected: fist (conf: 0.90, State: CAMERA_MODE)
2026-05-13 00:55:50,532 [INFO] auhip.core.state_machine: Gesture detected: one_index_up (conf: 0.95, State: CAMERA_MODE)
2026-05-13 00:55:50,581 [INFO] auhip.core.state_machine: Gesture detected: fist (conf: 0.90, State: CAMERA_MODE)
2026-05-13 00:55:50,628 [INFO] auhip.core.state_machine: Gesture detected: three_fingers_up (conf: 0.90, State: CAMERA_MODE)
2026-05-13 00:55:50,755 [INFO] auhip.core.state_machine: Gesture detected: three_fingers_up (conf: 0.90, State: CAMERA_MODE)
2026-05-13 00:55:50,819 [INFO] auhip.core.state_machine: Gesture detected: three_fingers_up (conf: 0.90, State: CAMERA_MODE)
2026-05-13 00:55:50,867 [INFO] auhip.core.state_machine: Gesture detected: three_fingers_up (conf: 0.90, State: CAMERA_MODE)
2026-05-13 00:55:51,000 [INFO] auhip.core.state_machine: Gesture detected: three_fingers_up (conf: 0.90, State: CAMERA_MODE)
2026-05-13 00:55:51,055 [INFO] auhip.core.state_machine: Gesture detected: three_fingers_up (conf: 0.90, State: CAMERA_MODE)
2026-05-13 00:55:51,102 [INFO] auhip.core.state_machine: Gesture detected: three_fingers_up (conf: 0.90, State: CAMERA_MODE)
2026-05-13 00:55:51,228 [INFO] auhip.core.state_machine: Gesture detected: three_fingers_up (conf: 0.90, State: CAMERA_MODE)
2026-05-13 00:55:51,288 [INFO] auhip.core.state_machine: Gesture detected: three_fingers_up (conf: 0.90, State: CAMERA_MODE)
2026-05-13 00:55:51,333 [INFO] auhip.core.state_machine: Gesture detected: three_fingers_up (conf: 0.90, State: CAMERA_MODE)
2026-05-13 00:55:51,461 [INFO] auhip.core.state_machine: Gesture detected: three_fingers_up (conf: 0.90, State: CAMERA_MODE)
2026-05-13 00:55:51,523 [INFO] auhip.core.state_machine: Gesture detected: peace_sign (conf: 0.95, State: CAMERA_MODE)
2026-05-13 00:55:51,570 [INFO] auhip.core.state_machine: Gesture detected: three_fingers_up (conf: 0.90, State: CAMERA_MODE)
2026-05-13 00:55:51,700 [INFO] auhip.core.state_machine: Gesture detected: peace_sign (conf: 0.95, State: CAMERA_MODE)
2026-05-13 00:55:51,757 [INFO] auhip.core.state_machine: Gesture detected: peace_sign (conf: 0.95, State: CAMERA_MODE)
2026-05-13 00:55:51,802 [INFO] auhip.core.state_machine: Gesture detected: peace_sign (conf: 0.95, State: CAMERA_MODE)
2026-05-13 00:55:51,851 [INFO] auhip.core.state_machine: Gesture detected: peace_sign (conf: 0.95, State: CAMERA_MODE)
2026-05-13 00:55:51,900 [INFO] auhip.core.state_machine: Gesture detected: peace_sign (conf: 0.95, State: CAMERA_MODE)
2026-05-13 00:55:51,944 [INFO] auhip.core.state_machine: Gesture detected: peace_sign (conf: 0.95, State: CAMERA_MODE)
2026-05-13 00:55:51,987 [INFO] auhip.core.state_machine: Gesture detected: three_fingers_up (conf: 0.90, State: CAMERA_MODE)
2026-05-13 00:55:52,115 [INFO] auhip.core.state_machine: Gesture detected: fist (conf: 0.90, State: CAMERA_MODE)
2026-05-13 00:55:52,427 [INFO] auhip.core.state_machine: Gesture detected: fist (conf: 0.90, State: CAMERA_MODE)
2026-05-13 00:55:52,504 [INFO] auhip.core.state_machine: Gesture detected: three_fingers_down (conf: 0.90, State: CAMERA_MODE)
2026-05-13 00:55:52,632 [INFO] auhip.core.state_machine: Gesture detected: fist (conf: 0.90, State: CAMERA_MODE)
2026-05-13 00:55:54,611 [INFO] auhip.core.state_machine: Gesture detected: three_fingers_down (conf: 0.90, State: CAMERA_MODE)
2026-05-13 00:55:54,742 [INFO] auhip.core.state_machine: Gesture detected: fist (conf: 0.90, State: CAMERA_MODE)
2026-05-13 00:55:56,533 [INFO] auhip.core.state_machine: Gesture detected: three_fingers_down (conf: 0.90, State: CAMERA_MODE)
2026-05-13 00:55:56,661 [INFO] auhip.core.state_machine: Gesture detected: fist (conf: 0.90, State: CAMERA_MODE)
2026-05-13 00:55:56,729 [INFO] auhip.core.state_machine: Gesture detected: three_fingers_down (conf: 0.90, State: CAMERA_MODE)
2026-05-13 00:55:56,777 [INFO] auhip.core.state_machine: Gesture detected: three_fingers_down (conf: 0.90, State: CAMERA_MODE)
2026-05-13 00:55:56,908 [INFO] auhip.core.state_machine: Gesture detected: three_fingers_down (conf: 0.90, State: CAMERA_MODE)
2026-05-13 00:55:56,963 [INFO] auhip.core.state_machine: Gesture detected: fist (conf: 0.90, State: CAMERA_MODE)
2026-05-13 00:55:57,377 [INFO] auhip.core.state_machine: Gesture detected: three_fingers_down (conf: 0.90, State: CAMERA_MODE)
2026-05-13 00:55:57,505 [INFO] auhip.core.state_machine: Gesture detected: fist (conf: 0.90, State: CAMERA_MODE)
2026-05-13 00:55:57,613 [INFO] auhip.core.state_machine: Gesture detected: three_fingers_down (conf: 0.90, State: CAMERA_MODE)
2026-05-13 00:55:57,746 [INFO] auhip.core.state_machine: Gesture detected: three_fingers_down (conf: 0.90, State: CAMERA_MODE)
2026-05-13 00:55:57,805 [INFO] auhip.core.state_machine: Gesture detected: fist (conf: 0.90, State: CAMERA_MODE)
2026-05-13 00:55:57,895 [INFO] auhip.core.state_machine: Gesture detected: three_fingers_down (conf: 0.90, State: CAMERA_MODE)
2026-05-13 00:55:58,026 [INFO] auhip.core.state_machine: Gesture detected: fist (conf: 0.90, State: CAMERA_MODE)
2026-05-13 00:56:03,349 [INFO] auhip.core.state_machine: Gesture detected: open_palm (conf: 0.95, State: CAMERA_MODE)
2026-05-13 00:56:03,537 [INFO] auhip.core.state_machine: Gesture detected: three_fingers_up (conf: 0.90, State: CAMERA_MODE)
2026-05-13 00:56:03,665 [INFO] auhip.core.state_machine: Gesture detected: open_palm (conf: 0.95, State: CAMERA_MODE)
2026-05-13 00:56:03,713 [INFO] auhip.core.state_machine: Gesture detected: fist (conf: 0.90, State: CAMERA_MODE)
2026-05-13 00:56:04,149 [INFO] auhip.core.state_machine: Gesture detected: fist (conf: 0.90, State: CAMERA_MODE)
2026-05-13 00:56:07,972 [INFO] auhip.core.state_machine: Gesture detected: three_fingers_down (conf: 0.90, State: CAMERA_MODE)
2026-05-13 00:56:08,097 [INFO] auhip.core.state_machine: Gesture detected: three_fingers_down (conf: 0.90, State: CAMERA_MODE)
2026-05-13 00:56:08,163 [INFO] auhip.core.state_machine: Gesture detected: three_fingers_down (conf: 0.90, State: CAMERA_MODE)
2026-05-13 00:56:08,208 [INFO] auhip.core.state_machine: Gesture detected: three_fingers_down (conf: 0.90, State: CAMERA_MODE)
2026-05-13 00:56:08,340 [INFO] auhip.core.state_machine: Gesture detected: three_fingers_down (conf: 0.90, State: CAMERA_MODE)
2026-05-13 00:56:08,395 [INFO] auhip.core.state_machine: Gesture detected: three_fingers_down (conf: 0.90, State: CAMERA_MODE)
2026-05-13 00:56:08,448 [INFO] auhip.core.state_machine: Gesture detected: three_fingers_down (conf: 0.90, State: CAMERA_MODE)
2026-05-13 00:56:08,582 [INFO] auhip.core.state_machine: Gesture detected: three_fingers_down (conf: 0.90, State: CAMERA_MODE)
2026-05-13 00:56:08,632 [INFO] auhip.core.state_machine: Gesture detected: three_fingers_down (conf: 0.90, State: CAMERA_MODE)
2026-05-13 00:56:08,677 [INFO] auhip.core.state_machine: Gesture detected: three_fingers_down (conf: 0.90, State: CAMERA_MODE)
2026-05-13 00:56:08,809 [INFO] auhip.core.state_machine: Gesture detected: three_fingers_down (conf: 0.90, State: CAMERA_MODE)
2026-05-13 00:56:08,866 [INFO] auhip.core.state_machine: Gesture detected: three_fingers_down (conf: 0.90, State: CAMERA_MODE)
2026-05-13 00:56:08,912 [INFO] auhip.core.state_machine: Gesture detected: three_fingers_down (conf: 0.90, State: CAMERA_MODE)
2026-05-13 00:56:09,040 [INFO] auhip.core.state_machine: Gesture detected: three_fingers_down (conf: 0.90, State: CAMERA_MODE)
2026-05-13 00:56:09,096 [INFO] auhip.core.state_machine: Gesture detected: three_fingers_down (conf: 0.90, State: CAMERA_MODE)
2026-05-13 00:56:09,149 [INFO] auhip.core.state_machine: Gesture detected: three_fingers_down (conf: 0.90, State: CAMERA_MODE)
2026-05-13 00:56:09,277 [INFO] auhip.core.state_machine: Gesture detected: three_fingers_down (conf: 0.90, State: CAMERA_MODE)
2026-05-13 00:56:09,334 [INFO] auhip.core.state_machine: Gesture detected: three_fingers_down (conf: 0.90, State: CAMERA_MODE)
2026-05-13 00:56:09,382 [INFO] auhip.core.state_machine: Gesture detected: three_fingers_down (conf: 0.90, State: CAMERA_MODE)
2026-05-13 00:56:09,511 [INFO] auhip.core.state_machine: Gesture detected: three_fingers_down (conf: 0.90, State: CAMERA_MODE)
2026-05-13 00:56:09,572 [INFO] auhip.core.state_machine: Gesture detected: three_fingers_down (conf: 0.90, State: CAMERA_MODE)
2026-05-13 00:56:09,614 [INFO] auhip.core.state_machine: Gesture detected: three_fingers_down (conf: 0.90, State: CAMERA_MODE)
2026-05-13 00:56:09,745 [INFO] auhip.core.state_machine: Gesture detected: three_fingers_down (conf: 0.90, State: CAMERA_MODE)
2026-05-13 00:56:09,802 [INFO] auhip.core.state_machine: Gesture detected: three_fingers_down (conf: 0.90, State: CAMERA_MODE)
2026-05-13 00:56:09,849 [INFO] auhip.core.state_machine: Gesture detected: three_fingers_down (conf: 0.90, State: CAMERA_MODE)
2026-05-13 00:56:09,980 [INFO] auhip.core.state_machine: Gesture detected: three_fingers_down (conf: 0.90, State: CAMERA_MODE)
2026-05-13 00:56:10,037 [INFO] auhip.core.state_machine: Gesture detected: three_fingers_down (conf: 0.90, State: CAMERA_MODE)
2026-05-13 00:56:10,084 [INFO] auhip.core.state_machine: Gesture detected: three_fingers_down (conf: 0.90, State: CAMERA_MODE)
2026-05-13 00:56:10,214 [INFO] auhip.core.state_machine: Gesture detected: three_fingers_down (conf: 0.90, State: CAMERA_MODE)
2026-05-13 00:56:10,271 [INFO] auhip.core.state_machine: Gesture detected: three_fingers_down (conf: 0.90, State: CAMERA_MODE)
2026-05-13 00:56:10,317 [INFO] auhip.core.state_machine: Gesture detected: three_fingers_down (conf: 0.90, State: CAMERA_MODE)
2026-05-13 00:56:10,450 [INFO] auhip.core.state_machine: Gesture detected: three_fingers_down (conf: 0.90, State: CAMERA_MODE)
2026-05-13 00:56:10,510 [INFO] auhip.core.state_machine: Gesture detected: three_fingers_down (conf: 0.90, State: CAMERA_MODE)
2026-05-13 00:56:10,554 [INFO] auhip.core.state_machine: Gesture detected: three_fingers_down (conf: 0.90, State: CAMERA_MODE)
2026-05-13 00:56:10,684 [INFO] auhip.core.state_machine: Gesture detected: three_fingers_down (conf: 0.90, State: CAMERA_MODE)
2026-05-13 00:56:10,739 [INFO] auhip.core.state_machine: Gesture detected: three_fingers_down (conf: 0.90, State: CAMERA_MODE)
2026-05-13 00:56:10,791 [INFO] auhip.core.state_machine: Gesture detected: three_fingers_down (conf: 0.90, State: CAMERA_MODE)
2026-05-13 00:56:10,919 [INFO] auhip.core.state_machine: Gesture detected: three_fingers_down (conf: 0.90, State: CAMERA_MODE)
2026-05-13 00:56:10,974 [INFO] auhip.core.state_machine: Gesture detected: three_fingers_down (conf: 0.90, State: CAMERA_MODE)
2026-05-13 00:56:11,023 [INFO] auhip.core.state_machine: Gesture detected: three_fingers_down (conf: 0.90, State: CAMERA_MODE)
2026-05-13 00:56:11,151 [INFO] auhip.core.state_machine: Gesture detected: three_fingers_down (conf: 0.90, State: CAMERA_MODE)
2026-05-13 00:56:11,209 [INFO] auhip.core.state_machine: Gesture detected: three_fingers_down (conf: 0.90, State: CAMERA_MODE)
2026-05-13 00:56:11,255 [INFO] auhip.core.state_machine: Gesture detected: three_fingers_down (conf: 0.90, State: CAMERA_MODE)
2026-05-13 00:56:11,384 [INFO] auhip.core.state_machine: Gesture detected: three_fingers_down (conf: 0.90, State: CAMERA_MODE)
2026-05-13 00:56:11,444 [INFO] auhip.core.state_machine: Gesture detected: three_fingers_down (conf: 0.90, State: CAMERA_MODE)
2026-05-13 00:56:11,491 [INFO] auhip.core.state_machine: Gesture detected: fist (conf: 0.90, State: CAMERA_MODE)
2026-05-13 00:56:11,537 [INFO] auhip.core.state_machine: Gesture detected: three_fingers_down (conf: 0.90, State: CAMERA_MODE)
2026-05-13 00:56:11,670 [INFO] auhip.core.state_machine: Gesture detected: three_fingers_down (conf: 0.90, State: CAMERA_MODE)
2026-05-13 00:56:11,728 [INFO] auhip.core.state_machine: Gesture detected: fist (conf: 0.90, State: CAMERA_MODE)
2026-05-13 00:56:11,930 [INFO] auhip.core.state_machine: Gesture detected: open_palm (conf: 0.95, State: CAMERA_MODE)
2026-05-13 00:56:12,145 [INFO] auhip.core.state_machine: Gesture detected: three_fingers_up (conf: 0.90, State: CAMERA_MODE)
2026-05-13 00:56:12,275 [INFO] auhip.core.state_machine: Gesture detected: three_fingers_up (conf: 0.90, State: CAMERA_MODE)
2026-05-13 00:56:12,335 [INFO] auhip.core.state_machine: Gesture detected: three_fingers_up (conf: 0.90, State: CAMERA_MODE)
2026-05-13 00:56:12,385 [INFO] auhip.core.state_machine: Gesture detected: three_fingers_up (conf: 0.90, State: CAMERA_MODE)
2026-05-13 00:56:12,516 [INFO] auhip.core.state_machine: Gesture detected: three_fingers_up (conf: 0.90, State: CAMERA_MODE)
2026-05-13 00:56:12,570 [INFO] auhip.core.state_machine: Gesture detected: three_fingers_up (conf: 0.90, State: CAMERA_MODE)
2026-05-13 00:56:12,614 [INFO] auhip.core.state_machine: Gesture detected: three_fingers_up (conf: 0.90, State: CAMERA_MODE)
2026-05-13 00:56:12,743 [INFO] auhip.core.state_machine: Gesture detected: open_palm (conf: 0.95, State: CAMERA_MODE)
2026-05-13 00:56:12,945 [INFO] auhip.core.state_machine: Gesture detected: three_fingers_up (conf: 0.90, State: CAMERA_MODE)
2026-05-13 00:56:13,072 [INFO] auhip.core.state_machine: Gesture detected: three_fingers_up (conf: 0.90, State: CAMERA_MODE)
2026-05-13 00:56:13,134 [INFO] auhip.core.state_machine: Gesture detected: three_fingers_up (conf: 0.90, State: CAMERA_MODE)
2026-05-13 00:56:13,177 [INFO] auhip.core.state_machine: Gesture detected: three_fingers_up (conf: 0.90, State: CAMERA_MODE)
2026-05-13 00:56:13,304 [INFO] auhip.core.state_machine: Gesture detected: three_fingers_up (conf: 0.90, State: CAMERA_MODE)
2026-05-13 00:56:13,365 [INFO] auhip.core.state_machine: Gesture detected: three_fingers_up (conf: 0.90, State: CAMERA_MODE)
2026-05-13 00:56:13,410 [INFO] auhip.core.state_machine: Gesture detected: three_fingers_up (conf: 0.90, State: CAMERA_MODE)
2026-05-13 00:56:13,537 [INFO] auhip.core.state_machine: Gesture detected: three_fingers_up (conf: 0.90, State: CAMERA_MODE)
2026-05-13 00:56:13,599 [INFO] auhip.core.state_machine: Gesture detected: three_fingers_up (conf: 0.90, State: CAMERA_MODE)
2026-05-13 00:56:13,646 [INFO] auhip.core.state_machine: Gesture detected: three_fingers_up (conf: 0.90, State: CAMERA_MODE)
2026-05-13 00:56:13,773 [INFO] auhip.core.state_machine: Gesture detected: three_fingers_up (conf: 0.90, State: CAMERA_MODE)
2026-05-13 00:56:13,837 [INFO] auhip.core.state_machine: Gesture detected: three_fingers_up (conf: 0.90, State: CAMERA_MODE)
2026-05-13 00:56:13,880 [INFO] auhip.core.state_machine: Gesture detected: three_fingers_up (conf: 0.90, State: CAMERA_MODE)
2026-05-13 00:56:14,007 [INFO] auhip.core.state_machine: Gesture detected: three_fingers_up (conf: 0.90, State: CAMERA_MODE)
2026-05-13 00:56:14,071 [INFO] auhip.core.state_machine: Gesture detected: three_fingers_up (conf: 0.90, State: CAMERA_MODE)
2026-05-13 00:56:14,115 [INFO] auhip.core.state_machine: Gesture detected: three_fingers_up (conf: 0.90, State: CAMERA_MODE)
2026-05-13 00:56:14,242 [INFO] auhip.core.state_machine: Gesture detected: three_fingers_up (conf: 0.90, State: CAMERA_MODE)
2026-05-13 00:56:14,303 [INFO] auhip.core.state_machine: Gesture detected: three_fingers_up (conf: 0.90, State: CAMERA_MODE)
2026-05-13 00:56:14,351 [INFO] auhip.core.state_machine: Gesture detected: three_fingers_up (conf: 0.90, State: CAMERA_MODE)
2026-05-13 00:56:14,477 [INFO] auhip.core.state_machine: Gesture detected: three_fingers_up (conf: 0.90, State: CAMERA_MODE)
2026-05-13 00:56:14,538 [INFO] auhip.core.state_machine: Gesture detected: three_fingers_up (conf: 0.90, State: CAMERA_MODE)
2026-05-13 00:56:14,583 [INFO] auhip.core.state_machine: Gesture detected: three_fingers_up (conf: 0.90, State: CAMERA_MODE)
2026-05-13 00:56:14,709 [INFO] auhip.core.state_machine: Gesture detected: three_fingers_up (conf: 0.90, State: CAMERA_MODE)
2026-05-13 00:56:14,770 [INFO] auhip.core.state_machine: Gesture detected: three_fingers_up (conf: 0.90, State: CAMERA_MODE)
2026-05-13 00:56:14,820 [INFO] auhip.core.state_machine: Gesture detected: three_fingers_up (conf: 0.90, State: CAMERA_MODE)
2026-05-13 00:56:14,947 [INFO] auhip.core.state_machine: Gesture detected: three_fingers_up (conf: 0.90, State: CAMERA_MODE)
2026-05-13 00:56:15,004 [INFO] auhip.core.state_machine: Gesture detected: three_fingers_up (conf: 0.90, State: CAMERA_MODE)
2026-05-13 00:56:15,051 [INFO] auhip.core.state_machine: Gesture detected: three_fingers_up (conf: 0.90, State: CAMERA_MODE)
2026-05-13 00:56:15,178 [INFO] auhip.core.state_machine: Gesture detected: three_fingers_up (conf: 0.90, State: CAMERA_MODE)
2026-05-13 00:56:15,240 [INFO] auhip.core.state_machine: Gesture detected: three_fingers_up (conf: 0.90, State: CAMERA_MODE)
2026-05-13 00:56:15,285 [INFO] auhip.core.state_machine: Gesture detected: three_fingers_up (conf: 0.90, State: CAMERA_MODE)
2026-05-13 00:56:15,413 [INFO] auhip.core.state_machine: Gesture detected: three_fingers_up (conf: 0.90, State: CAMERA_MODE)
2026-05-13 00:56:15,477 [INFO] auhip.core.state_machine: Gesture detected: three_fingers_up (conf: 0.90, State: CAMERA_MODE)
2026-05-13 00:56:15,522 [INFO] auhip.core.state_machine: Gesture detected: three_fingers_up (conf: 0.90, State: CAMERA_MODE)
2026-05-13 00:56:15,649 [INFO] auhip.core.state_machine: Gesture detected: three_fingers_up (conf: 0.90, State: CAMERA_MODE)
2026-05-13 00:56:15,709 [INFO] auhip.core.state_machine: Gesture detected: three_fingers_up (conf: 0.90, State: CAMERA_MODE)
2026-05-13 00:56:15,753 [INFO] auhip.core.state_machine: Gesture detected: open_palm (conf: 0.95, State: CAMERA_MODE)
2026-05-13 00:56:15,802 [INFO] auhip.core.state_machine: Gesture detected: fist (conf: 0.90, State: CAMERA_MODE)
2026-05-13 00:56:15,850 [INFO] auhip.core.state_machine: Gesture detected: three_fingers_down (conf: 0.90, State: CAMERA_MODE)
2026-05-13 00:56:15,977 [INFO] auhip.core.state_machine: Gesture detected: fist (conf: 0.90, State: CAMERA_MODE)
2026-05-13 00:56:17,631 [INFO] auhip.core.state_machine: Gesture detected: fist (conf: 0.90, State: CAMERA_MODE)
2026-05-13 00:56:17,815 [INFO] auhip.core.state_machine: Gesture detected: three_fingers_up (conf: 0.90, State: CAMERA_MODE)
2026-05-13 00:56:17,939 [INFO] auhip.core.state_machine: Gesture detected: three_fingers_up (conf: 0.90, State: CAMERA_MODE)
2026-05-13 00:56:18,005 [INFO] auhip.core.state_machine: Gesture detected: three_fingers_up (conf: 0.90, State: CAMERA_MODE)
2026-05-13 00:56:18,056 [INFO] auhip.core.state_machine: Gesture detected: three_fingers_up (conf: 0.90, State: CAMERA_MODE)
2026-05-13 00:56:18,188 [INFO] auhip.core.state_machine: Gesture detected: three_fingers_up (conf: 0.90, State: CAMERA_MODE)
2026-05-13 00:56:18,244 [INFO] auhip.core.state_machine: Gesture detected: three_fingers_up (conf: 0.90, State: CAMERA_MODE)
2026-05-13 00:56:18,288 [INFO] auhip.core.state_machine: Gesture detected: three_fingers_up (conf: 0.90, State: CAMERA_MODE)
2026-05-13 00:56:18,417 [INFO] auhip.core.state_machine: Gesture detected: three_fingers_up (conf: 0.90, State: CAMERA_MODE)
2026-05-13 00:56:18,473 [INFO] auhip.core.state_machine: Gesture detected: three_fingers_up (conf: 0.90, State: CAMERA_MODE)
2026-05-13 00:56:18,522 [INFO] auhip.core.state_machine: Gesture detected: three_fingers_up (conf: 0.90, State: CAMERA_MODE)
2026-05-13 00:56:18,649 [INFO] auhip.core.state_machine: Gesture detected: three_fingers_up (conf: 0.90, State: CAMERA_MODE)
2026-05-13 00:56:18,707 [INFO] auhip.core.state_machine: Gesture detected: three_fingers_up (conf: 0.90, State: CAMERA_MODE)
2026-05-13 00:56:18,755 [INFO] auhip.core.state_machine: Gesture detected: three_fingers_up (conf: 0.90, State: CAMERA_MODE)
2026-05-13 00:56:18,883 [INFO] auhip.core.state_machine: Gesture detected: three_fingers_up (conf: 0.90, State: CAMERA_MODE)
2026-05-13 00:56:18,945 [INFO] auhip.core.state_machine: Gesture detected: three_fingers_up (conf: 0.90, State: CAMERA_MODE)
2026-05-13 00:56:18,991 [INFO] auhip.core.state_machine: Gesture detected: three_fingers_up (conf: 0.90, State: CAMERA_MODE)
2026-05-13 00:56:19,119 [INFO] auhip.core.state_machine: Gesture detected: three_fingers_up (conf: 0.90, State: CAMERA_MODE)
2026-05-13 00:56:19,177 [INFO] auhip.core.state_machine: Gesture detected: three_fingers_up (conf: 0.90, State: CAMERA_MODE)
2026-05-13 00:56:19,224 [INFO] auhip.core.state_machine: Gesture detected: three_fingers_up (conf: 0.90, State: CAMERA_MODE)
2026-05-13 00:56:19,350 [INFO] auhip.core.state_machine: Gesture detected: three_fingers_up (conf: 0.90, State: CAMERA_MODE)
2026-05-13 00:56:19,411 [INFO] auhip.core.state_machine: Gesture detected: three_fingers_up (conf: 0.90, State: CAMERA_MODE)
2026-05-13 00:56:19,459 [INFO] auhip.core.state_machine: Gesture detected: three_fingers_up (conf: 0.90, State: CAMERA_MODE)
2026-05-13 00:56:19,587 [INFO] auhip.core.state_machine: Gesture detected: three_fingers_up (conf: 0.90, State: CAMERA_MODE)
2026-05-13 00:56:19,645 [INFO] auhip.core.state_machine: Gesture detected: three_fingers_up (conf: 0.90, State: CAMERA_MODE)
2026-05-13 00:56:19,692 [INFO] auhip.core.state_machine: Gesture detected: three_fingers_up (conf: 0.90, State: CAMERA_MODE)
2026-05-13 00:56:19,822 [INFO] auhip.core.state_machine: Gesture detected: three_fingers_up (conf: 0.90, State: CAMERA_MODE)
2026-05-13 00:56:19,880 [INFO] auhip.core.state_machine: Gesture detected: three_fingers_up (conf: 0.90, State: CAMERA_MODE)
2026-05-13 00:56:19,927 [INFO] auhip.core.state_machine: Gesture detected: three_fingers_up (conf: 0.90, State: CAMERA_MODE)
2026-05-13 00:56:20,115 [INFO] auhip.core.state_machine: Gesture detected: fist (conf: 0.90, State: CAMERA_MODE)
2026-05-13 00:56:21,517 [INFO] auhip.core.state_machine: Gesture detected: fist (conf: 0.90, State: CAMERA_MODE)
2026-05-13 00:56:21,705 [INFO] auhip.core.state_machine: Gesture detected: open_palm (conf: 0.95, State: CAMERA_MODE)
2026-05-13 00:56:21,755 [INFO] auhip.core.state_machine: Gesture detected: three_fingers_up (conf: 0.90, State: CAMERA_MODE)
2026-05-13 00:56:21,881 [INFO] auhip.core.state_machine: Gesture detected: three_fingers_up (conf: 0.90, State: CAMERA_MODE)
2026-05-13 00:56:21,945 [INFO] auhip.core.state_machine: Gesture detected: three_fingers_up (conf: 0.90, State: CAMERA_MODE)
2026-05-13 00:56:21,990 [INFO] auhip.core.state_machine: Gesture detected: three_fingers_up (conf: 0.90, State: CAMERA_MODE)
2026-05-13 00:56:22,123 [INFO] auhip.core.state_machine: Gesture detected: three_fingers_up (conf: 0.90, State: CAMERA_MODE)
2026-05-13 00:56:22,178 [INFO] auhip.core.state_machine: Gesture detected: three_fingers_up (conf: 0.90, State: CAMERA_MODE)
2026-05-13 00:56:22,227 [INFO] auhip.core.state_machine: Gesture detected: three_fingers_up (conf: 0.90, State: CAMERA_MODE)
2026-05-13 00:56:22,355 [INFO] auhip.core.state_machine: Gesture detected: three_fingers_up (conf: 0.90, State: CAMERA_MODE)
2026-05-13 00:56:22,413 [INFO] auhip.core.state_machine: Gesture detected: three_fingers_up (conf: 0.90, State: CAMERA_MODE)
2026-05-13 00:56:22,460 [INFO] auhip.core.state_machine: Gesture detected: three_fingers_up (conf: 0.90, State: CAMERA_MODE)
2026-05-13 00:56:22,586 [INFO] auhip.core.state_machine: Gesture detected: three_fingers_up (conf: 0.90, State: CAMERA_MODE)
2026-05-13 00:56:22,654 [INFO] auhip.core.state_machine: Gesture detected: three_fingers_up (conf: 0.90, State: CAMERA_MODE)
2026-05-13 00:56:22,698 [INFO] auhip.core.state_machine: Gesture detected: three_fingers_up (conf: 0.90, State: CAMERA_MODE)
2026-05-13 00:56:22,830 [INFO] auhip.core.state_machine: Gesture detected: three_fingers_up (conf: 0.90, State: CAMERA_MODE)
2026-05-13 00:56:22,879 [INFO] auhip.core.state_machine: Gesture detected: three_fingers_up (conf: 0.90, State: CAMERA_MODE)
2026-05-13 00:56:22,930 [INFO] auhip.core.state_machine: Gesture detected: three_fingers_up (conf: 0.90, State: CAMERA_MODE)
2026-05-13 00:56:23,057 [INFO] auhip.core.state_machine: Gesture detected: three_fingers_up (conf: 0.90, State: CAMERA_MODE)
2026-05-13 00:56:23,117 [INFO] auhip.core.state_machine: Gesture detected: three_fingers_up (conf: 0.90, State: CAMERA_MODE)
2026-05-13 00:56:23,161 [INFO] auhip.core.state_machine: Gesture detected: three_fingers_up (conf: 0.90, State: CAMERA_MODE)
2026-05-13 00:56:23,289 [INFO] auhip.core.state_machine: Gesture detected: three_fingers_up (conf: 0.90, State: CAMERA_MODE)
2026-05-13 00:56:23,354 [INFO] auhip.core.state_machine: Gesture detected: three_fingers_up (conf: 0.90, State: CAMERA_MODE)
2026-05-13 00:56:23,397 [INFO] auhip.core.state_machine: Gesture detected: three_fingers_up (conf: 0.90, State: CAMERA_MODE)
2026-05-13 00:56:23,524 [INFO] auhip.core.state_machine: Gesture detected: three_fingers_up (conf: 0.90, State: CAMERA_MODE)
2026-05-13 00:56:23,585 [INFO] auhip.core.state_machine: Gesture detected: three_fingers_up (conf: 0.90, State: CAMERA_MODE)
2026-05-13 00:56:23,631 [INFO] auhip.core.state_machine: Gesture detected: three_fingers_up (conf: 0.90, State: CAMERA_MODE)
2026-05-13 00:56:23,762 [INFO] auhip.core.state_machine: Gesture detected: three_fingers_up (conf: 0.90, State: CAMERA_MODE)
2026-05-13 00:56:23,818 [INFO] auhip.core.state_machine: Gesture detected: three_fingers_up (conf: 0.90, State: CAMERA_MODE)
2026-05-13 00:56:23,867 [INFO] auhip.core.state_machine: Gesture detected: three_fingers_up (conf: 0.90, State: CAMERA_MODE)
2026-05-13 00:56:23,995 [INFO] auhip.core.state_machine: Gesture detected: open_palm (conf: 0.95, State: CAMERA_MODE)
2026-05-13 00:56:24,145 [INFO] auhip.core.state_machine: Gesture detected: fist (conf: 0.90, State: CAMERA_MODE)
2026-05-13 00:56:24,403 [INFO] auhip.core.state_machine: Gesture detected: fist (conf: 0.90, State: CAMERA_MODE)
2026-05-13 00:56:26,506 [INFO] auhip.core.state_machine: Gesture detected: fist (conf: 0.90, State: CAMERA_MODE)
2026-05-13 00:56:26,676 [INFO] auhip.core.state_machine: Gesture detected: three_fingers_down (conf: 0.90, State: CAMERA_MODE)
2026-05-13 00:56:26,804 [INFO] auhip.core.state_machine: Gesture detected: three_fingers_down (conf: 0.90, State: CAMERA_MODE)
2026-05-13 00:56:26,870 [INFO] auhip.core.state_machine: Gesture detected: fist (conf: 0.90, State: CAMERA_MODE)
2026-05-13 00:56:26,912 [INFO] auhip.core.state_machine: Gesture detected: three_fingers_down (conf: 0.90, State: CAMERA_MODE)
2026-05-13 00:56:27,047 [INFO] auhip.core.state_machine: Gesture detected: three_fingers_down (conf: 0.90, State: CAMERA_MODE)
2026-05-13 00:56:27,099 [INFO] auhip.core.state_machine: Gesture detected: three_fingers_down (conf: 0.90, State: CAMERA_MODE)
2026-05-13 00:56:27,146 [INFO] auhip.core.state_machine: Gesture detected: three_fingers_down (conf: 0.90, State: CAMERA_MODE)
2026-05-13 00:56:27,274 [INFO] auhip.core.state_machine: Gesture detected: three_fingers_down (conf: 0.90, State: CAMERA_MODE)
2026-05-13 00:56:27,335 [INFO] auhip.core.state_machine: Gesture detected: three_fingers_down (conf: 0.90, State: CAMERA_MODE)
2026-05-13 00:56:27,381 [INFO] auhip.core.state_machine: Gesture detected: three_fingers_down (conf: 0.90, State: CAMERA_MODE)
2026-05-13 00:56:27,510 [INFO] auhip.core.state_machine: Gesture detected: three_fingers_down (conf: 0.90, State: CAMERA_MODE)
2026-05-13 00:56:27,572 [INFO] auhip.core.state_machine: Gesture detected: three_fingers_down (conf: 0.90, State: CAMERA_MODE)
2026-05-13 00:56:27,616 [INFO] auhip.core.state_machine: Gesture detected: three_fingers_down (conf: 0.90, State: CAMERA_MODE)
2026-05-13 00:56:27,745 [INFO] auhip.core.state_machine: Gesture detected: three_fingers_down (conf: 0.90, State: CAMERA_MODE)
2026-05-13 00:56:27,805 [INFO] auhip.core.state_machine: Gesture detected: three_fingers_down (conf: 0.90, State: CAMERA_MODE)
2026-05-13 00:56:27,853 [INFO] auhip.core.state_machine: Gesture detected: three_fingers_down (conf: 0.90, State: CAMERA_MODE)
2026-05-13 00:56:27,981 [INFO] auhip.core.state_machine: Gesture detected: three_fingers_down (conf: 0.90, State: CAMERA_MODE)
2026-05-13 00:56:28,038 [INFO] auhip.core.state_machine: Gesture detected: three_fingers_down (conf: 0.90, State: CAMERA_MODE)
2026-05-13 00:56:28,086 [INFO] auhip.core.state_machine: Gesture detected: three_fingers_down (conf: 0.90, State: CAMERA_MODE)
2026-05-13 00:56:28,213 [INFO] auhip.core.state_machine: Gesture detected: three_fingers_down (conf: 0.90, State: CAMERA_MODE)
2026-05-13 00:56:28,272 [INFO] auhip.core.state_machine: Gesture detected: three_fingers_down (conf: 0.90, State: CAMERA_MODE)
2026-05-13 00:56:28,318 [INFO] auhip.core.state_machine: Gesture detected: three_fingers_down (conf: 0.90, State: CAMERA_MODE)
2026-05-13 00:56:28,449 [INFO] auhip.core.state_machine: Gesture detected: three_fingers_down (conf: 0.90, State: CAMERA_MODE)
2026-05-13 00:56:28,508 [INFO] auhip.core.state_machine: Gesture detected: three_fingers_down (conf: 0.90, State: CAMERA_MODE)
2026-05-13 00:56:28,552 [INFO] auhip.core.state_machine: Gesture detected: three_fingers_down (conf: 0.90, State: CAMERA_MODE)
2026-05-13 00:56:28,680 [INFO] auhip.core.state_machine: Gesture detected: three_fingers_down (conf: 0.90, State: CAMERA_MODE)
2026-05-13 00:56:28,742 [INFO] auhip.core.state_machine: Gesture detected: three_fingers_down (conf: 0.90, State: CAMERA_MODE)
2026-05-13 00:56:28,788 [INFO] auhip.core.state_machine: Gesture detected: three_fingers_down (conf: 0.90, State: CAMERA_MODE)
2026-05-13 00:56:28,915 [INFO] auhip.core.state_machine: Gesture detected: three_fingers_down (conf: 0.90, State: CAMERA_MODE)
2026-05-13 00:56:28,976 [INFO] auhip.core.state_machine: Gesture detected: three_fingers_down (conf: 0.90, State: CAMERA_MODE)
2026-05-13 00:56:29,022 [INFO] auhip.core.state_machine: Gesture detected: three_fingers_down (conf: 0.90, State: CAMERA_MODE)
2026-05-13 00:56:29,152 [INFO] auhip.core.state_machine: Gesture detected: three_fingers_down (conf: 0.90, State: CAMERA_MODE)
2026-05-13 00:56:29,209 [INFO] auhip.core.state_machine: Gesture detected: three_fingers_down (conf: 0.90, State: CAMERA_MODE)
2026-05-13 00:56:29,258 [INFO] auhip.core.state_machine: Gesture detected: three_fingers_down (conf: 0.90, State: CAMERA_MODE)
2026-05-13 00:56:29,387 [INFO] auhip.core.state_machine: Gesture detected: fist (conf: 0.90, State: CAMERA_MODE)
2026-05-13 00:56:31,240 [INFO] auhip.core.state_machine: Gesture detected: open_palm (conf: 0.95, State: CAMERA_MODE)
2026-05-13 00:56:31,411 [INFO] auhip.core.state_machine: Gesture detected: fist (conf: 0.90, State: CAMERA_MODE)
2026-05-13 00:56:32,741 [INFO] auhip.core.state_machine: Gesture detected: open_palm (conf: 0.95, State: CAMERA_MODE)
2026-05-13 00:56:32,910 [INFO] auhip.core.state_machine: Gesture detected: fist (conf: 0.90, State: CAMERA_MODE)
2026-05-13 00:56:34,147 [INFO] auhip.core.state_machine: Gesture detected: open_palm (conf: 0.95, State: CAMERA_MODE)
2026-05-13 00:56:34,223 [INFO] auhip.core.state_machine: Gesture detected: peace_sign (conf: 0.95, State: CAMERA_MODE)
2026-05-13 00:56:34,269 [INFO] auhip.core.state_machine: Gesture detected: fist (conf: 0.90, State: CAMERA_MODE)
2026-05-13 00:56:34,665 [INFO] auhip.core.state_machine: Gesture detected: open_palm (conf: 0.95, State: CAMERA_MODE)
2026-05-13 00:56:36,022 [INFO] auhip.core.state_machine: Gesture detected: open_palm (conf: 0.95, State: CAMERA_MODE)
2026-05-13 00:56:36,190 [INFO] auhip.core.state_machine: Gesture detected: peace_sign (conf: 0.95, State: CAMERA_MODE)
2026-05-13 00:56:36,238 [INFO] auhip.core.state_machine: Gesture detected: peace_sign (conf: 0.95, State: CAMERA_MODE)
2026-05-13 00:56:36,286 [INFO] auhip.core.state_machine: Gesture detected: peace_sign (conf: 0.95, State: CAMERA_MODE)
2026-05-13 00:56:36,334 [INFO] auhip.core.state_machine: Gesture detected: peace_sign (conf: 0.95, State: CAMERA_MODE)
2026-05-13 00:56:36,376 [INFO] auhip.core.state_machine: Gesture detected: peace_sign (conf: 0.95, State: CAMERA_MODE)
2026-05-13 00:56:36,426 [INFO] auhip.core.state_machine: Gesture detected: peace_sign (conf: 0.95, State: CAMERA_MODE)
2026-05-13 00:56:36,473 [INFO] auhip.core.state_machine: Gesture detected: peace_sign (conf: 0.95, State: CAMERA_MODE)
2026-05-13 00:56:36,519 [INFO] auhip.core.state_machine: Gesture detected: peace_sign (conf: 0.95, State: CAMERA_MODE)
2026-05-13 00:56:36,568 [INFO] auhip.core.state_machine: Gesture detected: peace_sign (conf: 0.95, State: CAMERA_MODE)
2026-05-13 00:56:36,611 [INFO] auhip.core.state_machine: Gesture detected: peace_sign (conf: 0.95, State: CAMERA_MODE)
2026-05-13 00:56:36,658 [INFO] auhip.core.state_machine: Gesture detected: peace_sign (conf: 0.95, State: CAMERA_MODE)
2026-05-13 00:56:36,707 [INFO] auhip.core.state_machine: Gesture detected: peace_sign (conf: 0.95, State: CAMERA_MODE)
2026-05-13 00:56:36,750 [INFO] auhip.core.state_machine: Gesture detected: peace_sign (conf: 0.95, State: CAMERA_MODE)
2026-05-13 00:56:36,800 [INFO] auhip.core.state_machine: Gesture detected: peace_sign (conf: 0.95, State: CAMERA_MODE)
2026-05-13 00:56:36,846 [INFO] auhip.core.state_machine: Gesture detected: peace_sign (conf: 0.95, State: CAMERA_MODE)
2026-05-13 00:56:36,892 [INFO] auhip.core.state_machine: Gesture detected: peace_sign (conf: 0.95, State: CAMERA_MODE)
2026-05-13 00:56:36,941 [INFO] auhip.core.state_machine: Gesture detected: peace_sign (conf: 0.95, State: CAMERA_MODE)
2026-05-13 00:56:36,985 [INFO] auhip.core.state_machine: Gesture detected: peace_sign (conf: 0.95, State: CAMERA_MODE)
2026-05-13 00:56:37,032 [INFO] auhip.core.state_machine: Gesture detected: peace_sign (conf: 0.95, State: CAMERA_MODE)
2026-05-13 00:56:37,081 [INFO] auhip.core.state_machine: Gesture detected: peace_sign (conf: 0.95, State: CAMERA_MODE)
2026-05-13 00:56:37,128 [INFO] auhip.core.state_machine: Gesture detected: peace_sign (conf: 0.95, State: CAMERA_MODE)
2026-05-13 00:56:37,175 [INFO] auhip.core.state_machine: Gesture detected: peace_sign (conf: 0.95, State: CAMERA_MODE)
2026-05-13 00:56:37,219 [INFO] auhip.core.state_machine: Gesture detected: peace_sign (conf: 0.95, State: CAMERA_MODE)
2026-05-13 00:56:37,266 [INFO] auhip.core.state_machine: Gesture detected: peace_sign (conf: 0.95, State: CAMERA_MODE)
2026-05-13 00:56:37,385 [INFO] auhip.core.state_machine: Gesture detected: peace_sign (conf: 0.95, State: CAMERA_MODE)
2026-05-13 00:56:37,407 [INFO] auhip.core.state_machine: Gesture detected: peace_sign (conf: 0.95, State: CAMERA_MODE)
2026-05-13 00:56:37,458 [INFO] auhip.core.state_machine: Gesture detected: peace_sign (conf: 0.95, State: CAMERA_MODE)
2026-05-13 00:56:37,501 [INFO] auhip.core.state_machine: Gesture detected: peace_sign (conf: 0.95, State: CAMERA_MODE)
2026-05-13 00:56:37,548 [INFO] auhip.core.state_machine: Gesture detected: peace_sign (conf: 0.95, State: CAMERA_MODE)
2026-05-13 00:56:37,595 [INFO] auhip.core.state_machine: Gesture detected: peace_sign (conf: 0.95, State: CAMERA_MODE)
2026-05-13 00:56:37,645 [INFO] auhip.core.state_machine: Gesture detected: peace_sign (conf: 0.95, State: CAMERA_MODE)
2026-05-13 00:56:37,691 [INFO] auhip.core.state_machine: Gesture detected: peace_sign (conf: 0.95, State: CAMERA_MODE)
2026-05-13 00:56:37,736 [INFO] auhip.core.state_machine: Gesture detected: peace_sign (conf: 0.95, State: CAMERA_MODE)
2026-05-13 00:56:37,787 [INFO] auhip.core.state_machine: Gesture detected: peace_sign (conf: 0.95, State: CAMERA_MODE)
2026-05-13 00:56:37,830 [INFO] auhip.core.state_machine: Gesture detected: peace_sign (conf: 0.95, State: CAMERA_MODE)
2026-05-13 00:56:37,876 [INFO] auhip.core.state_machine: Gesture detected: peace_sign (conf: 0.95, State: CAMERA_MODE)
2026-05-13 00:56:37,926 [INFO] auhip.core.state_machine: Gesture detected: peace_sign (conf: 0.95, State: CAMERA_MODE)
2026-05-13 00:56:37,971 [INFO] auhip.core.state_machine: Gesture detected: peace_sign (conf: 0.95, State: CAMERA_MODE)
2026-05-13 00:56:38,016 [INFO] auhip.core.state_machine: Gesture detected: peace_sign (conf: 0.95, State: CAMERA_MODE)
2026-05-13 00:56:38,062 [INFO] auhip.core.state_machine: Gesture detected: peace_sign (conf: 0.95, State: CAMERA_MODE)
2026-05-13 00:56:38,115 [INFO] auhip.core.state_machine: Gesture detected: peace_sign (conf: 0.95, State: CAMERA_MODE)
2026-05-13 00:56:38,162 [INFO] auhip.core.state_machine: Gesture detected: peace_sign (conf: 0.95, State: CAMERA_MODE)
2026-05-13 00:56:38,205 [INFO] auhip.core.state_machine: Gesture detected: fist (conf: 0.90, State: CAMERA_MODE)
2026-05-13 00:56:38,465 [INFO] auhip.core.state_machine: Gesture detected: peace_sign (conf: 0.95, State: CAMERA_MODE)
2026-05-13 00:56:38,494 [INFO] auhip.core.state_machine: Gesture detected: three_fingers_right (conf: 0.90, State: CAMERA_MODE)
2026-05-13 00:56:38,624 [INFO] auhip.core.state_machine: Gesture detected: peace_sign (conf: 0.95, State: CAMERA_MODE)
2026-05-13 00:56:38,679 [INFO] auhip.core.state_machine: Gesture detected: peace_sign (conf: 0.95, State: CAMERA_MODE)
2026-05-13 00:56:38,725 [INFO] auhip.core.state_machine: Gesture detected: peace_sign (conf: 0.95, State: CAMERA_MODE)
2026-05-13 00:56:38,774 [INFO] auhip.core.state_machine: Gesture detected: peace_sign (conf: 0.95, State: CAMERA_MODE)
2026-05-13 00:56:38,819 [INFO] auhip.core.state_machine: Gesture detected: peace_sign (conf: 0.95, State: CAMERA_MODE)
2026-05-13 00:56:38,865 [INFO] auhip.core.state_machine: Gesture detected: peace_sign (conf: 0.95, State: CAMERA_MODE)
2026-05-13 00:56:38,909 [INFO] auhip.core.state_machine: Gesture detected: peace_sign (conf: 0.95, State: CAMERA_MODE)
2026-05-13 00:56:38,955 [INFO] auhip.core.state_machine: Gesture detected: peace_sign (conf: 0.95, State: CAMERA_MODE)
2026-05-13 00:56:39,004 [INFO] auhip.core.state_machine: Gesture detected: peace_sign (conf: 0.95, State: CAMERA_MODE)
2026-05-13 00:56:39,048 [INFO] auhip.core.state_machine: Gesture detected: open_palm (conf: 0.95, State: CAMERA_MODE)
2026-05-13 00:56:39,678 [INFO] auhip.core.state_machine: Gesture detected: open_palm (conf: 0.95, State: CAMERA_MODE)
2026-05-13 00:56:39,755 [INFO] auhip.core.state_machine: Gesture detected: three_fingers_right (conf: 0.90, State: CAMERA_MODE)
2026-05-13 00:56:39,799 [INFO] auhip.core.state_machine: Gesture detected: three_fingers_right (conf: 0.90, State: CAMERA_MODE)
2026-05-13 00:56:39,847 [INFO] auhip.core.state_machine: Gesture detected: three_fingers_right (conf: 0.90, State: CAMERA_MODE)
2026-05-13 00:56:39,897 [INFO] auhip.core.state_machine: Gesture detected: three_fingers_right (conf: 0.90, State: CAMERA_MODE)
2026-05-13 00:56:39,942 [INFO] auhip.core.state_machine: Gesture detected: three_fingers_down (conf: 0.90, State: CAMERA_MODE)
2026-05-13 00:56:40,070 [INFO] auhip.core.state_machine: Gesture detected: three_fingers_down (conf: 0.90, State: CAMERA_MODE)
2026-05-13 00:56:40,133 [INFO] auhip.core.state_machine: Gesture detected: three_fingers_down (conf: 0.90, State: CAMERA_MODE)
2026-05-13 00:56:40,180 [INFO] auhip.core.state_machine: Gesture detected: three_fingers_right (conf: 0.90, State: CAMERA_MODE)
2026-05-13 00:56:40,368 [INFO] auhip.core.state_machine: Gesture detected: three_fingers_up (conf: 0.90, State: CAMERA_MODE)
2026-05-13 00:56:40,692 [INFO] auhip.core.state_machine: Gesture detected: open_palm (conf: 0.95, State: CAMERA_MODE)
2026-05-13 00:56:41,109 [INFO] auhip.core.state_machine: Gesture detected: one_index_up (conf: 0.95, State: CAMERA_MODE)
2026-05-13 00:56:41,739 [INFO] auhip.core.state_machine: Gesture detected: open_palm (conf: 0.95, State: CAMERA_MODE)
2026-05-13 00:56:41,768 [INFO] auhip.core.state_machine: Gesture detected: peace_sign (conf: 0.95, State: CAMERA_MODE)
2026-05-13 00:56:41,814 [INFO] auhip.core.state_machine: Gesture detected: peace_sign (conf: 0.95, State: CAMERA_MODE)
2026-05-13 00:56:41,864 [INFO] auhip.core.state_machine: Gesture detected: peace_sign (conf: 0.95, State: CAMERA_MODE)
2026-05-13 00:56:41,906 [INFO] auhip.core.state_machine: Gesture detected: peace_sign (conf: 0.95, State: CAMERA_MODE)
2026-05-13 00:56:41,957 [INFO] auhip.core.state_machine: Gesture detected: peace_sign (conf: 0.95, State: CAMERA_MODE)
2026-05-13 00:56:42,004 [INFO] auhip.core.state_machine: Gesture detected: one_index_up (conf: 0.95, State: CAMERA_MODE)
2026-05-13 00:56:42,166 [INFO] auhip.core.state_machine: Gesture detected: open_palm (conf: 0.95, State: CAMERA_MODE)
2026-05-13 00:56:42,193 [INFO] auhip.core.state_machine: Gesture detected: peace_sign (conf: 0.95, State: CAMERA_MODE)
2026-05-13 00:56:42,236 [INFO] auhip.core.state_machine: Gesture detected: peace_sign (conf: 0.95, State: CAMERA_MODE)
2026-05-13 00:56:42,282 [INFO] auhip.core.state_machine: Gesture detected: peace_sign (conf: 0.95, State: CAMERA_MODE)
2026-05-13 00:56:42,332 [INFO] auhip.core.state_machine: Gesture detected: peace_sign (conf: 0.95, State: CAMERA_MODE)
2026-05-13 00:56:42,381 [INFO] auhip.core.state_machine: Gesture detected: peace_sign (conf: 0.95, State: CAMERA_MODE)
2026-05-13 00:56:42,422 [INFO] auhip.core.state_machine: Gesture detected: peace_sign (conf: 0.95, State: CAMERA_MODE)
2026-05-13 00:56:42,471 [INFO] auhip.core.state_machine: Gesture detected: peace_sign (conf: 0.95, State: CAMERA_MODE)
2026-05-13 00:56:42,520 [INFO] auhip.core.state_machine: Gesture detected: peace_sign (conf: 0.95, State: CAMERA_MODE)
2026-05-13 00:56:42,565 [INFO] auhip.core.state_machine: Gesture detected: peace_sign (conf: 0.95, State: CAMERA_MODE)
2026-05-13 00:56:42,613 [INFO] auhip.core.state_machine: Gesture detected: three_fingers_left (conf: 0.90, State: CAMERA_MODE)
2026-05-13 00:56:42,868 [INFO] auhip.core.state_machine: Gesture detected: peace_sign (conf: 0.95, State: CAMERA_MODE)
2026-05-13 00:56:42,900 [INFO] auhip.core.state_machine: Gesture detected: open_palm (conf: 0.95, State: CAMERA_MODE)
2026-05-13 00:56:42,946 [INFO] auhip.core.state_machine: Gesture detected: three_fingers_right (conf: 0.90, State: CAMERA_MODE)
2026-05-13 00:56:42,989 [INFO] auhip.core.state_machine: Gesture detected: open_palm (conf: 0.95, State: CAMERA_MODE)
2026-05-13 00:56:43,033 [INFO] auhip.core.state_machine: Gesture detected: three_fingers_right (conf: 0.90, State: CAMERA_MODE)
2026-05-13 00:56:43,083 [INFO] auhip.core.state_machine: Gesture detected: three_fingers_right (conf: 0.90, State: CAMERA_MODE)
2026-05-13 00:56:43,131 [INFO] auhip.core.state_machine: Gesture detected: three_fingers_right (conf: 0.90, State: CAMERA_MODE)
2026-05-13 00:56:43,178 [INFO] auhip.core.state_machine: Gesture detected: three_fingers_right (conf: 0.90, State: CAMERA_MODE)
2026-05-13 00:56:43,224 [INFO] auhip.core.state_machine: Gesture detected: open_palm (conf: 0.95, State: CAMERA_MODE)
2026-05-13 00:56:43,458 [INFO] auhip.core.state_machine: Gesture detected: three_fingers_left (conf: 0.90, State: CAMERA_MODE)
2026-05-13 00:56:43,504 [INFO] auhip.core.state_machine: Gesture detected: three_fingers_left (conf: 0.90, State: CAMERA_MODE)
2026-05-13 00:56:43,549 [INFO] auhip.core.state_machine: Gesture detected: three_fingers_left (conf: 0.90, State: CAMERA_MODE)
2026-05-13 00:56:43,595 [INFO] auhip.core.state_machine: Gesture detected: three_fingers_down (conf: 0.90, State: CAMERA_MODE)
2026-05-13 00:56:43,722 [INFO] auhip.core.state_machine: Gesture detected: three_fingers_left (conf: 0.90, State: CAMERA_MODE)
2026-05-13 00:56:43,790 [INFO] auhip.core.state_machine: Gesture detected: three_fingers_left (conf: 0.90, State: CAMERA_MODE)
2026-05-13 00:56:43,833 [INFO] auhip.core.state_machine: Gesture detected: open_palm (conf: 0.95, State: CAMERA_MODE)
2026-05-13 00:56:43,974 [INFO] auhip.core.state_machine: Gesture detected: open_palm (conf: 0.95, State: CAMERA_MODE)
2026-05-13 00:56:44,019 [INFO] auhip.core.state_machine: Gesture detected: one_index_up (conf: 0.95, State: CAMERA_MODE)
2026-05-13 00:56:44,180 [INFO] auhip.core.state_machine: Gesture detected: three_fingers_right (conf: 0.90, State: CAMERA_MODE)
2026-05-13 00:56:44,307 [INFO] auhip.core.state_machine: Gesture detected: open_palm (conf: 0.95, State: CAMERA_MODE)
2026-05-13 00:56:44,444 [INFO] auhip.core.state_machine: Gesture detected: three_fingers_right (conf: 0.90, State: CAMERA_MODE)
2026-05-13 00:56:44,490 [INFO] auhip.core.state_machine: Gesture detected: three_fingers_right (conf: 0.90, State: CAMERA_MODE)
2026-05-13 00:56:44,537 [INFO] auhip.core.state_machine: Gesture detected: three_fingers_right (conf: 0.90, State: CAMERA_MODE)
2026-05-13 00:56:44,579 [INFO] auhip.core.state_machine: Gesture detected: three_fingers_right (conf: 0.90, State: CAMERA_MODE)
2026-05-13 00:56:44,629 [INFO] auhip.core.state_machine: Gesture detected: three_fingers_right (conf: 0.90, State: CAMERA_MODE)
2026-05-13 00:56:44,674 [INFO] auhip.core.state_machine: Gesture detected: three_fingers_right (conf: 0.90, State: CAMERA_MODE)
2026-05-13 00:56:44,723 [INFO] auhip.core.state_machine: Gesture detected: three_fingers_right (conf: 0.90, State: CAMERA_MODE)
2026-05-13 00:56:44,769 [INFO] auhip.core.state_machine: Gesture detected: three_fingers_right (conf: 0.90, State: CAMERA_MODE)
2026-05-13 00:56:44,818 [INFO] auhip.core.state_machine: Gesture detected: three_fingers_right (conf: 0.90, State: CAMERA_MODE)
2026-05-13 00:56:44,863 [INFO] auhip.core.state_machine: Gesture detected: three_fingers_right (conf: 0.90, State: CAMERA_MODE)
2026-05-13 00:56:44,908 [INFO] auhip.core.state_machine: Gesture detected: open_palm (conf: 0.95, State: CAMERA_MODE)
2026-05-13 00:56:45,118 [INFO] auhip.core.state_machine: Gesture detected: open_palm (conf: 0.95, State: CAMERA_MODE)
2026-05-13 00:56:45,193 [INFO] auhip.core.state_machine: Gesture detected: three_fingers_left (conf: 0.90, State: CAMERA_MODE)
2026-05-13 00:56:45,239 [INFO] auhip.core.state_machine: Gesture detected: three_fingers_left (conf: 0.90, State: CAMERA_MODE)
2026-05-13 00:56:45,284 [INFO] auhip.core.state_machine: Gesture detected: three_fingers_left (conf: 0.90, State: CAMERA_MODE)
2026-05-13 00:56:45,332 [INFO] auhip.core.state_machine: Gesture detected: three_fingers_left (conf: 0.90, State: CAMERA_MODE)
2026-05-13 00:56:45,375 [INFO] auhip.core.state_machine: Gesture detected: three_fingers_left (conf: 0.90, State: CAMERA_MODE)
2026-05-13 00:56:45,423 [INFO] auhip.core.state_machine: Gesture detected: three_fingers_left (conf: 0.90, State: CAMERA_MODE)
2026-05-13 00:56:45,470 [INFO] auhip.core.state_machine: Gesture detected: three_fingers_left (conf: 0.90, State: CAMERA_MODE)
2026-05-13 00:56:45,518 [INFO] auhip.core.state_machine: Gesture detected: three_fingers_left (conf: 0.90, State: CAMERA_MODE)
2026-05-13 00:56:45,567 [INFO] auhip.core.state_machine: Gesture detected: three_fingers_left (conf: 0.90, State: CAMERA_MODE)
2026-05-13 00:56:45,611 [INFO] auhip.core.state_machine: Gesture detected: three_fingers_left (conf: 0.90, State: CAMERA_MODE)
2026-05-13 00:56:45,657 [INFO] auhip.core.state_machine: Gesture detected: three_fingers_left (conf: 0.90, State: CAMERA_MODE)
2026-05-13 00:56:45,708 [INFO] auhip.core.state_machine: Gesture detected: three_fingers_left (conf: 0.90, State: CAMERA_MODE)
2026-05-13 00:56:45,837 [INFO] auhip.core.state_machine: Gesture detected: three_fingers_left (conf: 0.90, State: CAMERA_MODE)
2026-05-13 00:56:45,897 [INFO] auhip.core.state_machine: Gesture detected: three_fingers_left (conf: 0.90, State: CAMERA_MODE)
2026-05-13 00:56:45,941 [INFO] auhip.core.state_machine: Gesture detected: three_fingers_left (conf: 0.90, State: CAMERA_MODE)
2026-05-13 00:56:45,989 [INFO] auhip.core.state_machine: Gesture detected: three_fingers_left (conf: 0.90, State: CAMERA_MODE)
2026-05-13 00:56:46,036 [INFO] auhip.core.state_machine: Gesture detected: open_palm (conf: 0.95, State: CAMERA_MODE)
2026-05-13 00:56:46,173 [INFO] auhip.core.state_machine: Gesture detected: three_fingers_down (conf: 0.90, State: CAMERA_MODE)
2026-05-13 00:56:46,299 [INFO] auhip.core.state_machine: Gesture detected: three_fingers_left (conf: 0.90, State: CAMERA_MODE)
2026-05-13 00:56:46,367 [INFO] auhip.core.state_machine: Gesture detected: open_palm (conf: 0.95, State: CAMERA_MODE)
2026-05-13 00:56:46,411 [INFO] auhip.core.state_machine: Gesture detected: three_fingers_left (conf: 0.90, State: CAMERA_MODE)
2026-05-13 00:56:46,460 [INFO] auhip.core.state_machine: Gesture detected: open_palm (conf: 0.95, State: CAMERA_MODE)
2026-05-13 00:56:46,510 [INFO] auhip.core.state_machine: Gesture detected: three_fingers_down (conf: 0.90, State: CAMERA_MODE)
2026-05-13 00:56:46,641 [INFO] auhip.core.state_machine: Gesture detected: three_fingers_left (conf: 0.90, State: CAMERA_MODE)
2026-05-13 00:56:46,693 [INFO] auhip.core.state_machine: Gesture detected: three_fingers_left (conf: 0.90, State: CAMERA_MODE)
2026-05-13 00:56:46,738 [INFO] auhip.core.state_machine: Gesture detected: three_fingers_left (conf: 0.90, State: CAMERA_MODE)
2026-05-13 00:56:46,786 [INFO] auhip.core.state_machine: Gesture detected: three_fingers_left (conf: 0.90, State: CAMERA_MODE)
2026-05-13 00:56:46,834 [INFO] auhip.core.state_machine: Gesture detected: three_fingers_left (conf: 0.90, State: CAMERA_MODE)
2026-05-13 00:56:46,880 [INFO] auhip.core.state_machine: Gesture detected: three_fingers_left (conf: 0.90, State: CAMERA_MODE)
2026-05-13 00:56:46,922 [INFO] auhip.core.state_machine: Gesture detected: three_fingers_left (conf: 0.90, State: CAMERA_MODE)
2026-05-13 00:56:46,970 [INFO] auhip.core.state_machine: Gesture detected: three_fingers_left (conf: 0.90, State: CAMERA_MODE)
2026-05-13 00:56:47,019 [INFO] auhip.core.state_machine: Gesture detected: three_fingers_left (conf: 0.90, State: CAMERA_MODE)
2026-05-13 00:56:47,066 [INFO] auhip.core.state_machine: Gesture detected: three_fingers_down (conf: 0.90, State: CAMERA_MODE)
2026-05-13 00:56:47,193 [INFO] auhip.core.state_machine: Gesture detected: one_index_up (conf: 0.95, State: CAMERA_MODE)
2026-05-13 00:56:47,257 [INFO] auhip.core.state_machine: Gesture detected: three_fingers_up (conf: 0.90, State: CAMERA_MODE)
2026-05-13 00:56:47,300 [INFO] auhip.core.state_machine: Gesture detected: three_fingers_up (conf: 0.90, State: CAMERA_MODE)
2026-05-13 00:56:47,435 [INFO] auhip.core.state_machine: Gesture detected: fist (conf: 0.90, State: CAMERA_MODE)
2026-05-13 00:56:47,634 [INFO] auhip.core.state_machine: Gesture detected: three_fingers_right (conf: 0.90, State: CAMERA_MODE)
2026-05-13 00:56:47,764 [INFO] auhip.core.state_machine: Gesture detected: three_fingers_right (conf: 0.90, State: CAMERA_MODE)
2026-05-13 00:56:47,773 [INFO] auhip.core.state_machine: Gesture detected: three_fingers_right (conf: 0.90, State: CAMERA_MODE)
2026-05-13 00:56:47,823 [INFO] auhip.core.state_machine: Gesture detected: three_fingers_right (conf: 0.90, State: CAMERA_MODE)
2026-05-13 00:56:47,868 [INFO] auhip.core.state_machine: Gesture detected: three_fingers_right (conf: 0.90, State: CAMERA_MODE)
2026-05-13 00:56:47,913 [INFO] auhip.core.state_machine: Gesture detected: three_fingers_right (conf: 0.90, State: CAMERA_MODE)
2026-05-13 00:56:47,960 [INFO] auhip.core.state_machine: Gesture detected: three_fingers_right (conf: 0.90, State: CAMERA_MODE)
2026-05-13 00:56:48,003 [INFO] auhip.core.state_machine: Gesture detected: three_fingers_right (conf: 0.90, State: CAMERA_MODE)
2026-05-13 00:56:48,047 [INFO] auhip.core.state_machine: Gesture detected: three_fingers_right (conf: 0.90, State: CAMERA_MODE)
2026-05-13 00:56:48,096 [INFO] auhip.core.state_machine: Gesture detected: open_palm (conf: 0.95, State: CAMERA_MODE)
2026-05-13 00:56:48,236 [INFO] auhip.core.state_machine: Gesture detected: three_fingers_right (conf: 0.90, State: CAMERA_MODE)
2026-05-13 00:56:48,287 [INFO] auhip.core.state_machine: Gesture detected: open_palm (conf: 0.95, State: CAMERA_MODE)
2026-05-13 00:56:48,379 [INFO] auhip.core.state_machine: Gesture detected: peace_sign (conf: 0.95, State: CAMERA_MODE)
2026-05-13 00:56:48,423 [INFO] auhip.core.state_machine: Gesture detected: peace_sign (conf: 0.95, State: CAMERA_MODE)
2026-05-13 00:56:48,469 [INFO] auhip.core.state_machine: Gesture detected: peace_sign (conf: 0.95, State: CAMERA_MODE)
2026-05-13 00:56:48,521 [INFO] auhip.core.state_machine: Gesture detected: peace_sign (conf: 0.95, State: CAMERA_MODE)
2026-05-13 00:56:48,568 [INFO] auhip.core.state_machine: Gesture detected: open_palm (conf: 0.95, State: CAMERA_MODE)
2026-05-13 00:56:48,613 [INFO] auhip.core.state_machine: Gesture detected: three_fingers_right (conf: 0.90, State: CAMERA_MODE)
2026-05-13 00:56:48,660 [INFO] auhip.core.state_machine: Gesture detected: open_palm (conf: 0.95, State: CAMERA_MODE)
2026-05-13 00:56:48,803 [INFO] auhip.core.state_machine: Gesture detected: peace_sign (conf: 0.95, State: CAMERA_MODE)
2026-05-13 00:56:48,847 [INFO] auhip.core.state_machine: Gesture detected: peace_sign (conf: 0.95, State: CAMERA_MODE)
2026-05-13 00:56:48,895 [INFO] auhip.core.state_machine: Gesture detected: peace_sign (conf: 0.95, State: CAMERA_MODE)
2026-05-13 00:56:48,939 [INFO] auhip.core.state_machine: Gesture detected: open_palm (conf: 0.95, State: CAMERA_MODE)
2026-05-13 00:56:48,988 [INFO] auhip.core.state_machine: Gesture detected: three_fingers_right (conf: 0.90, State: CAMERA_MODE)
2026-05-13 00:56:49,037 [INFO] auhip.core.state_machine: Gesture detected: three_fingers_right (conf: 0.90, State: CAMERA_MODE)
2026-05-13 00:56:49,080 [INFO] auhip.core.state_machine: Gesture detected: three_fingers_right (conf: 0.90, State: CAMERA_MODE)
2026-05-13 00:56:49,128 [INFO] auhip.core.state_machine: Gesture detected: open_palm (conf: 0.95, State: CAMERA_MODE)
2026-05-13 00:56:49,640 [INFO] auhip.core.state_machine: Gesture detected: three_fingers_right (conf: 0.90, State: CAMERA_MODE)
2026-05-13 00:56:49,785 [INFO] auhip.core.state_machine: Gesture detected: peace_sign (conf: 0.95, State: CAMERA_MODE)
2026-05-13 00:56:49,789 [INFO] auhip.core.state_machine: Gesture detected: three_fingers_right (conf: 0.90, State: CAMERA_MODE)
2026-05-13 00:56:49,832 [INFO] auhip.core.state_machine: Gesture detected: open_palm (conf: 0.95, State: CAMERA_MODE)
2026-05-13 00:56:52,334 [INFO] auhip.core.state_machine: Gesture detected: one_index_up (conf: 0.95, State: CAMERA_MODE)
2026-05-13 00:56:52,502 [INFO] auhip.vision.worker: Index Up confirmed (5 frames). Starting temp voice.
2026-05-13 00:56:52,505 [INFO] auhip.core.state_machine: Temp voice listening activated in Camera Mode.
2026-05-13 00:56:52,509 [INFO] auhip.audio.speech_recognition: Vosk is listening (shared stream)...
2026-05-13 00:56:54,661 [INFO] auhip.core.state_machine: Gesture detected: open_palm (conf: 0.95, State: CAMERA_MODE)
2026-05-13 00:56:54,880 [INFO] auhip.audio.speech_recognition: Vosk Recognized: "i've on"
2026-05-13 00:56:54,881 [INFO] auhip.audio.speech_recognition: Vosk recognized 'i've on', but it doesn't match a command. Falling back to Google...
2026-05-13 00:56:54,881 [INFO] auhip.audio.speech_recognition: Requesting Google Cloud fallback recognition...
2026-05-13 00:56:55,296 [INFO] auhip.audio.speech_recognition: Google Fallback Recognized: 'eyes on'
2026-05-13 00:56:55,327 [INFO] auhip.core.state_machine: Processing temp voice command: eyes on
2026-05-13 00:56:55,332 [INFO] auhip.vision.worker: Eye tracking: True
2026-05-13 00:56:55,381 [INFO] auhip.core.agent: Local skill matched for: 'eyes on'
2026-05-13 00:56:55,707 [INFO] auhip.audio.speech_recognition: Vosk is listening (shared stream)...
2026-05-13 00:56:59,352 [INFO] auhip.core.state_machine: Gesture detected: one_index_up (conf: 0.95, State: CAMERA_MODE)
2026-05-13 00:57:00,775 [INFO] auhip.audio.speech_recognition: Vosk Recognized (Final): "control"
2026-05-13 00:57:00,775 [INFO] auhip.audio.speech_recognition: Vosk recognized 'control', but it doesn't match a command. Falling back to Google...
2026-05-13 00:57:00,775 [INFO] auhip.audio.speech_recognition: Requesting Google Cloud fallback recognition...
2026-05-13 00:57:01,277 [INFO] auhip.core.state_machine: Processing temp voice command: control
2026-05-13 00:57:01,284 [INFO] auhip.core.llm.router: Dispatching intent processing for prompt: 'control'
2026-05-13 00:57:03,296 [WARNING] auhip.core.llm.router: Local engine status checks failed. Prompting direct external escalation routing.
2026-05-13 00:57:03,296 [INFO] auhip.core.llm.router: Escalating reasoning request to Layer 3 cloud neural infrastructure.
2026-05-13 00:57:09,111 [INFO] auhip.core.llm.router: Finalized structural resolution: Intent='system_initialization', Confidence=1.00, Tool=None
2026-05-13 00:57:09,440 [INFO] auhip.audio.speech_recognition: Vosk is listening (shared stream)...
2026-05-13 00:57:10,556 [INFO] auhip.core.state_machine: Gesture detected: open_palm (conf: 0.95, State: CAMERA_MODE)
2026-05-13 00:57:10,697 [INFO] auhip.core.state_machine: Gesture detected: one_index_up (conf: 0.95, State: CAMERA_MODE)
2026-05-13 00:57:13,177 [INFO] auhip.audio.speech_recognition: Vosk Recognized: "control on"
2026-05-13 00:57:13,189 [INFO] auhip.core.state_machine: Processing temp voice command: control on
2026-05-13 00:57:13,197 [INFO] auhip.audio.snap_detector: Snap detector deactivated.
2026-05-13 00:57:13,288 [INFO] auhip.vision.worker: Vision mode set to: control
2026-05-13 00:57:13,289 [INFO] auhip.core.agent: Local skill matched for: 'control on'
2026-05-13 00:57:14,246 [INFO] auhip.vision.worker: Click (Gesture).
2026-05-13 00:57:14,907 [INFO] auhip.vision.worker: Drag started.
2026-05-13 00:57:16,932 [INFO] auhip.vision.worker: Drag released.
2026-05-13 00:57:23,949 [INFO] auhip.vision.worker: Click (Gesture).
2026-05-13 00:57:24,652 [INFO] auhip.vision.worker: Click (Gesture).
2026-05-13 00:57:32,252 [INFO] auhip.vision.worker: Drag started.
2026-05-13 00:57:32,385 [INFO] auhip.vision.worker: Drag released.
2026-05-13 00:57:32,718 [INFO] auhip.vision.worker: Click (Gesture).
2026-05-13 00:57:33,373 [INFO] auhip.vision.worker: Drag started.
2026-05-13 00:57:33,505 [INFO] auhip.vision.worker: Drag released.
2026-05-13 00:57:33,558 [INFO] auhip.core.state_machine: Gesture detected: rock_sign (conf: 0.95, State: CONTROL_MODE)
2026-05-13 00:57:33,558 [INFO] auhip.core.state_machine: Exit gesture 'rock_sign' triggered in Control Mode.
2026-05-13 00:57:33,559 [INFO] auhip.core.state_machine: Exiting Control Mode -> Falling back to Camera Mode
2026-05-13 00:57:33,559 [INFO] auhip.core.state_machine: Temp voice listening deactivated.
2026-05-13 00:57:33,559 [INFO] auhip.audio.snap_detector: Snap detector deactivated.
2026-05-13 00:57:33,613 [INFO] auhip.vision.worker: Vision mode set to: camera
2026-05-13 00:57:33,681 [INFO] auhip.core.state_machine: Gesture detected: rock_sign (conf: 0.95, State: CAMERA_MODE)
2026-05-13 00:57:34,105 [INFO] auhip.core.state_machine: Gesture detected: fist (conf: 0.90, State: CAMERA_MODE)
2026-05-13 00:57:34,201 [INFO] auhip.core.state_machine: Gesture detected: one_index_up (conf: 0.95, State: CAMERA_MODE)
2026-05-13 00:57:34,374 [INFO] auhip.vision.worker: Index Up confirmed (5 frames). Starting temp voice.
2026-05-13 00:57:34,386 [INFO] auhip.core.state_machine: Temp voice listening activated in Camera Mode.
2026-05-13 00:57:34,391 [INFO] auhip.audio.speech_recognition: Vosk is listening (shared stream)...
2026-05-13 00:57:36,614 [INFO] auhip.audio.speech_recognition: Vosk Recognized: "minimise"
2026-05-13 00:57:36,615 [INFO] auhip.audio.speech_recognition: Vosk recognized 'minimise', but it doesn't match a command. Falling back to Google...
2026-05-13 00:57:36,615 [INFO] auhip.audio.speech_recognition: Requesting Google Cloud fallback recognition...
2026-05-13 00:57:36,970 [INFO] auhip.audio.speech_recognition: Google Fallback Recognized: 'minimize'
2026-05-13 00:57:36,971 [INFO] auhip.core.state_machine: Processing temp voice command: minimize
2026-05-13 00:57:37,033 [INFO] auhip.core.agent: Local skill matched for: 'minimize'
2026-05-13 00:57:37,252 [INFO] auhip.audio.speech_recognition: Vosk is listening (shared stream)...
2026-05-13 00:57:40,398 [INFO] auhip.audio.speech_recognition: Vosk Recognized: "control on"
2026-05-13 00:57:40,401 [INFO] auhip.core.state_machine: Gesture detected: one_index_up (conf: 0.95, State: CAMERA_MODE)
2026-05-13 00:57:40,429 [INFO] auhip.core.state_machine: Processing temp voice command: control on
2026-05-13 00:57:40,432 [INFO] auhip.audio.snap_detector: Snap detector deactivated.
2026-05-13 00:57:40,443 [INFO] auhip.vision.worker: Vision mode set to: control
2026-05-13 00:57:40,444 [INFO] auhip.core.agent: Local skill matched for: 'control on'
2026-05-13 00:57:45,245 [INFO] auhip.vision.worker: Drag started.
2026-05-13 00:57:45,850 [INFO] auhip.vision.worker: Drag released.
2026-05-13 00:57:46,463 [INFO] auhip.vision.worker: Click (Gesture).
2026-05-13 00:57:47,827 [INFO] auhip.vision.worker: Drag started.
2026-05-13 00:57:48,381 [INFO] auhip.vision.worker: Drag released.
2026-05-13 00:57:48,621 [INFO] auhip.vision.worker: Click (Gesture).
2026-05-13 00:57:49,512 [INFO] auhip.vision.worker: Drag started.
2026-05-13 00:57:49,645 [INFO] auhip.vision.worker: Drag released.
2026-05-13 00:57:49,841 [INFO] auhip.vision.worker: Click (Gesture).
2026-05-13 00:57:50,919 [INFO] auhip.vision.worker: Drag started.
2026-05-13 00:57:55,882 [INFO] auhip.vision.worker: Drag released.
2026-05-13 00:57:56,591 [INFO] auhip.vision.worker: Click (Gesture).
2026-05-13 00:57:56,779 [INFO] auhip.vision.worker: Double Click (Gesture).
2026-05-13 00:57:57,432 [INFO] auhip.vision.worker: Drag started.
2026-05-13 00:57:57,571 [INFO] auhip.vision.worker: Drag released.
2026-05-13 00:57:58,232 [INFO] auhip.vision.worker: Drag started.
2026-05-13 00:57:59,352 [INFO] auhip.vision.worker: Drag released.
2026-05-13 00:58:07,651 [INFO] auhip.vision.worker: Click (Gesture).
2026-05-13 00:58:09,807 [INFO] auhip.vision.worker: Click (Gesture).
2026-05-13 00:58:12,762 [INFO] auhip.core.state_machine: Gesture detected: rock_sign (conf: 0.95, State: CONTROL_MODE)
2026-05-13 00:58:12,762 [INFO] auhip.core.state_machine: Exit gesture 'rock_sign' triggered in Control Mode.
2026-05-13 00:58:12,762 [INFO] auhip.core.state_machine: Exiting Control Mode -> Falling back to Camera Mode
2026-05-13 00:58:12,762 [INFO] auhip.core.state_machine: Temp voice listening deactivated.
2026-05-13 00:58:12,762 [INFO] auhip.audio.snap_detector: Snap detector deactivated.
2026-05-13 00:58:12,822 [INFO] auhip.vision.worker: Vision mode set to: camera
2026-05-13 00:58:12,885 [INFO] auhip.core.state_machine: Gesture detected: rock_sign (conf: 0.95, State: CAMERA_MODE)
2026-05-13 00:58:13,074 [INFO] auhip.core.state_machine: Gesture detected: one_index_up (conf: 0.95, State: CAMERA_MODE)
2026-05-13 00:58:14,030 [INFO] auhip.core.state_machine: Gesture detected: open_palm (conf: 0.95, State: CAMERA_MODE)
2026-05-13 00:58:14,104 [INFO] auhip.core.state_machine: Gesture detected: one_index_up (conf: 0.95, State: CAMERA_MODE)
2026-05-13 00:58:14,285 [INFO] auhip.vision.worker: Index Up confirmed (5 frames). Starting temp voice.
2026-05-13 00:58:14,298 [INFO] auhip.core.state_machine: Temp voice listening activated in Camera Mode.
2026-05-13 00:58:14,304 [INFO] auhip.audio.speech_recognition: Vosk is listening (shared stream)...
2026-05-13 00:58:16,202 [INFO] auhip.audio.speech_recognition: Vosk Recognized: "good night"
2026-05-13 00:58:16,227 [INFO] auhip.core.state_machine: Processing temp voice command: good night
2026-05-13 00:58:16,268 [INFO] auhip.skills.system_controls: SKILL: Sleep Mode.
2026-05-13 00:58:16,268 [INFO] auhip.core.agent: Local skill matched for: 'good night'
2026-05-13 00:58:16,304 [INFO] auhip.audio.snap_detector: Snap detector activated.
2026-05-13 00:58:16,364 [INFO] auhip.audio.snap_detector: Sound detected! Energy: 0.0343
2026-05-13 00:58:16,370 [INFO] auhip.vision.worker: Vision mode set to: sleep
2026-05-13 00:58:16,509 [INFO] auhip.core.state_machine: Gesture detected: one_index_up (conf: 0.95, State: SLEEP)
2026-05-13 00:58:17,411 [INFO] auhip.audio.snap_detector: Sound detected! Energy: 0.0218
2026-05-13 00:58:17,412 [INFO] auhip.core.state_machine: Gesture detected: open_palm (conf: 0.95, State: SLEEP)
2026-05-13 00:58:17,935 [INFO] auhip.core.state_machine: Gesture detected: fist (conf: 0.90, State: SLEEP)
2026-05-13 00:58:17,935 [INFO] auhip.core.state_machine: Emergency exit gesture triggered in Sleep Mode.
2026-05-13 00:58:18,413 [INFO] auhip.audio.snap_detector: Sound detected! Energy: 0.0153
2026-05-13 03:45:53,638 [INFO] auhip: Starting auhip Assistant...
2026-05-13 03:45:53,753 [INFO] auhip.core.agent: Hybrid local-first orchestration layer initialised.
2026-05-13 03:45:56,340 [INFO] auhip.core.state_machine: State Machine started in STANDBY.
2026-05-13 03:45:56,343 [INFO] auhip.audio.speech_recognition: Loading Vosk model from: vosk-model-small-en-us-0.15
2026-05-13 03:45:57,209 [INFO] auhip.audio.speech_recognition: Vosk initialized successfully.
2026-05-13 03:45:57,311 [INFO] auhip.audio.microphone: Microphone stream started (Device: Default).
2026-05-13 03:45:57,311 [INFO] auhip.audio.snap_detector: Snap detector activated.
2026-05-13 03:45:57,311 [INFO] auhip: auhip is ready.
2026-05-13 03:45:57,311 [INFO] auhip:   Wake phrase    : 'daddy home'
2026-05-13 03:45:57,311 [INFO] auhip:   Shutdown phrase: 'goodbye jojo'
2026-05-13 03:45:59,002 [INFO] auhip.audio.snap_detector: Sound detected! Energy: 0.0915
2026-05-13 03:45:59,003 [INFO] auhip.audio.snap_detector: Snap detected! Energy: 0.0915, Avg: 0.0023
2026-05-13 03:45:59,456 [INFO] auhip.audio.snap_detector: Snap detected! Energy: 0.0534, Avg: 0.0047
2026-05-13 03:45:59,550 [INFO] auhip.audio.speech_recognition: Vosk is listening (shared stream)...
2026-05-13 03:46:00,719 [INFO] auhip.audio.speech_recognition: Vosk Recognized: "[unk] home"
2026-05-13 03:46:00,720 [INFO] auhip.audio.speech_recognition: Vosk recognized '[unk] home', but it doesn't match a command. Falling back to Google...
2026-05-13 03:46:00,720 [INFO] auhip.audio.speech_recognition: Requesting Google Cloud fallback recognition...
2026-05-13 03:46:01,110 [INFO] auhip.audio.speech_recognition: Google Fallback Recognized: 'take me home'
2026-05-13 03:46:02,939 [INFO] auhip.audio.snap_detector: Sound detected! Energy: 0.0648
2026-05-13 03:46:02,939 [INFO] auhip.audio.snap_detector: Snap detected! Energy: 0.0648, Avg: 0.0014
2026-05-13 03:46:03,632 [INFO] auhip.audio.snap_detector: Snap detected! Energy: 0.0513, Avg: 0.0054
2026-05-13 03:46:03,636 [INFO] auhip.audio.speech_recognition: Vosk is listening (shared stream)...
2026-05-13 03:46:04,009 [INFO] auhip.audio.snap_detector: Sound detected! Energy: 0.0165
2026-05-13 03:46:05,026 [INFO] auhip.audio.speech_recognition: Vosk Recognized: "[unk] daddy home"
2026-05-13 03:46:05,027 [INFO] auhip.audio.snap_detector: Snap detector deactivated.
2026-05-13 03:46:05,027 [INFO] auhip.vision.worker: Vision mode set to: none
2026-05-13 03:46:05,240 [INFO] auhip.audio.speech_recognition: Vosk is listening (shared stream)...
2026-05-13 03:46:13,806 [INFO] auhip.audio.speech_recognition: Vosk Recognized: "hello"
2026-05-13 03:46:13,807 [INFO] auhip.audio.speech_recognition: Vosk recognized 'hello', but it doesn't match a command. Falling back to Google...
2026-05-13 03:46:13,807 [INFO] auhip.audio.speech_recognition: Requesting Google Cloud fallback recognition...
2026-05-13 03:46:14,461 [INFO] auhip.audio.speech_recognition: Google Fallback Recognized: 'hello'
2026-05-13 03:46:14,470 [INFO] auhip.core.llm.router: Dispatching intent processing for prompt: 'hello'
2026-05-13 03:46:15,043 [ERROR] auhip.core.llm.local_model: Local core REST rejection (400): {"error":"registry.ollama.ai/library/qwen:4b does not support tools"}
2026-05-13 03:46:15,045 [WARNING] auhip.core.llm.local_model: Ollama connection error on attempt 1: Ollama execution error: 400
2026-05-13 03:46:15,550 [ERROR] auhip.core.llm.local_model: Local core REST rejection (400): {"error":"registry.ollama.ai/library/qwen:4b does not support tools"}
2026-05-13 03:46:15,551 [WARNING] auhip.core.llm.local_model: Ollama connection error on attempt 2: Ollama execution error: 400
2026-05-13 03:46:15,749 [ERROR] auhip.core.llm.local_model: Local primary model failed after 2 attempts. Triggering cloud fallback.
2026-05-13 03:46:15,749 [INFO] auhip.core.llm.escalation: Local engine requested external escalation explicitly.
2026-05-13 03:46:15,749 [INFO] auhip.core.llm.router: Escalating reasoning request to Layer 3 cloud neural infrastructure.
2026-05-13 03:46:19,543 [INFO] auhip.core.llm.router: Finalized structural resolution: Intent='initialization', Confidence=1.00, Tool=None
2026-05-13 03:46:19,593 [INFO] auhip.audio.speech_recognition: Vosk is listening (shared stream)...
2026-05-13 03:46:29,655 [INFO] auhip.audio.speech_recognition: Requesting Google Cloud fallback recognition...
2026-05-13 03:46:30,282 [INFO] auhip.audio.speech_recognition: Vosk is listening (shared stream)...
2026-05-13 03:46:33,077 [INFO] auhip.audio.speech_recognition: Vosk Recognized: "oh shit"
2026-05-13 03:46:33,077 [INFO] auhip.audio.speech_recognition: Vosk recognized 'oh shit', but it doesn't match a command. Falling back to Google...
2026-05-13 03:46:33,077 [INFO] auhip.audio.speech_recognition: Requesting Google Cloud fallback recognition...
2026-05-13 03:46:33,492 [INFO] auhip.audio.speech_recognition: Google Fallback Recognized: 'oh shit'
2026-05-13 03:49:05,812 [INFO] auhip: Starting auhip Assistant...
2026-05-13 03:49:05,822 [INFO] auhip.core.agent: Hybrid local-first orchestration layer initialised.
2026-05-13 03:49:06,992 [INFO] auhip.core.state_machine: State Machine started in STANDBY.
2026-05-13 03:49:06,996 [INFO] auhip.audio.speech_recognition: Loading Vosk model from: vosk-model-small-en-us-0.15
2026-05-13 03:49:07,519 [INFO] auhip.audio.speech_recognition: Vosk initialized successfully.
2026-05-13 03:49:07,573 [INFO] auhip.audio.microphone: Microphone stream started (Device: Default).
2026-05-13 03:49:07,574 [INFO] auhip.audio.snap_detector: Snap detector activated.
2026-05-13 03:49:07,574 [INFO] auhip: auhip is ready.
2026-05-13 03:49:07,574 [INFO] auhip:   Wake phrase    : 'daddy home'
2026-05-13 03:49:07,574 [INFO] auhip:   Shutdown phrase: 'goodbye jojo'
2026-05-13 03:49:08,739 [INFO] auhip.audio.snap_detector: Sound detected! Energy: 0.0785
2026-05-13 03:49:08,739 [INFO] auhip.audio.snap_detector: Snap detected! Energy: 0.0785, Avg: 0.0023
2026-05-13 03:49:09,337 [INFO] auhip.audio.snap_detector: Snap detected! Energy: 0.0441, Avg: 0.0068
2026-05-13 03:49:09,340 [INFO] auhip.audio.speech_recognition: Vosk is listening (shared stream)...
2026-05-13 03:49:09,764 [INFO] auhip.audio.snap_detector: Sound detected! Energy: 0.0298
2026-05-13 03:49:10,729 [INFO] auhip.audio.speech_recognition: Vosk Recognized: "daddy home"
2026-05-13 03:49:10,730 [INFO] auhip.audio.snap_detector: Snap detector deactivated.
2026-05-13 03:49:10,731 [INFO] auhip.vision.worker: Vision mode set to: none
2026-05-13 03:49:10,874 [INFO] auhip.audio.speech_recognition: Vosk is listening (shared stream)...
2026-05-13 03:49:13,940 [INFO] auhip.audio.speech_recognition: Vosk Recognized: "hello"
2026-05-13 03:49:13,941 [INFO] auhip.audio.speech_recognition: Vosk recognized 'hello', but it doesn't match a command. Falling back to Google...
2026-05-13 03:49:13,941 [INFO] auhip.audio.speech_recognition: Requesting Google Cloud fallback recognition...
2026-05-13 03:49:14,328 [INFO] auhip.audio.speech_recognition: Google Fallback Recognized: 'hello'
2026-05-13 03:49:14,335 [INFO] auhip.core.llm.router: Dispatching intent processing for prompt: 'hello'
2026-05-13 03:49:14,882 [ERROR] auhip.core.llm.local_model: Local core REST rejection (400): {"error":"registry.ollama.ai/library/qwen:4b does not support tools"}
2026-05-13 03:49:14,882 [WARNING] auhip.core.llm.local_model: Model does not natively support tools. Stripping tools payload and retrying immediately...
2026-05-13 03:49:23,294 [WARNING] auhip.core.llm.local_model: Ollama runtime stall on attempt 2. Retrying...
2026-05-13 03:49:31,296 [WARNING] auhip.core.llm.local_model: Ollama runtime stall on attempt 3. Retrying...
2026-05-13 03:49:31,296 [ERROR] auhip.core.llm.local_model: Local primary model failed after 2 attempts. Triggering cloud fallback.
2026-05-13 03:49:31,296 [INFO] auhip.core.llm.escalation: Local engine requested external escalation explicitly.
2026-05-13 03:49:31,296 [INFO] auhip.core.llm.router: Escalating reasoning request to Layer 3 cloud neural infrastructure.
2026-05-13 03:49:31,296 [ERROR] auhip.core.llm.router: Cloud provider unreachable. Relying on local layer fallback projection.
2026-05-13 03:49:31,296 [INFO] auhip.core.llm.router: Finalized structural resolution: Intent='error', Confidence=0.00, Tool=None
2026-05-13 03:49:31,344 [INFO] auhip.audio.speech_recognition: Vosk is listening (shared stream)...
2026-05-13 03:49:41,385 [INFO] auhip.audio.speech_recognition: Requesting Google Cloud fallback recognition...
2026-05-13 03:49:42,041 [INFO] auhip.audio.speech_recognition: Vosk is listening (shared stream)...
2026-05-13 03:49:52,083 [INFO] auhip.audio.speech_recognition: Requesting Google Cloud fallback recognition...
2026-05-13 03:50:43,665 [INFO] auhip: Starting auhip Assistant...
2026-05-13 03:50:43,686 [INFO] auhip.core.agent: Hybrid local-first orchestration layer initialised.
2026-05-13 03:50:44,729 [INFO] auhip.core.state_machine: State Machine started in STANDBY.
2026-05-13 03:50:44,733 [INFO] auhip.audio.speech_recognition: Loading Vosk model from: vosk-model-small-en-us-0.15
2026-05-13 03:50:45,280 [INFO] auhip.audio.speech_recognition: Vosk initialized successfully.
2026-05-13 03:50:45,354 [INFO] auhip.audio.microphone: Microphone stream started (Device: Default).
2026-05-13 03:50:45,354 [INFO] auhip.audio.snap_detector: Snap detector activated.
2026-05-13 03:50:45,354 [INFO] auhip: auhip is ready.
2026-05-13 03:50:45,354 [INFO] auhip:   Wake phrase    : 'daddy home'
2026-05-13 03:50:45,354 [INFO] auhip:   Shutdown phrase: 'goodbye jojo'
2026-05-13 03:50:46,206 [INFO] auhip.audio.snap_detector: Sound detected! Energy: 0.0238
2026-05-13 03:50:46,206 [INFO] auhip.audio.snap_detector: Snap detected! Energy: 0.0238, Avg: 0.0011
2026-05-13 03:50:47,047 [INFO] auhip.audio.snap_detector: Snap detected! Energy: 0.0464, Avg: 0.0051
2026-05-13 03:50:47,051 [INFO] auhip.audio.speech_recognition: Vosk is listening (shared stream)...
2026-05-13 03:50:47,215 [INFO] auhip.audio.snap_detector: Sound detected! Energy: 0.0149
2026-05-13 03:50:48,421 [INFO] auhip.audio.speech_recognition: Vosk Recognized: "daddy home"
2026-05-13 03:50:48,422 [INFO] auhip.audio.snap_detector: Snap detector deactivated.
2026-05-13 03:50:48,423 [INFO] auhip.vision.worker: Vision mode set to: none
2026-05-13 03:50:48,571 [INFO] auhip.audio.speech_recognition: Vosk is listening (shared stream)...
2026-05-13 03:50:53,063 [INFO] auhip.audio.speech_recognition: Vosk Recognized: "hi how are you"
2026-05-13 03:50:53,063 [INFO] auhip.audio.speech_recognition: Vosk recognized 'hi how are you', but it doesn't match a command. Falling back to Google...
2026-05-13 03:50:53,063 [INFO] auhip.audio.speech_recognition: Requesting Google Cloud fallback recognition...
2026-05-13 03:50:53,554 [INFO] auhip.audio.speech_recognition: Google Fallback Recognized: 'hi how are you'
2026-05-13 03:50:53,561 [INFO] auhip.core.llm.router: Dispatching intent processing for prompt: 'hi how are you'
2026-05-13 03:50:54,117 [ERROR] auhip.core.llm.local_model: Local core REST rejection (400): {"error":"registry.ollama.ai/library/qwen:4b does not support tools"}
2026-05-13 03:50:54,117 [WARNING] auhip.core.llm.local_model: Model does not natively support tools. Stripping tools payload and retrying immediately...
2026-05-13 03:50:57,101 [WARNING] auhip.core.llm.response_parser: Malformed structured JSON received from local: Expecting value: line 3 column 18 (char 67). Activating heuristic projection.
2026-05-13 03:50:57,102 [INFO] auhip.core.llm.escalation: Local engine requested external escalation explicitly.
2026-05-13 03:50:57,102 [INFO] auhip.core.llm.router: Escalating reasoning request to Layer 3 cloud neural infrastructure.
2026-05-13 03:51:02,611 [INFO] auhip.core.llm.router: Finalized structural resolution: Intent='initialization', Confidence=1.00, Tool=None
2026-05-13 03:51:02,655 [INFO] auhip.audio.speech_recognition: Vosk is listening (shared stream)...
2026-05-13 03:51:12,681 [INFO] auhip.audio.speech_recognition: Requesting Google Cloud fallback recognition...
2026-05-13 03:51:13,346 [INFO] auhip.audio.speech_recognition: Vosk is listening (shared stream)...
2026-05-13 03:51:16,615 [INFO] auhip.audio.speech_recognition: Vosk Recognized: "what model are you"
2026-05-13 03:51:16,615 [INFO] auhip.audio.speech_recognition: Vosk recognized 'what model are you', but it doesn't match a command. Falling back to Google...
2026-05-13 03:51:16,615 [INFO] auhip.audio.speech_recognition: Requesting Google Cloud fallback recognition...
2026-05-13 03:51:17,104 [INFO] auhip.audio.speech_recognition: Google Fallback Recognized: 'what model are you'
2026-05-13 03:51:17,110 [INFO] auhip.core.llm.router: Dispatching intent processing for prompt: 'what model are you'
2026-05-13 03:51:17,660 [ERROR] auhip.core.llm.local_model: Local core REST rejection (400): {"error":"registry.ollama.ai/library/qwen:4b does not support tools"}
2026-05-13 03:51:17,660 [WARNING] auhip.core.llm.local_model: Model does not natively support tools. Stripping tools payload and retrying immediately...
2026-05-13 03:51:20,147 [WARNING] auhip.core.llm.response_parser: Malformed structured JSON received from local: Expecting value: line 3 column 18 (char 67). Activating heuristic projection.
2026-05-13 03:51:20,148 [INFO] auhip.core.llm.escalation: Local engine requested external escalation explicitly.
2026-05-13 03:51:20,148 [INFO] auhip.core.llm.router: Escalating reasoning request to Layer 3 cloud neural infrastructure.
2026-05-13 03:51:23,620 [INFO] auhip.core.llm.router: Finalized structural resolution: Intent='identity_query', Confidence=1.00, Tool=None
2026-05-13 03:51:23,660 [INFO] auhip.audio.speech_recognition: Vosk is listening (shared stream)...
2026-05-13 03:51:33,709 [INFO] auhip.audio.speech_recognition: Requesting Google Cloud fallback recognition...
2026-05-13 03:51:34,311 [INFO] auhip.audio.speech_recognition: Vosk is listening (shared stream)...
2026-05-13 03:51:44,344 [INFO] auhip.audio.speech_recognition: Requesting Google Cloud fallback recognition...
2026-05-13 03:51:44,972 [INFO] auhip.audio.speech_recognition: Vosk is listening (shared stream)...
2026-05-13 03:51:54,974 [INFO] auhip.audio.speech_recognition: Vosk Recognized: "can you tell me about yourself"
2026-05-13 03:51:54,975 [INFO] auhip.audio.speech_recognition: Vosk recognized 'can you tell me about yourself', but it doesn't match a command. Falling back to Google...
2026-05-13 03:51:54,975 [INFO] auhip.audio.speech_recognition: Requesting Google Cloud fallback recognition...
2026-05-13 03:51:55,847 [INFO] auhip.audio.speech_recognition: Google Fallback Recognized: 'can you tell me about yourself'
2026-05-13 03:51:55,856 [INFO] auhip.core.llm.router: Dispatching intent processing for prompt: 'can you tell me about yourself'
2026-05-13 03:51:56,415 [ERROR] auhip.core.llm.local_model: Local core REST rejection (400): {"error":"registry.ollama.ai/library/qwen:4b does not support tools"}
2026-05-13 03:51:56,416 [WARNING] auhip.core.llm.local_model: Model does not natively support tools. Stripping tools payload and retrying immediately...
2026-05-13 03:51:58,893 [WARNING] auhip.core.llm.response_parser: Malformed structured JSON received from local: Expecting value: line 3 column 18 (char 67). Activating heuristic projection.
2026-05-13 03:51:58,893 [INFO] auhip.core.llm.escalation: Local engine requested external escalation explicitly.
2026-05-13 03:51:58,893 [INFO] auhip.core.llm.router: Escalating reasoning request to Layer 3 cloud neural infrastructure.
2026-05-13 03:52:04,060 [INFO] auhip.core.llm.router: Finalized structural resolution: Intent='system_identification', Confidence=1.00, Tool=None
2026-05-13 03:52:04,097 [INFO] auhip.audio.speech_recognition: Vosk is listening (shared stream)...
2026-05-13 03:52:14,111 [INFO] auhip.audio.speech_recognition: Requesting Google Cloud fallback recognition...
2026-05-13 03:52:14,737 [INFO] auhip.audio.speech_recognition: Vosk is listening (shared stream)...
2026-05-13 03:52:24,753 [INFO] auhip.audio.speech_recognition: Requesting Google Cloud fallback recognition...
2026-05-13 03:52:25,354 [INFO] auhip.audio.speech_recognition: Vosk is listening (shared stream)...
2026-05-13 03:52:33,706 [INFO] auhip.audio.speech_recognition: Vosk Recognized: "can you access folder in my computer"
2026-05-13 03:52:33,706 [INFO] auhip.audio.speech_recognition: Vosk recognized 'can you access folder in my computer', but it doesn't match a command. Falling back to Google...
2026-05-13 03:52:33,706 [INFO] auhip.audio.speech_recognition: Requesting Google Cloud fallback recognition...
2026-05-13 03:52:34,524 [INFO] auhip.audio.speech_recognition: Google Fallback Recognized: 'can you access folder in my computer'
2026-05-13 03:52:34,534 [INFO] auhip.core.llm.router: Dispatching intent processing for prompt: 'can you access folder in my computer'
2026-05-13 03:52:35,092 [ERROR] auhip.core.llm.local_model: Local core REST rejection (400): {"error":"registry.ollama.ai/library/qwen:4b does not support tools"}
2026-05-13 03:52:35,092 [WARNING] auhip.core.llm.local_model: Model does not natively support tools. Stripping tools payload and retrying immediately...
2026-05-13 03:52:36,604 [WARNING] auhip.core.llm.response_parser: Malformed structured JSON received from local: Expecting value: line 1 column 1 (char 0). Activating heuristic projection.
2026-05-13 03:52:36,604 [WARNING] auhip.core.llm.escalation: Local routing confidence (0.5) below acceptable threshold (0.7). Triggering escalation.
2026-05-13 03:52:36,604 [INFO] auhip.core.llm.router: Escalating reasoning request to Layer 3 cloud neural infrastructure.
2026-05-13 03:52:41,744 [INFO] auhip.core.llm.router: Finalized structural resolution: Intent='system_capability_query', Confidence=1.00, Tool=None
2026-05-13 03:52:41,773 [INFO] auhip.audio.speech_recognition: Vosk is listening (shared stream)...
2026-05-13 03:52:51,823 [INFO] auhip.audio.speech_recognition: Requesting Google Cloud fallback recognition...
2026-05-13 03:52:52,436 [INFO] auhip.audio.speech_recognition: Vosk is listening (shared stream)...
2026-05-13 03:52:59,337 [INFO] auhip.audio.speech_recognition: Vosk Recognized: "are you up"
2026-05-13 03:52:59,337 [INFO] auhip.audio.speech_recognition: Vosk recognized 'are you up', but it doesn't match a command. Falling back to Google...
2026-05-13 03:52:59,337 [INFO] auhip.audio.speech_recognition: Requesting Google Cloud fallback recognition...
2026-05-13 03:52:59,895 [INFO] auhip.audio.speech_recognition: Google Fallback Recognized: 'are you up'
2026-05-13 03:52:59,902 [INFO] auhip.core.llm.router: Dispatching intent processing for prompt: 'are you up'
2026-05-13 03:53:00,459 [ERROR] auhip.core.llm.local_model: Local core REST rejection (400): {"error":"registry.ollama.ai/library/qwen:4b does not support tools"}
2026-05-13 03:53:00,459 [WARNING] auhip.core.llm.local_model: Model does not natively support tools. Stripping tools payload and retrying immediately...
2026-05-13 03:53:02,293 [WARNING] auhip.core.llm.response_parser: Malformed structured JSON received from local: Expecting value: line 1 column 1 (char 0). Activating heuristic projection.
2026-05-13 03:53:02,294 [INFO] auhip.core.llm.escalation: Local engine requested external escalation explicitly.
2026-05-13 03:53:02,294 [INFO] auhip.core.llm.router: Escalating reasoning request to Layer 3 cloud neural infrastructure.
2026-05-13 03:53:05,896 [INFO] auhip.core.llm.router: Finalized structural resolution: Intent='status_check', Confidence=1.00, Tool=None
2026-05-13 03:53:05,926 [INFO] auhip.audio.speech_recognition: Vosk is listening (shared stream)...
2026-05-13 03:53:16,773 [INFO] auhip: Starting auhip Assistant...
2026-05-13 03:53:16,796 [INFO] auhip.core.agent: Hybrid local-first orchestration layer initialised.
2026-05-13 03:53:17,944 [INFO] auhip.core.state_machine: State Machine started in STANDBY.
2026-05-13 03:53:17,947 [INFO] auhip.audio.speech_recognition: Loading Vosk model from: vosk-model-small-en-us-0.15
2026-05-13 03:53:18,534 [INFO] auhip.audio.speech_recognition: Vosk initialized successfully.
2026-05-13 03:53:18,590 [INFO] auhip.audio.microphone: Microphone stream started (Device: Default).
2026-05-13 03:53:18,590 [INFO] auhip.audio.snap_detector: Snap detector activated.
2026-05-13 03:53:18,590 [INFO] auhip: auhip is ready.
2026-05-13 03:53:18,591 [INFO] auhip:   Wake phrase    : 'daddy home'
2026-05-13 03:53:18,591 [INFO] auhip:   Shutdown phrase: 'goodbye jojo'
2026-05-13 03:53:23,058 [INFO] auhip.audio.snap_detector: Sound detected! Energy: 0.0859
2026-05-13 03:53:23,058 [INFO] auhip.audio.snap_detector: Snap detected! Energy: 0.0859, Avg: 0.0018
2026-05-13 03:53:23,571 [INFO] auhip.audio.snap_detector: Snap detected! Energy: 0.0513, Avg: 0.0053
2026-05-13 03:53:23,575 [INFO] auhip.audio.speech_recognition: Vosk is listening (shared stream)...
2026-05-13 03:53:24,073 [INFO] auhip.audio.snap_detector: Sound detected! Energy: 0.0323
2026-05-13 03:53:24,965 [INFO] auhip.audio.speech_recognition: Vosk Recognized: "daddy home"
2026-05-13 03:53:24,967 [INFO] auhip.audio.snap_detector: Snap detector deactivated.
2026-05-13 03:53:24,967 [INFO] auhip.vision.worker: Vision mode set to: none
2026-05-13 03:53:25,088 [INFO] auhip.audio.speech_recognition: Vosk is listening (shared stream)...
2026-05-13 03:53:30,027 [INFO] auhip.audio.speech_recognition: Vosk Recognized: "hi how are you"
2026-05-13 03:53:30,028 [INFO] auhip.audio.speech_recognition: Vosk recognized 'hi how are you', but it doesn't match a command. Falling back to Google...
2026-05-13 03:53:30,028 [INFO] auhip.audio.speech_recognition: Requesting Google Cloud fallback recognition...
2026-05-13 03:53:30,535 [INFO] auhip.audio.speech_recognition: Google Fallback Recognized: 'hi how are you'
2026-05-13 03:53:30,544 [INFO] auhip.core.llm.router: Dispatching intent processing for prompt: 'hi how are you'
2026-05-13 03:53:31,101 [INFO] auhip.core.llm.local_model: Discovered local model does not natively support tools. Caching state and retrying payload gracefully...
2026-05-13 03:53:33,958 [WARNING] auhip.core.llm.response_parser: Malformed structured JSON received from local: Expecting value: line 3 column 18 (char 67). Activating heuristic projection.
2026-05-13 03:53:33,958 [INFO] auhip.core.llm.escalation: Local engine requested external escalation explicitly.
2026-05-13 03:53:33,958 [INFO] auhip.core.llm.router: Escalating reasoning request to Layer 3 cloud neural infrastructure.
2026-05-13 03:53:37,859 [INFO] auhip.core.llm.router: Finalized structural resolution: Intent='greeting', Confidence=1.00, Tool=None
2026-05-13 03:53:37,903 [INFO] auhip.audio.speech_recognition: Vosk is listening (shared stream)...
2026-05-13 03:53:46,277 [INFO] auhip.audio.speech_recognition: Vosk Recognized: "what modo are you"
2026-05-13 03:53:46,277 [INFO] auhip.audio.speech_recognition: Vosk recognized 'what modo are you', but it doesn't match a command. Falling back to Google...
2026-05-13 03:53:46,277 [INFO] auhip.audio.speech_recognition: Requesting Google Cloud fallback recognition...
2026-05-13 03:53:47,011 [INFO] auhip.audio.speech_recognition: Google Fallback Recognized: 'what model are you'
2026-05-13 03:53:47,022 [INFO] auhip.core.llm.router: Dispatching intent processing for prompt: 'what model are you'
2026-05-13 03:53:50,257 [WARNING] auhip.core.llm.response_parser: Malformed structured JSON received from local: Expecting value: line 3 column 18 (char 67). Activating heuristic projection.
2026-05-13 03:53:50,258 [INFO] auhip.core.llm.escalation: Local engine requested external escalation explicitly.
2026-05-13 03:53:50,258 [INFO] auhip.core.llm.router: Escalating reasoning request to Layer 3 cloud neural infrastructure.
2026-05-13 03:53:54,846 [INFO] auhip.core.llm.router: Finalized structural resolution: Intent='system_identification', Confidence=1.00, Tool=None
2026-05-13 03:53:54,874 [INFO] auhip.audio.speech_recognition: Vosk is listening (shared stream)...
2026-05-13 03:54:04,914 [INFO] auhip.audio.speech_recognition: Requesting Google Cloud fallback recognition...
2026-05-13 03:54:05,590 [INFO] auhip.audio.speech_recognition: Vosk is listening (shared stream)...
2026-05-13 03:54:12,479 [INFO] auhip.audio.speech_recognition: Vosk Recognized: "i came across the problem with lightning the locomotor in my computer and effects"
2026-05-13 03:54:12,479 [INFO] auhip.audio.speech_recognition: Vosk recognized 'i came across the problem with lightning the locomotor in my computer and effects', but it doesn't match a command. Falling back to Google...
2026-05-13 03:54:12,480 [INFO] auhip.audio.speech_recognition: Requesting Google Cloud fallback recognition...
2026-05-13 03:54:13,671 [INFO] auhip.audio.speech_recognition: Google Fallback Recognized: 'i came across the problem with learning the locomotive in my computer and it fixed'
2026-05-13 03:54:13,680 [INFO] auhip.core.llm.router: Dispatching intent processing for prompt: 'i came across the problem with learning the locomotive in my computer and it fixed'
2026-05-13 03:54:16,523 [WARNING] auhip.core.llm.response_parser: Malformed structured JSON received from local: Expecting value: line 3 column 18 (char 67). Activating heuristic projection.
2026-05-13 03:54:16,523 [INFO] auhip.core.llm.escalation: Local engine requested external escalation explicitly.
2026-05-13 03:54:16,524 [INFO] auhip.core.llm.router: Escalating reasoning request to Layer 3 cloud neural infrastructure.
2026-05-13 03:54:21,070 [INFO] auhip.core.llm.router: Finalized structural resolution: Intent='task_status_update', Confidence=1.00, Tool=None
2026-05-13 03:54:21,101 [INFO] auhip.audio.speech_recognition: Vosk is listening (shared stream)...
2026-05-13 03:54:31,147 [INFO] auhip.audio.speech_recognition: Requesting Google Cloud fallback recognition...
2026-05-13 03:54:31,768 [INFO] auhip.audio.speech_recognition: Vosk is listening (shared stream)...
2026-05-13 03:54:41,782 [INFO] auhip.audio.speech_recognition: Requesting Google Cloud fallback recognition...
2026-05-13 03:54:48,403 [INFO] auhip: Starting auhip Assistant...
2026-05-13 03:54:48,443 [INFO] auhip.core.agent: Hybrid local-first orchestration layer initialised.
2026-05-13 03:54:49,365 [INFO] auhip.core.state_machine: State Machine started in STANDBY.
2026-05-13 03:54:49,368 [INFO] auhip.audio.speech_recognition: Loading Vosk model from: vosk-model-small-en-us-0.15
2026-05-13 03:54:49,871 [INFO] auhip.audio.speech_recognition: Vosk initialized successfully.
2026-05-13 03:54:49,922 [INFO] auhip.audio.microphone: Microphone stream started (Device: Default).
2026-05-13 03:54:49,923 [INFO] auhip.audio.snap_detector: Snap detector activated.
2026-05-13 03:54:49,923 [INFO] auhip: auhip is ready.
2026-05-13 03:54:49,923 [INFO] auhip:   Wake phrase    : 'daddy home'
2026-05-13 03:54:49,923 [INFO] auhip:   Shutdown phrase: 'goodbye jojo'
2026-05-13 03:54:51,425 [INFO] auhip.audio.snap_detector: Sound detected! Energy: 0.0824
2026-05-13 03:54:51,425 [INFO] auhip.audio.snap_detector: Snap detected! Energy: 0.0824, Avg: 0.0019
2026-05-13 03:54:51,897 [INFO] auhip.audio.snap_detector: Snap detected! Energy: 0.0371, Avg: 0.0060
2026-05-13 03:54:51,901 [INFO] auhip.audio.speech_recognition: Vosk is listening (shared stream)...
2026-05-13 03:54:53,277 [INFO] auhip.audio.speech_recognition: Vosk Recognized: "[unk] daddy home"
2026-05-13 03:54:53,278 [INFO] auhip.audio.snap_detector: Snap detector deactivated.
2026-05-13 03:54:53,278 [INFO] auhip.vision.worker: Vision mode set to: none
2026-05-13 03:54:53,415 [INFO] auhip.audio.speech_recognition: Vosk is listening (shared stream)...
2026-05-13 03:54:56,720 [INFO] auhip.audio.speech_recognition: Vosk Recognized: "hi how are you"
2026-05-13 03:54:56,720 [INFO] auhip.audio.speech_recognition: Vosk recognized 'hi how are you', but it doesn't match a command. Falling back to Google...
2026-05-13 03:54:56,720 [INFO] auhip.audio.speech_recognition: Requesting Google Cloud fallback recognition...
2026-05-13 03:54:57,148 [INFO] auhip.audio.speech_recognition: Google Fallback Recognized: 'hi how are you'
2026-05-13 03:54:57,156 [INFO] auhip.core.llm.router: Dispatching intent processing for prompt: 'hi how are you'
2026-05-13 03:54:57,710 [INFO] auhip.core.llm.local_model: Discovered local model does not natively support tools. Caching state and retrying payload gracefully...
2026-05-13 03:55:00,248 [WARNING] auhip.core.llm.response_parser: Malformed structured JSON received from local: Expecting value: line 3 column 18 (char 67). Activating heuristic projection.
2026-05-13 03:55:00,248 [INFO] auhip.core.llm.escalation: Local engine requested external escalation explicitly.
2026-05-13 03:55:00,248 [INFO] auhip.core.llm.router: Escalating reasoning request to Layer 3 cloud neural infrastructure.
2026-05-13 03:55:05,347 [INFO] auhip.core.llm.router: Finalized structural resolution: Intent='greeting', Confidence=1.00, Tool=None
2026-05-13 03:55:05,387 [INFO] auhip.audio.speech_recognition: Vosk is listening (shared stream)...
2026-05-13 03:55:15,504 [INFO] auhip.audio.speech_recognition: Vosk Recognized (Final): "did you know java"
2026-05-13 03:55:15,504 [INFO] auhip.audio.speech_recognition: Vosk recognized 'did you know java', but it doesn't match a command. Falling back to Google...
2026-05-13 03:55:15,504 [INFO] auhip.audio.speech_recognition: Requesting Google Cloud fallback recognition...
2026-05-13 03:55:16,235 [INFO] auhip.audio.speech_recognition: Google Fallback Recognized: 'did you know'
2026-05-13 03:55:16,244 [INFO] auhip.core.llm.router: Dispatching intent processing for prompt: 'did you know'
2026-05-13 03:55:18,407 [WARNING] auhip.core.llm.response_parser: Malformed structured JSON received from local: Expecting value: line 1 column 1 (char 0). Activating heuristic projection.
2026-05-13 03:55:18,408 [INFO] auhip.core.llm.escalation: Local engine requested external escalation explicitly.
2026-05-13 03:55:18,408 [INFO] auhip.core.llm.router: Escalating reasoning request to Layer 3 cloud neural infrastructure.
2026-05-13 03:55:22,568 [INFO] auhip.core.llm.router: Finalized structural resolution: Intent='role_assumption', Confidence=1.00, Tool=None
2026-05-13 03:55:22,603 [INFO] auhip.audio.speech_recognition: Vosk is listening (shared stream)...
2026-05-13 03:55:32,618 [INFO] auhip.audio.speech_recognition: Requesting Google Cloud fallback recognition...
2026-05-13 03:55:33,238 [INFO] auhip.audio.speech_recognition: Vosk is listening (shared stream)...
2026-05-13 03:55:43,255 [INFO] auhip.audio.speech_recognition: Requesting Google Cloud fallback recognition...
2026-05-13 03:55:43,853 [INFO] auhip.audio.speech_recognition: Vosk is listening (shared stream)...
2026-05-13 03:56:11,877 [INFO] auhip: Starting auhip Assistant...
2026-05-13 03:56:11,900 [INFO] auhip.core.agent: Hybrid local-first orchestration layer initialised.
2026-05-13 03:56:12,820 [INFO] auhip.core.state_machine: State Machine started in STANDBY.
2026-05-13 03:56:12,822 [INFO] auhip.audio.speech_recognition: Loading Vosk model from: vosk-model-small-en-us-0.15
2026-05-13 03:56:13,386 [INFO] auhip.audio.speech_recognition: Vosk initialized successfully.
2026-05-13 03:56:13,445 [INFO] auhip.audio.microphone: Microphone stream started (Device: Default).
2026-05-13 03:56:13,445 [INFO] auhip.audio.snap_detector: Snap detector activated.
2026-05-13 03:56:13,446 [INFO] auhip: auhip is ready.
2026-05-13 03:56:13,446 [INFO] auhip:   Wake phrase    : 'daddy home'
2026-05-13 03:56:13,446 [INFO] auhip:   Shutdown phrase: 'goodbye jojo'
2026-05-13 03:56:13,877 [INFO] auhip.audio.snap_detector: Sound detected! Energy: 0.0219
2026-05-13 03:56:13,877 [INFO] auhip.audio.snap_detector: Snap detected! Energy: 0.0219, Avg: 0.0013
2026-05-13 03:56:15,779 [INFO] auhip.audio.snap_detector: Sound detected! Energy: 0.0120
2026-05-13 03:56:15,873 [INFO] auhip.audio.snap_detector: Snap detector activated.
2026-05-13 03:56:22,804 [INFO] auhip.audio.snap_detector: Sound detected! Energy: 0.0116
2026-05-13 03:56:22,804 [INFO] auhip.audio.snap_detector: Snap detected! Energy: 0.0116, Avg: 0.0010
2026-05-13 03:56:23,296 [INFO] auhip.audio.snap_detector: Snap detected! Energy: 0.0646, Avg: 0.0029
2026-05-13 03:56:23,301 [INFO] auhip.audio.speech_recognition: Vosk is listening (shared stream)...
2026-05-13 03:56:23,678 [INFO] auhip.audio.snap_detector: Snap detected! Energy: 0.0495, Avg: 0.0054
2026-05-13 03:56:23,813 [INFO] auhip.audio.snap_detector: Sound detected! Energy: 0.0109
2026-05-13 03:56:24,929 [INFO] auhip.audio.speech_recognition: Vosk Recognized: "daddy home"
2026-05-13 03:56:24,931 [INFO] auhip.audio.snap_detector: Snap detector deactivated.
2026-05-13 03:56:24,931 [INFO] auhip.vision.worker: Vision mode set to: none
2026-05-13 03:56:25,059 [INFO] auhip.audio.speech_recognition: Vosk is listening (shared stream)...
2026-05-13 03:56:29,570 [INFO] auhip.audio.speech_recognition: Vosk Recognized: "what modo are you"
2026-05-13 03:56:29,571 [INFO] auhip.audio.speech_recognition: Vosk recognized 'what modo are you', but it doesn't match a command. Falling back to Google...
2026-05-13 03:56:29,571 [INFO] auhip.audio.speech_recognition: Requesting Google Cloud fallback recognition...
2026-05-13 03:56:30,108 [INFO] auhip.audio.speech_recognition: Google Fallback Recognized: 'what model are you'
2026-05-13 03:56:30,115 [INFO] auhip.core.llm.router: Dispatching intent processing for prompt: 'what model are you'
2026-05-13 03:56:30,661 [INFO] auhip.core.llm.local_model: Discovered local model does not natively support tools. Caching state and retrying payload gracefully...
2026-05-13 03:56:32,303 [WARNING] auhip.core.llm.response_parser: Malformed structured JSON received from local: Expecting value: line 3 column 18 (char 67). Activating heuristic projection.
2026-05-13 03:56:32,303 [WARNING] auhip.core.llm.escalation: Local routing confidence (0.5) below acceptable threshold (0.7). Triggering escalation.
2026-05-13 03:56:32,304 [INFO] auhip.core.llm.router: Escalating reasoning request to Layer 3 cloud neural infrastructure.
2026-05-13 03:56:37,452 [INFO] auhip.core.llm.router: Finalized structural resolution: Intent='model_identification', Confidence=1.00, Tool=None
2026-05-13 03:56:37,501 [INFO] auhip.audio.speech_recognition: Vosk is listening (shared stream)...
2026-05-13 03:56:47,551 [INFO] auhip.audio.speech_recognition: Requesting Google Cloud fallback recognition...
2026-05-13 03:56:48,218 [INFO] auhip.audio.speech_recognition: Vosk is listening (shared stream)...
2026-05-13 03:58:20,234 [INFO] auhip: Starting auhip Assistant...
2026-05-13 03:58:20,270 [INFO] auhip.core.agent: Hybrid local-first orchestration layer initialised.
2026-05-13 03:58:21,425 [INFO] auhip.core.state_machine: State Machine started in STANDBY.
2026-05-13 03:58:21,428 [INFO] auhip.audio.speech_recognition: Loading Vosk model from: vosk-model-small-en-us-0.15
2026-05-13 03:58:21,960 [INFO] auhip.audio.speech_recognition: Vosk initialized successfully.
2026-05-13 03:58:22,016 [INFO] auhip.audio.microphone: Microphone stream started (Device: Default).
2026-05-13 03:58:22,017 [INFO] auhip.audio.snap_detector: Snap detector activated.
2026-05-13 03:58:22,017 [INFO] auhip: auhip is ready.
2026-05-13 03:58:22,017 [INFO] auhip:   Wake phrase    : 'daddy home'
2026-05-13 03:58:22,017 [INFO] auhip:   Shutdown phrase: 'goodbye jojo'
2026-05-13 03:58:24,110 [INFO] auhip.audio.snap_detector: Snap detected! Energy: 0.0064, Avg: 0.0010
2026-05-13 03:58:26,106 [INFO] auhip.audio.snap_detector: Snap detector activated.
2026-05-13 03:58:30,660 [INFO] auhip.audio.snap_detector: Sound detected! Energy: 0.0116
2026-05-13 03:58:30,661 [INFO] auhip.audio.snap_detector: Snap detected! Energy: 0.0116, Avg: 0.0010
2026-05-13 03:58:32,652 [INFO] auhip.audio.snap_detector: Snap detector activated.
2026-05-13 03:58:35,440 [INFO] auhip.audio.snap_detector: Sound detected! Energy: 0.0323
2026-05-13 03:58:35,440 [INFO] auhip.audio.snap_detector: Snap detected! Energy: 0.0323, Avg: 0.0010
2026-05-13 03:58:35,816 [INFO] auhip.audio.snap_detector: Snap detected! Energy: 0.0098, Avg: 0.0016
2026-05-13 03:58:35,820 [INFO] auhip.audio.speech_recognition: Vosk is listening (shared stream)...
2026-05-13 03:58:37,202 [INFO] auhip.audio.speech_recognition: Vosk Recognized: "[unk] daddy home"
2026-05-13 03:58:37,204 [INFO] auhip.audio.snap_detector: Snap detector deactivated.
2026-05-13 03:58:37,204 [INFO] auhip.vision.worker: Vision mode set to: none
2026-05-13 03:58:37,323 [INFO] auhip.audio.speech_recognition: Vosk is listening (shared stream)...
2026-05-13 03:58:43,944 [INFO] auhip.audio.speech_recognition: Vosk Recognized: "what modo are you"
2026-05-13 03:58:43,946 [INFO] auhip.audio.speech_recognition: Vosk recognized 'what modo are you', but it doesn't match a command. Falling back to Google...
2026-05-13 03:58:43,946 [INFO] auhip.audio.speech_recognition: Requesting Google Cloud fallback recognition...
2026-05-13 03:58:44,600 [INFO] auhip.audio.speech_recognition: Google Fallback Recognized: 'what model are you'
2026-05-13 03:58:44,607 [INFO] auhip.core.llm.router: Dispatching intent processing for prompt: 'what model are you'
2026-05-13 03:58:45,168 [INFO] auhip.core.llm.local_model: Discovered local model does not natively support tools. Caching state and retrying payload gracefully...
2026-05-13 03:58:46,868 [WARNING] auhip.core.llm.response_parser: Malformed structured JSON received from local: Expecting value: line 1 column 1 (char 0). Extracted segment: 'I am an AI language model. I do not have a specific "model" in the traditional sense. Instead, my capabilities and abilities are based on my training data and algorithms.'. Activating heuristic projection.
2026-05-13 03:58:46,869 [WARNING] auhip.core.llm.escalation: Local routing confidence (0.5) below acceptable threshold (0.7). Triggering escalation.
2026-05-13 03:58:46,869 [INFO] auhip.core.llm.router: Escalating reasoning request to Layer 3 cloud neural infrastructure.
2026-05-13 03:58:47,204 [ERROR] auhip.core.llm.cloud_model: Gemini API failure (429): {
  "error": {
    "code": 429,
    "message": "You exceeded your current quota, please check your plan and billing details. For more information on this error, head to: https://ai.google.dev/gemini-api/docs/rate-limits. To monitor your current usage, head to: https://ai.dev/rate-limit. \n* Quota exceeded for metric: generativelanguage.googleapis.com/generate_content_free_tier_requests, limit: 20, model: gemini-3-flash\nPlease retry in 13.122439208s.",
    "status": "RESOURCE_EXHAUSTED",
    "details": [
      {
        "@type": "type.googleapis.com/google.rpc.Help",
        "links": [
          {
            "description": "Learn more about Gemini API quotas",
            "url": "https://ai.google.dev/gemini-api/docs/rate-limits"
          }
        ]
      },
      {
        "@type": "type.googleapis.com/google.rpc.QuotaFailure",
        "violations": [
          {
            "quotaMetric": "generativelanguage.googleapis.com/generate_content_free_tier_requests",
            "quotaId": "GenerateRequestsPerDayPerProjectPerModel-FreeTier",
            "quotaDimensions": {
              "location": "global",
              "model": "gemini-3-flash"
            },
            "quotaValue": "20"
          }
        ]
      },
      {
        "@type": "type.googleapis.com/google.rpc.RetryInfo",
        "retryDelay": "13s"
      }
    ]
  }
}

2026-05-13 03:58:48,344 [ERROR] auhip.core.llm.cloud_model: Gemini API failure (429): {
  "error": {
    "code": 429,
    "message": "You exceeded your current quota, please check your plan and billing details. For more information on this error, head to: https://ai.google.dev/gemini-api/docs/rate-limits. To monitor your current usage, head to: https://ai.dev/rate-limit. \n* Quota exceeded for metric: generativelanguage.googleapis.com/generate_content_free_tier_requests, limit: 20, model: gemini-3-flash\nPlease retry in 11.984003185s.",
    "status": "RESOURCE_EXHAUSTED",
    "details": [
      {
        "@type": "type.googleapis.com/google.rpc.Help",
        "links": [
          {
            "description": "Learn more about Gemini API quotas",
            "url": "https://ai.google.dev/gemini-api/docs/rate-limits"
          }
        ]
      },
      {
        "@type": "type.googleapis.com/google.rpc.QuotaFailure",
        "violations": [
          {
            "quotaMetric": "generativelanguage.googleapis.com/generate_content_free_tier_requests",
            "quotaId": "GenerateRequestsPerDayPerProjectPerModel-FreeTier",
            "quotaDimensions": {
              "model": "gemini-3-flash",
              "location": "global"
            },
            "quotaValue": "20"
          }
        ]
      },
      {
        "@type": "type.googleapis.com/google.rpc.RetryInfo",
        "retryDelay": "11s"
      }
    ]
  }
}

2026-05-13 03:58:50,476 [ERROR] auhip.core.llm.cloud_model: Gemini API failure (429): {
  "error": {
    "code": 429,
    "message": "You exceeded your current quota, please check your plan and billing details. For more information on this error, head to: https://ai.google.dev/gemini-api/docs/rate-limits. To monitor your current usage, head to: https://ai.dev/rate-limit. \n* Quota exceeded for metric: generativelanguage.googleapis.com/generate_content_free_tier_requests, limit: 20, model: gemini-3-flash\nPlease retry in 9.85238877s.",
    "status": "RESOURCE_EXHAUSTED",
    "details": [
      {
        "@type": "type.googleapis.com/google.rpc.Help",
        "links": [
          {
            "description": "Learn more about Gemini API quotas",
            "url": "https://ai.google.dev/gemini-api/docs/rate-limits"
          }
        ]
      },
      {
        "@type": "type.googleapis.com/google.rpc.QuotaFailure",
        "violations": [
          {
            "quotaMetric": "generativelanguage.googleapis.com/generate_content_free_tier_requests",
            "quotaId": "GenerateRequestsPerDayPerProjectPerModel-FreeTier",
            "quotaDimensions": {
              "location": "global",
              "model": "gemini-3-flash"
            },
            "quotaValue": "20"
          }
        ]
      },
      {
        "@type": "type.googleapis.com/google.rpc.RetryInfo",
        "retryDelay": "9s"
      }
    ]
  }
}

2026-05-13 03:58:54,470 [INFO] auhip.core.llm.router: Finalized structural resolution: Intent='chat', Confidence=0.50, Tool=None
2026-05-13 03:58:54,510 [INFO] auhip.audio.speech_recognition: Vosk is listening (shared stream)...
2026-05-13 03:59:04,561 [INFO] auhip.audio.speech_recognition: Requesting Google Cloud fallback recognition...
2026-05-13 03:59:05,174 [INFO] auhip.audio.speech_recognition: Vosk is listening (shared stream)...
2026-05-13 03:59:15,198 [INFO] auhip.audio.speech_recognition: Requesting Google Cloud fallback recognition...
2026-05-13 03:59:15,793 [INFO] auhip.audio.speech_recognition: Vosk is listening (shared stream)...
2026-05-13 03:59:25,848 [INFO] auhip.audio.speech_recognition: Requesting Google Cloud fallback recognition...
2026-05-13 03:59:26,505 [INFO] auhip.audio.speech_recognition: Vosk is listening (shared stream)...
2026-05-13 03:59:36,522 [INFO] auhip.audio.speech_recognition: Requesting Google Cloud fallback recognition...
2026-05-13 03:59:37,207 [INFO] auhip.audio.speech_recognition: Vosk is listening (shared stream)...
2026-05-13 03:59:47,242 [INFO] auhip.audio.speech_recognition: Requesting Google Cloud fallback recognition...
2026-05-13 03:59:57,189 [INFO] auhip: Starting auhip Assistant...
2026-05-13 03:59:57,241 [INFO] auhip.core.agent: Hybrid local-first orchestration layer initialised.
2026-05-13 03:59:58,243 [INFO] auhip.core.state_machine: State Machine started in STANDBY.
2026-05-13 03:59:58,248 [INFO] auhip.audio.speech_recognition: Loading Vosk model from: vosk-model-small-en-us-0.15
2026-05-13 03:59:58,788 [INFO] auhip.audio.speech_recognition: Vosk initialized successfully.
2026-05-13 03:59:58,846 [INFO] auhip.audio.microphone: Microphone stream started (Device: Default).
2026-05-13 03:59:58,846 [INFO] auhip.audio.snap_detector: Snap detector activated.
2026-05-13 03:59:58,846 [INFO] auhip: auhip is ready.
2026-05-13 03:59:58,846 [INFO] auhip:   Wake phrase    : 'daddy home'
2026-05-13 03:59:58,846 [INFO] auhip:   Shutdown phrase: 'goodbye jojo'
2026-05-13 04:00:00,844 [INFO] auhip.audio.snap_detector: Sound detected! Energy: 0.0610
2026-05-13 04:00:00,844 [INFO] auhip.audio.snap_detector: Snap detected! Energy: 0.0610, Avg: 0.0013
2026-05-13 04:00:01,264 [INFO] auhip.audio.snap_detector: Snap detected! Energy: 0.0308, Avg: 0.0042
2026-05-13 04:00:01,268 [INFO] auhip.audio.speech_recognition: Vosk is listening (shared stream)...
2026-05-13 04:00:02,655 [INFO] auhip.audio.speech_recognition: Vosk Recognized: "[unk] daddy home"
2026-05-13 04:00:02,655 [INFO] auhip.audio.snap_detector: Snap detector deactivated.
2026-05-13 04:00:02,657 [INFO] auhip.vision.worker: Vision mode set to: none
2026-05-13 04:00:02,838 [INFO] auhip.audio.speech_recognition: Vosk is listening (shared stream)...
2026-05-13 04:00:08,977 [INFO] auhip.audio.speech_recognition: Vosk Recognized: "hi how are you"
2026-05-13 04:00:08,978 [INFO] auhip.audio.speech_recognition: Vosk recognized 'hi how are you', but it doesn't match a command. Falling back to Google...
2026-05-13 04:00:08,978 [INFO] auhip.audio.speech_recognition: Requesting Google Cloud fallback recognition...
2026-05-13 04:00:09,564 [INFO] auhip.audio.speech_recognition: Google Fallback Recognized: 'hi how are you'
2026-05-13 04:00:09,571 [INFO] auhip.core.llm.router: Dispatching intent processing for prompt: 'hi how are you'
2026-05-13 04:00:10,144 [INFO] auhip.core.llm.local_model: Discovered local model does not natively support tools. Caching state and retrying payload gracefully...
2026-05-13 04:00:11,066 [WARNING] auhip.core.llm.response_parser: Malformed structured JSON received from local: Expecting value: line 1 column 1 (char 0). Extracted segment: "Hello! I'm doing well, thank you for asking. How about you?". Activating heuristic projection.
2026-05-13 04:00:11,067 [WARNING] auhip.core.llm.escalation: Local routing confidence (0.5) below acceptable threshold (0.7). Triggering escalation.
2026-05-13 04:00:11,067 [INFO] auhip.core.llm.router: Escalating reasoning request to Layer 3 cloud neural infrastructure.
2026-05-13 04:00:11,417 [ERROR] auhip.core.llm.cloud_model: Gemini API failure (429): {
  "error": {
    "code": 429,
    "message": "You exceeded your current quota, please check your plan and billing details. For more information on this error, head to: https://ai.google.dev/gemini-api/docs/rate-limits. To monitor your current usage, head to: https://ai.dev/rate-limit. \n* Quota exceeded for metric: generativelanguage.googleapis.com/generate_content_free_tier_requests, limit: 20, model: gemini-3-flash\nPlease retry in 48.910499385s.",
    "status": "RESOURCE_EXHAUSTED",
    "details": [
      {
        "@type": "type.googleapis.com/google.rpc.Help",
        "links": [
          {
            "description": "Learn more about Gemini API quotas",
            "url": "https://ai.google.dev/gemini-api/docs/rate-limits"
          }
        ]
      },
      {
        "@type": "type.googleapis.com/google.rpc.QuotaFailure",
        "violations": [
          {
            "quotaMetric": "generativelanguage.googleapis.com/generate_content_free_tier_requests",
            "quotaId": "GenerateRequestsPerDayPerProjectPerModel-FreeTier",
            "quotaDimensions": {
              "location": "global",
              "model": "gemini-3-flash"
            },
            "quotaValue": "20"
          }
        ]
      },
      {
        "@type": "type.googleapis.com/google.rpc.RetryInfo",
        "retryDelay": "48s"
      }
    ]
  }
}

2026-05-13 04:00:12,553 [ERROR] auhip.core.llm.cloud_model: Gemini API failure (429): {
  "error": {
    "code": 429,
    "message": "You exceeded your current quota, please check your plan and billing details. For more information on this error, head to: https://ai.google.dev/gemini-api/docs/rate-limits. To monitor your current usage, head to: https://ai.dev/rate-limit. \n* Quota exceeded for metric: generativelanguage.googleapis.com/generate_content_free_tier_requests, limit: 20, model: gemini-3-flash\nPlease retry in 47.774439003s.",
    "status": "RESOURCE_EXHAUSTED",
    "details": [
      {
        "@type": "type.googleapis.com/google.rpc.Help",
        "links": [
          {
            "description": "Learn more about Gemini API quotas",
            "url": "https://ai.google.dev/gemini-api/docs/rate-limits"
          }
        ]
      },
      {
        "@type": "type.googleapis.com/google.rpc.QuotaFailure",
        "violations": [
          {
            "quotaMetric": "generativelanguage.googleapis.com/generate_content_free_tier_requests",
            "quotaId": "GenerateRequestsPerDayPerProjectPerModel-FreeTier",
            "quotaDimensions": {
              "location": "global",
              "model": "gemini-3-flash"
            },
            "quotaValue": "20"
          }
        ]
      },
      {
        "@type": "type.googleapis.com/google.rpc.RetryInfo",
        "retryDelay": "47s"
      }
    ]
  }
}

2026-05-13 04:00:14,682 [ERROR] auhip.core.llm.cloud_model: Gemini API failure (429): {
  "error": {
    "code": 429,
    "message": "You exceeded your current quota, please check your plan and billing details. For more information on this error, head to: https://ai.google.dev/gemini-api/docs/rate-limits. To monitor your current usage, head to: https://ai.dev/rate-limit. \n* Quota exceeded for metric: generativelanguage.googleapis.com/generate_content_free_tier_requests, limit: 20, model: gemini-3-flash\nPlease retry in 45.64570778s.",
    "status": "RESOURCE_EXHAUSTED",
    "details": [
      {
        "@type": "type.googleapis.com/google.rpc.Help",
        "links": [
          {
            "description": "Learn more about Gemini API quotas",
            "url": "https://ai.google.dev/gemini-api/docs/rate-limits"
          }
        ]
      },
      {
        "@type": "type.googleapis.com/google.rpc.QuotaFailure",
        "violations": [
          {
            "quotaMetric": "generativelanguage.googleapis.com/generate_content_free_tier_requests",
            "quotaId": "GenerateRequestsPerDayPerProjectPerModel-FreeTier",
            "quotaDimensions": {
              "location": "global",
              "model": "gemini-3-flash"
            },
            "quotaValue": "20"
          }
        ]
      },
      {
        "@type": "type.googleapis.com/google.rpc.RetryInfo",
        "retryDelay": "45s"
      }
    ]
  }
}

2026-05-13 04:00:18,688 [INFO] auhip.core.llm.router: Finalized structural resolution: Intent='chat', Confidence=0.50, Tool=None
2026-05-13 04:00:18,734 [INFO] auhip.audio.speech_recognition: Vosk is listening (shared stream)...
2026-05-13 04:00:26,158 [INFO] auhip.audio.speech_recognition: Vosk Recognized: "i'm fine can do tell me about yourself"
2026-05-13 04:00:26,158 [INFO] auhip.audio.speech_recognition: Vosk recognized 'i'm fine can do tell me about yourself', but it doesn't match a command. Falling back to Google...
2026-05-13 04:00:26,158 [INFO] auhip.audio.speech_recognition: Requesting Google Cloud fallback recognition...
2026-05-13 04:00:26,898 [INFO] auhip.audio.speech_recognition: Google Fallback Recognized: 'i'm fine can you tell me about yourself'
2026-05-13 04:00:26,907 [INFO] auhip.core.llm.router: Dispatching intent processing for prompt: 'i'm fine can you tell me about yourself'
2026-05-13 04:00:28,525 [WARNING] auhip.core.llm.response_parser: Malformed structured JSON received from local: Expecting value: line 1 column 1 (char 0). Extracted segment: "Sure, I'd be happy to share some information about myself.\nFirstly, I'm a language model AI developed by Alibaba Cloud. My primary function is to assist users in generating text, answering questions, and providing general assistance.". Activating heuristic projection.
2026-05-13 04:00:28,525 [WARNING] auhip.core.llm.escalation: Local routing confidence (0.5) below acceptable threshold (0.7). Triggering escalation.
2026-05-13 04:00:28,525 [INFO] auhip.core.llm.router: Escalating reasoning request to Layer 3 cloud neural infrastructure.
2026-05-13 04:00:28,651 [ERROR] auhip.core.llm.cloud_model: Gemini API failure (429): {
  "error": {
    "code": 429,
    "message": "You exceeded your current quota, please check your plan and billing details. For more information on this error, head to: https://ai.google.dev/gemini-api/docs/rate-limits. To monitor your current usage, head to: https://ai.dev/rate-limit. \n* Quota exceeded for metric: generativelanguage.googleapis.com/generate_content_free_tier_requests, limit: 20, model: gemini-3-flash\nPlease retry in 31.677716061s.",
    "status": "RESOURCE_EXHAUSTED",
    "details": [
      {
        "@type": "type.googleapis.com/google.rpc.Help",
        "links": [
          {
            "description": "Learn more about Gemini API quotas",
            "url": "https://ai.google.dev/gemini-api/docs/rate-limits"
          }
        ]
      },
      {
        "@type": "type.googleapis.com/google.rpc.QuotaFailure",
        "violations": [
          {
            "quotaMetric": "generativelanguage.googleapis.com/generate_content_free_tier_requests",
            "quotaId": "GenerateRequestsPerDayPerProjectPerModel-FreeTier",
            "quotaDimensions": {
              "location": "global",
              "model": "gemini-3-flash"
            },
            "quotaValue": "20"
          }
        ]
      },
      {
        "@type": "type.googleapis.com/google.rpc.RetryInfo",
        "retryDelay": "31s"
      }
    ]
  }
}

2026-05-13 04:00:29,780 [ERROR] auhip.core.llm.cloud_model: Gemini API failure (429): {
  "error": {
    "code": 429,
    "message": "You exceeded your current quota, please check your plan and billing details. For more information on this error, head to: https://ai.google.dev/gemini-api/docs/rate-limits. To monitor your current usage, head to: https://ai.dev/rate-limit. \n* Quota exceeded for metric: generativelanguage.googleapis.com/generate_content_free_tier_requests, limit: 20, model: gemini-3-flash\nPlease retry in 30.547468693s.",
    "status": "RESOURCE_EXHAUSTED",
    "details": [
      {
        "@type": "type.googleapis.com/google.rpc.Help",
        "links": [
          {
            "description": "Learn more about Gemini API quotas",
            "url": "https://ai.google.dev/gemini-api/docs/rate-limits"
          }
        ]
      },
      {
        "@type": "type.googleapis.com/google.rpc.QuotaFailure",
        "violations": [
          {
            "quotaMetric": "generativelanguage.googleapis.com/generate_content_free_tier_requests",
            "quotaId": "GenerateRequestsPerDayPerProjectPerModel-FreeTier",
            "quotaDimensions": {
              "location": "global",
              "model": "gemini-3-flash"
            },
            "quotaValue": "20"
          }
        ]
      },
      {
        "@type": "type.googleapis.com/google.rpc.RetryInfo",
        "retryDelay": "30s"
      }
    ]
  }
}

2026-05-13 04:00:31,916 [ERROR] auhip.core.llm.cloud_model: Gemini API failure (429): {
  "error": {
    "code": 429,
    "message": "You exceeded your current quota, please check your plan and billing details. For more information on this error, head to: https://ai.google.dev/gemini-api/docs/rate-limits. To monitor your current usage, head to: https://ai.dev/rate-limit. \n* Quota exceeded for metric: generativelanguage.googleapis.com/generate_content_free_tier_requests, limit: 20, model: gemini-3-flash\nPlease retry in 28.410670086s.",
    "status": "RESOURCE_EXHAUSTED",
    "details": [
      {
        "@type": "type.googleapis.com/google.rpc.Help",
        "links": [
          {
            "description": "Learn more about Gemini API quotas",
            "url": "https://ai.google.dev/gemini-api/docs/rate-limits"
          }
        ]
      },
      {
        "@type": "type.googleapis.com/google.rpc.QuotaFailure",
        "violations": [
          {
            "quotaMetric": "generativelanguage.googleapis.com/generate_content_free_tier_requests",
            "quotaId": "GenerateRequestsPerDayPerProjectPerModel-FreeTier",
            "quotaDimensions": {
              "location": "global",
              "model": "gemini-3-flash"
            },
            "quotaValue": "20"
          }
        ]
      },
      {
        "@type": "type.googleapis.com/google.rpc.RetryInfo",
        "retryDelay": "28s"
      }
    ]
  }
}

2026-05-13 04:00:35,915 [INFO] auhip.core.llm.router: Finalized structural resolution: Intent='chat', Confidence=0.50, Tool=None
2026-05-13 04:00:35,961 [INFO] auhip.audio.speech_recognition: Vosk is listening (shared stream)...
2026-05-13 04:00:45,996 [INFO] auhip.audio.speech_recognition: Requesting Google Cloud fallback recognition...
2026-05-13 04:00:46,671 [INFO] auhip.audio.speech_recognition: Vosk is listening (shared stream)...
2026-05-13 04:00:49,710 [INFO] auhip.audio.speech_recognition: Vosk Recognized: "what kind of bordeaux are you"
2026-05-13 04:00:49,710 [INFO] auhip.audio.speech_recognition: Vosk recognized 'what kind of bordeaux are you', but it doesn't match a command. Falling back to Google...
2026-05-13 04:00:49,710 [INFO] auhip.audio.speech_recognition: Requesting Google Cloud fallback recognition...
2026-05-13 04:00:50,330 [INFO] auhip.audio.speech_recognition: Google Fallback Recognized: 'what kind of model are you'
2026-05-13 04:00:50,342 [INFO] auhip.core.llm.router: Dispatching intent processing for prompt: 'what kind of model are you'
2026-05-13 04:00:51,913 [WARNING] auhip.core.llm.response_parser: Malformed structured JSON received from local: Expecting value: line 1 column 1 (char 0). Extracted segment: "I'm sorry, but I don't have enough information to answer your question accurately. Can you please provide me with more context or details about the model you're referring to? I'll do my best to help you.". Activating heuristic projection.
2026-05-13 04:00:51,913 [WARNING] auhip.core.llm.escalation: Local routing confidence (0.5) below acceptable threshold (0.7). Triggering escalation.
2026-05-13 04:00:51,914 [INFO] auhip.core.llm.router: Escalating reasoning request to Layer 3 cloud neural infrastructure.
2026-05-13 04:00:52,057 [ERROR] auhip.core.llm.cloud_model: Gemini API failure (429): {
  "error": {
    "code": 429,
    "message": "You exceeded your current quota, please check your plan and billing details. For more information on this error, head to: https://ai.google.dev/gemini-api/docs/rate-limits. To monitor your current usage, head to: https://ai.dev/rate-limit. \n* Quota exceeded for metric: generativelanguage.googleapis.com/generate_content_free_tier_requests, limit: 20, model: gemini-3-flash\nPlease retry in 8.272149006s.",
    "status": "RESOURCE_EXHAUSTED",
    "details": [
      {
        "@type": "type.googleapis.com/google.rpc.Help",
        "links": [
          {
            "description": "Learn more about Gemini API quotas",
            "url": "https://ai.google.dev/gemini-api/docs/rate-limits"
          }
        ]
      },
      {
        "@type": "type.googleapis.com/google.rpc.QuotaFailure",
        "violations": [
          {
            "quotaMetric": "generativelanguage.googleapis.com/generate_content_free_tier_requests",
            "quotaId": "GenerateRequestsPerDayPerProjectPerModel-FreeTier",
            "quotaDimensions": {
              "location": "global",
              "model": "gemini-3-flash"
            },
            "quotaValue": "20"
          }
        ]
      },
      {
        "@type": "type.googleapis.com/google.rpc.RetryInfo",
        "retryDelay": "8s"
      }
    ]
  }
}

2026-05-13 04:00:53,340 [ERROR] auhip.core.llm.cloud_model: Gemini API failure (429): {
  "error": {
    "code": 429,
    "message": "You exceeded your current quota, please check your plan and billing details. For more information on this error, head to: https://ai.google.dev/gemini-api/docs/rate-limits. To monitor your current usage, head to: https://ai.dev/rate-limit. \n* Quota exceeded for metric: generativelanguage.googleapis.com/generate_content_free_tier_requests, limit: 20, model: gemini-3-flash\nPlease retry in 6.98764685s.",
    "status": "RESOURCE_EXHAUSTED",
    "details": [
      {
        "@type": "type.googleapis.com/google.rpc.Help",
        "links": [
          {
            "description": "Learn more about Gemini API quotas",
            "url": "https://ai.google.dev/gemini-api/docs/rate-limits"
          }
        ]
      },
      {
        "@type": "type.googleapis.com/google.rpc.QuotaFailure",
        "violations": [
          {
            "quotaMetric": "generativelanguage.googleapis.com/generate_content_free_tier_requests",
            "quotaId": "GenerateRequestsPerDayPerProjectPerModel-FreeTier",
            "quotaDimensions": {
              "location": "global",
              "model": "gemini-3-flash"
            },
            "quotaValue": "20"
          }
        ]
      },
      {
        "@type": "type.googleapis.com/google.rpc.RetryInfo",
        "retryDelay": "6s"
      }
    ]
  }
}

2026-05-13 04:00:55,467 [ERROR] auhip.core.llm.cloud_model: Gemini API failure (429): {
  "error": {
    "code": 429,
    "message": "You exceeded your current quota, please check your plan and billing details. For more information on this error, head to: https://ai.google.dev/gemini-api/docs/rate-limits. To monitor your current usage, head to: https://ai.dev/rate-limit. \n* Quota exceeded for metric: generativelanguage.googleapis.com/generate_content_free_tier_requests, limit: 20, model: gemini-3-flash\nPlease retry in 4.861096805s.",
    "status": "RESOURCE_EXHAUSTED",
    "details": [
      {
        "@type": "type.googleapis.com/google.rpc.Help",
        "links": [
          {
            "description": "Learn more about Gemini API quotas",
            "url": "https://ai.google.dev/gemini-api/docs/rate-limits"
          }
        ]
      },
      {
        "@type": "type.googleapis.com/google.rpc.QuotaFailure",
        "violations": [
          {
            "quotaMetric": "generativelanguage.googleapis.com/generate_content_free_tier_requests",
            "quotaId": "GenerateRequestsPerDayPerProjectPerModel-FreeTier",
            "quotaDimensions": {
              "model": "gemini-3-flash",
              "location": "global"
            },
            "quotaValue": "20"
          }
        ]
      },
      {
        "@type": "type.googleapis.com/google.rpc.RetryInfo",
        "retryDelay": "4s"
      }
    ]
  }
}

2026-05-13 04:00:59,470 [INFO] auhip.core.llm.router: Finalized structural resolution: Intent='chat', Confidence=0.50, Tool=None
2026-05-13 04:00:59,527 [INFO] auhip.audio.speech_recognition: Vosk is listening (shared stream)...
2026-05-13 04:01:09,564 [INFO] auhip.audio.speech_recognition: Vosk Recognized (Final): "like said been i"
2026-05-13 04:01:09,564 [INFO] auhip.audio.speech_recognition: Vosk recognized 'like said been i', but it doesn't match a command. Falling back to Google...
2026-05-13 04:01:09,564 [INFO] auhip.audio.speech_recognition: Requesting Google Cloud fallback recognition...
2026-05-13 04:01:10,433 [INFO] auhip.audio.speech_recognition: Google Fallback Recognized: 'like 79'
2026-05-13 04:01:10,447 [INFO] auhip.core.llm.router: Dispatching intent processing for prompt: 'like 79'
2026-05-13 04:01:11,990 [WARNING] auhip.core.llm.response_parser: Malformed structured JSON received from local: Expecting value: line 1 column 1 (char 0). Extracted segment: "I'm sorry, but I don't understand what you're asking for. Could you please clarify your question or provide more context so that I can better understand and assist you with your request.". Activating heuristic projection.
2026-05-13 04:01:11,990 [WARNING] auhip.core.llm.escalation: Local routing confidence (0.5) below acceptable threshold (0.7). Triggering escalation.
2026-05-13 04:01:11,990 [INFO] auhip.core.llm.router: Escalating reasoning request to Layer 3 cloud neural infrastructure.
2026-05-13 04:01:12,266 [ERROR] auhip.core.llm.cloud_model: Gemini API failure (429): {
  "error": {
    "code": 429,
    "message": "You exceeded your current quota, please check your plan and billing details. For more information on this error, head to: https://ai.google.dev/gemini-api/docs/rate-limits. To monitor your current usage, head to: https://ai.dev/rate-limit. \n* Quota exceeded for metric: generativelanguage.googleapis.com/generate_content_free_tier_requests, limit: 20, model: gemini-3-flash\nPlease retry in 48.064551476s.",
    "status": "RESOURCE_EXHAUSTED",
    "details": [
      {
        "@type": "type.googleapis.com/google.rpc.Help",
        "links": [
          {
            "description": "Learn more about Gemini API quotas",
            "url": "https://ai.google.dev/gemini-api/docs/rate-limits"
          }
        ]
      },
      {
        "@type": "type.googleapis.com/google.rpc.QuotaFailure",
        "violations": [
          {
            "quotaMetric": "generativelanguage.googleapis.com/generate_content_free_tier_requests",
            "quotaId": "GenerateRequestsPerDayPerProjectPerModel-FreeTier",
            "quotaDimensions": {
              "location": "global",
              "model": "gemini-3-flash"
            },
            "quotaValue": "20"
          }
        ]
      },
      {
        "@type": "type.googleapis.com/google.rpc.RetryInfo",
        "retryDelay": "48s"
      }
    ]
  }
}

2026-05-13 04:01:13,413 [ERROR] auhip.core.llm.cloud_model: Gemini API failure (429): {
  "error": {
    "code": 429,
    "message": "You exceeded your current quota, please check your plan and billing details. For more information on this error, head to: https://ai.google.dev/gemini-api/docs/rate-limits. To monitor your current usage, head to: https://ai.dev/rate-limit. \n* Quota exceeded for metric: generativelanguage.googleapis.com/generate_content_free_tier_requests, limit: 20, model: gemini-3-flash\nPlease retry in 46.915080066s.",
    "status": "RESOURCE_EXHAUSTED",
    "details": [
      {
        "@type": "type.googleapis.com/google.rpc.Help",
        "links": [
          {
            "description": "Learn more about Gemini API quotas",
            "url": "https://ai.google.dev/gemini-api/docs/rate-limits"
          }
        ]
      },
      {
        "@type": "type.googleapis.com/google.rpc.QuotaFailure",
        "violations": [
          {
            "quotaMetric": "generativelanguage.googleapis.com/generate_content_free_tier_requests",
            "quotaId": "GenerateRequestsPerDayPerProjectPerModel-FreeTier",
            "quotaDimensions": {
              "model": "gemini-3-flash",
              "location": "global"
            },
            "quotaValue": "20"
          }
        ]
      },
      {
        "@type": "type.googleapis.com/google.rpc.RetryInfo",
        "retryDelay": "46s"
      }
    ]
  }
}

2026-05-13 04:01:15,535 [ERROR] auhip.core.llm.cloud_model: Gemini API failure (429): {
  "error": {
    "code": 429,
    "message": "You exceeded your current quota, please check your plan and billing details. For more information on this error, head to: https://ai.google.dev/gemini-api/docs/rate-limits. To monitor your current usage, head to: https://ai.dev/rate-limit. \n* Quota exceeded for metric: generativelanguage.googleapis.com/generate_content_free_tier_requests, limit: 20, model: gemini-3-flash\nPlease retry in 44.795438437s.",
    "status": "RESOURCE_EXHAUSTED",
    "details": [
      {
        "@type": "type.googleapis.com/google.rpc.Help",
        "links": [
          {
            "description": "Learn more about Gemini API quotas",
            "url": "https://ai.google.dev/gemini-api/docs/rate-limits"
          }
        ]
      },
      {
        "@type": "type.googleapis.com/google.rpc.QuotaFailure",
        "violations": [
          {
            "quotaMetric": "generativelanguage.googleapis.com/generate_content_free_tier_requests",
            "quotaId": "GenerateRequestsPerDayPerProjectPerModel-FreeTier",
            "quotaDimensions": {
              "model": "gemini-3-flash",
              "location": "global"
            },
            "quotaValue": "20"
          }
        ]
      },
      {
        "@type": "type.googleapis.com/google.rpc.RetryInfo",
        "retryDelay": "44s"
      }
    ]
  }
}

2026-05-13 04:01:19,530 [INFO] auhip.core.llm.router: Finalized structural resolution: Intent='chat', Confidence=0.50, Tool=None
2026-05-13 04:01:19,586 [INFO] auhip.audio.speech_recognition: Vosk is listening (shared stream)...
2026-05-13 04:01:25,739 [INFO] auhip.audio.speech_recognition: Vosk Recognized: "daddy i go on had london lo haga lower the last novel"
2026-05-13 04:01:25,740 [INFO] auhip.audio.speech_recognition: Vosk recognized 'daddy i go on had london lo haga lower the last novel', but it doesn't match a command. Falling back to Google...
2026-05-13 04:01:25,740 [INFO] auhip.audio.speech_recognition: Requesting Google Cloud fallback recognition...
2026-05-13 04:01:26,868 [INFO] auhip.audio.speech_recognition: Google Fallback Recognized: '3800 number'
2026-05-13 04:01:26,877 [INFO] auhip.core.llm.router: Dispatching intent processing for prompt: '3800 number'
2026-05-13 04:01:28,666 [WARNING] auhip.core.llm.response_parser: Malformed structured JSON received from local: Expecting value: line 1 column 1 (char 0). Extracted segment: 'The number 3800 is a positive integer. It has 5 digits, starting from the rightmost digit (which is 0), moving to the leftmost digit (which is 9). The sum of all the digits in this number is 47.'. Activating heuristic projection.
2026-05-13 04:01:28,667 [WARNING] auhip.core.llm.escalation: Local routing confidence (0.5) below acceptable threshold (0.7). Triggering escalation.
2026-05-13 04:01:28,667 [INFO] auhip.core.llm.router: Escalating reasoning request to Layer 3 cloud neural infrastructure.
2026-05-13 04:01:28,816 [ERROR] auhip.core.llm.cloud_model: Gemini API failure (429): {
  "error": {
    "code": 429,
    "message": "You exceeded your current quota, please check your plan and billing details. For more information on this error, head to: https://ai.google.dev/gemini-api/docs/rate-limits. To monitor your current usage, head to: https://ai.dev/rate-limit. \n* Quota exceeded for metric: generativelanguage.googleapis.com/generate_content_free_tier_requests, limit: 20, model: gemini-3-flash\nPlease retry in 31.515260195s.",
    "status": "RESOURCE_EXHAUSTED",
    "details": [
      {
        "@type": "type.googleapis.com/google.rpc.Help",
        "links": [
          {
            "description": "Learn more about Gemini API quotas",
            "url": "https://ai.google.dev/gemini-api/docs/rate-limits"
          }
        ]
      },
      {
        "@type": "type.googleapis.com/google.rpc.QuotaFailure",
        "violations": [
          {
            "quotaMetric": "generativelanguage.googleapis.com/generate_content_free_tier_requests",
            "quotaId": "GenerateRequestsPerDayPerProjectPerModel-FreeTier",
            "quotaDimensions": {
              "location": "global",
              "model": "gemini-3-flash"
            },
            "quotaValue": "20"
          }
        ]
      },
      {
        "@type": "type.googleapis.com/google.rpc.RetryInfo",
        "retryDelay": "31s"
      }
    ]
  }
}

2026-05-13 04:01:29,944 [ERROR] auhip.core.llm.cloud_model: Gemini API failure (429): {
  "error": {
    "code": 429,
    "message": "You exceeded your current quota, please check your plan and billing details. For more information on this error, head to: https://ai.google.dev/gemini-api/docs/rate-limits. To monitor your current usage, head to: https://ai.dev/rate-limit. \n* Quota exceeded for metric: generativelanguage.googleapis.com/generate_content_free_tier_requests, limit: 20, model: gemini-3-flash\nPlease retry in 30.384135991s.",
    "status": "RESOURCE_EXHAUSTED",
    "details": [
      {
        "@type": "type.googleapis.com/google.rpc.Help",
        "links": [
          {
            "description": "Learn more about Gemini API quotas",
            "url": "https://ai.google.dev/gemini-api/docs/rate-limits"
          }
        ]
      },
      {
        "@type": "type.googleapis.com/google.rpc.QuotaFailure",
        "violations": [
          {
            "quotaMetric": "generativelanguage.googleapis.com/generate_content_free_tier_requests",
            "quotaId": "GenerateRequestsPerDayPerProjectPerModel-FreeTier",
            "quotaDimensions": {
              "location": "global",
              "model": "gemini-3-flash"
            },
            "quotaValue": "20"
          }
        ]
      },
      {
        "@type": "type.googleapis.com/google.rpc.RetryInfo",
        "retryDelay": "30s"
      }
    ]
  }
}

2026-05-13 04:01:32,070 [ERROR] auhip.core.llm.cloud_model: Gemini API failure (429): {
  "error": {
    "code": 429,
    "message": "You exceeded your current quota, please check your plan and billing details. For more information on this error, head to: https://ai.google.dev/gemini-api/docs/rate-limits. To monitor your current usage, head to: https://ai.dev/rate-limit. \n* Quota exceeded for metric: generativelanguage.googleapis.com/generate_content_free_tier_requests, limit: 20, model: gemini-3-flash\nPlease retry in 28.259343975s.",
    "status": "RESOURCE_EXHAUSTED",
    "details": [
      {
        "@type": "type.googleapis.com/google.rpc.Help",
        "links": [
          {
            "description": "Learn more about Gemini API quotas",
            "url": "https://ai.google.dev/gemini-api/docs/rate-limits"
          }
        ]
      },
      {
        "@type": "type.googleapis.com/google.rpc.QuotaFailure",
        "violations": [
          {
            "quotaMetric": "generativelanguage.googleapis.com/generate_content_free_tier_requests",
            "quotaId": "GenerateRequestsPerDayPerProjectPerModel-FreeTier",
            "quotaDimensions": {
              "location": "global",
              "model": "gemini-3-flash"
            },
            "quotaValue": "20"
          }
        ]
      },
      {
        "@type": "type.googleapis.com/google.rpc.RetryInfo",
        "retryDelay": "28s"
      }
    ]
  }
}

2026-05-13 04:01:36,061 [INFO] auhip.core.llm.router: Finalized structural resolution: Intent='chat', Confidence=0.50, Tool=None
2026-05-13 04:01:36,095 [INFO] auhip.audio.speech_recognition: Vosk is listening (shared stream)...
2026-05-13 04:01:46,138 [INFO] auhip.audio.speech_recognition: Requesting Google Cloud fallback recognition...
2026-05-13 04:01:46,867 [INFO] auhip.audio.speech_recognition: Vosk is listening (shared stream)...
2026-05-13 04:01:56,917 [INFO] auhip.audio.speech_recognition: Requesting Google Cloud fallback recognition...
2026-05-13 04:01:57,509 [INFO] auhip.audio.speech_recognition: Vosk is listening (shared stream)...
2026-05-13 04:02:07,547 [INFO] auhip.audio.speech_recognition: Requesting Google Cloud fallback recognition...
2026-05-13 04:02:08,213 [INFO] auhip.audio.speech_recognition: Vosk is listening (shared stream)...
2026-05-13 04:02:18,226 [INFO] auhip.audio.speech_recognition: Requesting Google Cloud fallback recognition...
2026-05-13 04:02:18,963 [INFO] auhip.audio.speech_recognition: Vosk is listening (shared stream)...
2026-05-13 04:03:06,539 [INFO] auhip: Starting auhip Assistant...
2026-05-13 04:03:06,550 [INFO] auhip.core.agent: Hybrid local-first orchestration layer initialised.
2026-05-13 04:03:08,128 [INFO] auhip.core.state_machine: State Machine started in STANDBY.
2026-05-13 04:03:08,131 [INFO] auhip.audio.speech_recognition: Loading Vosk model from: vosk-model-small-en-us-0.15
2026-05-13 04:03:08,675 [INFO] auhip.audio.speech_recognition: Vosk initialized successfully.
2026-05-13 04:03:08,734 [INFO] auhip.audio.microphone: Microphone stream started (Device: Default).
2026-05-13 04:03:08,736 [INFO] auhip.audio.snap_detector: Snap detector activated.
2026-05-13 04:03:08,736 [INFO] auhip: auhip is ready.
2026-05-13 04:03:08,736 [INFO] auhip:   Wake phrase    : 'daddy home'
2026-05-13 04:03:08,736 [INFO] auhip:   Shutdown phrase: 'goodbye jojo'
2026-05-13 04:03:10,743 [INFO] auhip.audio.snap_detector: Sound detected! Energy: 0.0646
2026-05-13 04:03:10,743 [INFO] auhip.audio.snap_detector: Snap detected! Energy: 0.0646, Avg: 0.0021
2026-05-13 04:03:11,125 [INFO] auhip.audio.snap_detector: Snap detected! Energy: 0.0191, Avg: 0.0027
2026-05-13 04:03:11,133 [INFO] auhip.audio.speech_recognition: Vosk is listening (shared stream)...
2026-05-13 04:03:12,509 [INFO] auhip.audio.speech_recognition: Vosk Recognized: "[unk] daddy home"
2026-05-13 04:03:12,510 [INFO] auhip.audio.snap_detector: Snap detector deactivated.
2026-05-13 04:03:12,511 [INFO] auhip.vision.worker: Vision mode set to: none
2026-05-13 04:03:12,675 [INFO] auhip.audio.speech_recognition: Vosk is listening (shared stream)...
2026-05-13 04:03:17,155 [INFO] auhip.audio.speech_recognition: Vosk Recognized: "can you tell me more about yourself"
2026-05-13 04:03:17,155 [INFO] auhip.audio.speech_recognition: Vosk recognized 'can you tell me more about yourself', but it doesn't match a command. Falling back to Google...
2026-05-13 04:03:17,155 [INFO] auhip.audio.speech_recognition: Requesting Google Cloud fallback recognition...
2026-05-13 04:03:17,725 [INFO] auhip.audio.speech_recognition: Google Fallback Recognized: 'can you tell me more about yourself'
2026-05-13 04:03:17,733 [INFO] auhip.core.llm.router: Dispatching intent processing for prompt: 'can you tell me more about yourself'
2026-05-13 04:03:18,304 [INFO] auhip.core.llm.local_model: Discovered local model does not natively support tools. Caching state and retrying payload gracefully...
2026-05-13 04:03:19,534 [WARNING] auhip.core.llm.response_parser: Malformed structured JSON received from local: Expecting value: line 1 column 1 (char 0). Extracted segment: "As an AI language model, I don't have personal experiences or emotions. However, I can provide information and answer questions to the best of my abilities based on the data available to me.". Activating heuristic projection.
2026-05-13 04:03:19,534 [INFO] auhip.core.llm.router: Finalized structural resolution: Intent='chat', Confidence=0.50, Tool=None
2026-05-13 04:03:19,582 [INFO] auhip.audio.speech_recognition: Vosk is listening (shared stream)...
2026-05-13 04:03:29,608 [INFO] auhip.audio.speech_recognition: Requesting Google Cloud fallback recognition...
2026-05-13 04:03:30,249 [INFO] auhip.audio.speech_recognition: Vosk is listening (shared stream)...
2026-05-13 04:03:40,292 [INFO] auhip.audio.speech_recognition: Requesting Google Cloud fallback recognition...
2026-05-13 04:03:40,931 [INFO] auhip.audio.speech_recognition: Vosk is listening (shared stream)...
2026-05-13 04:03:50,971 [INFO] auhip.audio.speech_recognition: Requesting Google Cloud fallback recognition...
2026-05-13 04:03:51,581 [INFO] auhip.audio.speech_recognition: Vosk is listening (shared stream)...
2026-05-13 04:04:01,598 [INFO] auhip.audio.speech_recognition: Requesting Google Cloud fallback recognition...
2026-05-13 04:04:02,235 [INFO] auhip.audio.speech_recognition: Vosk is listening (shared stream)...
2026-05-13 04:04:12,273 [INFO] auhip.audio.speech_recognition: Requesting Google Cloud fallback recognition...
2026-05-13 04:04:12,941 [INFO] auhip.audio.speech_recognition: Vosk is listening (shared stream)...
2026-05-13 04:04:22,971 [INFO] auhip.audio.speech_recognition: Requesting Google Cloud fallback recognition...
2026-05-13 04:04:23,668 [INFO] auhip.audio.speech_recognition: Vosk is listening (shared stream)...
2026-05-13 04:04:25,514 [INFO] auhip.audio.speech_recognition: Vosk Recognized: "can you do"
2026-05-13 04:04:25,514 [INFO] auhip.audio.speech_recognition: Vosk recognized 'can you do', but it doesn't match a command. Falling back to Google...
2026-05-13 04:04:25,515 [INFO] auhip.audio.speech_recognition: Requesting Google Cloud fallback recognition...
2026-05-13 04:04:25,878 [INFO] auhip.audio.speech_recognition: Google Fallback Recognized: 'what can you do'
2026-05-13 04:04:25,889 [INFO] auhip.core.llm.router: Dispatching intent processing for prompt: 'what can you do'
2026-05-13 04:04:31,541 [WARNING] auhip.core.llm.response_parser: Malformed structured JSON received from local: Expecting value: line 1 column 1 (char 0). Extracted segment: "As an AI language model, I can perform a wide range of tasks, including:\n\n- Answering questions: I can help with any question you have, whether it's about science, history, literature, or anything else.\n\n- Providing information: I can help you find the information you need, whether it's about a specific topic, or about something more general.\n\n- Helping with writing: I can help you with any aspect of writing, whether it's about grammar, style, tone, voice, or anything else.\n\n- Providing feedback: I can help you get feedback on your work, whether it's about writing, coding, design, or anything else.\n\n- Offering suggestions: I can help you come up with suggestions for how to do something, whether it's about writing, coding, design, or anything else.\n\n- Providing guidance: I can help you get guidance on how to do something, whether it's about writing, coding, design, or anything else.\n\n- Offering support: I can help you get support on how to do something, whether it's about writing, coding, design, or anything else.\n\n- Providing assistance: I can help you get assistance on how to do something, whether it's about writing, coding, design, or anything else.\n\n- Offering guidance: I can help you get guidance on how to do something, whether it's about writing, coding, design, or anything else.\n\n- Providing support: I can help you get support on how to do something, whether it's about writing, coding, design, or anything else.\n\n- Offering assistance:". Activating heuristic projection.
2026-05-13 04:04:31,542 [INFO] auhip.core.llm.router: Finalized structural resolution: Intent='chat', Confidence=0.50, Tool=None
2026-05-13 04:04:31,592 [INFO] auhip.audio.speech_recognition: Vosk is listening (shared stream)...
2026-05-13 04:04:41,628 [INFO] auhip.audio.speech_recognition: Requesting Google Cloud fallback recognition...
2026-05-13 04:04:42,293 [INFO] auhip.audio.speech_recognition: Vosk is listening (shared stream)...
2026-05-13 04:04:45,343 [INFO] auhip.audio.speech_recognition: Vosk Recognized: "any order a imo do"
2026-05-13 04:04:45,343 [INFO] auhip.audio.speech_recognition: Vosk recognized 'any order a imo do', but it doesn't match a command. Falling back to Google...
2026-05-13 04:04:45,344 [INFO] auhip.audio.speech_recognition: Requesting Google Cloud fallback recognition...
2026-05-13 04:04:45,914 [INFO] auhip.audio.speech_recognition: Google Fallback Recognized: 'any other ai model'
2026-05-13 04:04:45,924 [INFO] auhip.core.llm.router: Dispatching intent processing for prompt: 'any other ai model'
2026-05-13 04:04:48,008 [WARNING] auhip.core.llm.response_parser: Malformed structured JSON received from local: Expecting value: line 1 column 1 (char 0). Extracted segment: "Yes, there are many other AI models available. Some examples include:\n\n  * Google's TensorFlow library\n  * Microsoft's Azure Machine Learning service\n  * IBM Watson's Natural Language Understanding service\n  * Amazon SageMaker's machine learning service\n  * DeepMind's AlphaGo and MuZero machine learning services\n\nThese are just a few examples of the many AI models available.". Activating heuristic projection.
2026-05-13 04:04:48,010 [INFO] auhip.core.llm.router: Finalized structural resolution: Intent='search_web', Confidence=0.50, Tool=search_web
2026-05-13 04:04:48,010 [INFO] auhip.core.llm.tool_manager: Orchestrating registered tool: search_web
2026-05-13 04:04:48,161 [ERROR] qasync._QEventLoop: Exception in callback Task.task_wakeup(<Future finished result=None>)
handle: <Handle Task.task_wakeup(<Future finished result=None>)>
Traceback (most recent call last):
  File "C:\Program Files\WindowsApps\PythonSoftwareFoundation.Python.3.11_3.11.2544.0_x64__qbz5n2kfra8p0\Lib\asyncio\events.py", line 84, in _run
    self._context.run(self._callback, *self._args)
RuntimeError: Cannot enter into task <Task pending name='Task-1' coro=<main() running at d:\Desktop\Code\personal\project\Jarvis_demo\main.py:91> wait_for=<Future finished result=None> cb=[_QEventLoop.run_until_complete.<locals>.stop() at D:\Desktop\Code\personal\project\Jarvis_demo\.venv\Lib\site-packages\qasync\__init__.py:423]> while another task <Task pending name='Task-107' coro=<search_web() running at d:\Desktop\Code\personal\project\Jarvis_demo\auhip\skills\information.py:17> cb=[_release_waiter(<Future pendi...ask_wakeup()]>)() at C:\Program Files\WindowsApps\PythonSoftwareFoundation.Python.3.11_3.11.2544.0_x64__qbz5n2kfra8p0\Lib\asyncio\tasks.py:431]> is being executed.
2026-05-13 04:04:48,224 [INFO] auhip.core.llm.tool_manager: Successfully finalized tool execution: search_web
2026-05-13 04:04:48,273 [INFO] auhip.audio.speech_recognition: Vosk is listening (shared stream)...
2026-05-13 04:04:58,320 [INFO] auhip.audio.speech_recognition: Vosk Recognized (Final): "and"
2026-05-13 04:04:58,320 [INFO] auhip.audio.speech_recognition: Vosk recognized 'and', but it doesn't match a command. Falling back to Google...
2026-05-13 04:04:58,322 [INFO] auhip.audio.speech_recognition: Requesting Google Cloud fallback recognition...
2026-05-13 04:04:59,172 [INFO] auhip.core.llm.router: Dispatching intent processing for prompt: 'and'
2026-05-13 04:05:00,505 [WARNING] auhip.core.llm.response_parser: Malformed structured JSON received from local: Expecting value: line 1 column 1 (char 0). Extracted segment: "I'm sorry, but I need more information in order to provide a helpful response. Can you please clarify your question?". Activating heuristic projection.
2026-05-13 04:05:00,506 [INFO] auhip.core.llm.router: Finalized structural resolution: Intent='chat', Confidence=0.50, Tool=None
2026-05-13 04:05:00,557 [INFO] auhip.audio.speech_recognition: Vosk is listening (shared stream)...
2026-05-13 04:05:10,565 [INFO] auhip.audio.speech_recognition: Vosk Recognized: "well"
2026-05-13 04:05:10,565 [INFO] auhip.audio.speech_recognition: Vosk recognized 'well', but it doesn't match a command. Falling back to Google...
2026-05-13 04:05:10,565 [INFO] auhip.audio.speech_recognition: Requesting Google Cloud fallback recognition...
2026-05-13 04:05:11,490 [ERROR] qasync._QEventLoop: Task was destroyed but it is pending!
task: <Task pending name='Task-1' coro=<main() running at d:\Desktop\Code\personal\project\Jarvis_demo\main.py:91> wait_for=<Future finished result=None>>
2026-05-13 04:05:31,107 [INFO] auhip: Starting auhip Assistant...
2026-05-13 04:05:31,127 [INFO] auhip.core.agent: Hybrid local-first orchestration layer initialised.
2026-05-13 04:05:32,127 [INFO] auhip.core.state_machine: State Machine started in STANDBY.
2026-05-13 04:05:32,130 [INFO] auhip.audio.speech_recognition: Loading Vosk model from: vosk-model-small-en-us-0.15
2026-05-13 04:05:32,659 [INFO] auhip.audio.speech_recognition: Vosk initialized successfully.
2026-05-13 04:05:32,724 [INFO] auhip.audio.microphone: Microphone stream started (Device: Default).
2026-05-13 04:05:32,725 [INFO] auhip.audio.snap_detector: Snap detector activated.
2026-05-13 04:05:32,725 [INFO] auhip: auhip is ready.
2026-05-13 04:05:32,725 [INFO] auhip:   Wake phrase    : 'daddy home'
2026-05-13 04:05:32,725 [INFO] auhip:   Shutdown phrase: 'goodbye jojo'
2026-05-13 04:05:33,279 [INFO] auhip.audio.snap_detector: Sound detected! Energy: 0.0536
2026-05-13 04:05:33,279 [INFO] auhip.audio.snap_detector: Snap detected! Energy: 0.0536, Avg: 0.0030
2026-05-13 04:05:33,712 [INFO] auhip.audio.snap_detector: Snap detected! Energy: 0.0869, Avg: 0.0060
2026-05-13 04:05:33,716 [INFO] auhip.audio.speech_recognition: Vosk is listening (shared stream)...
2026-05-13 04:05:34,967 [INFO] auhip.audio.snap_detector: Sound detected! Energy: 0.0208
2026-05-13 04:05:35,093 [INFO] auhip.audio.speech_recognition: Vosk Recognized: "[unk] daddy home"
2026-05-13 04:05:35,094 [INFO] auhip.audio.snap_detector: Snap detector deactivated.
2026-05-13 04:05:35,094 [INFO] auhip.vision.worker: Vision mode set to: none
2026-05-13 04:05:35,280 [INFO] auhip.audio.speech_recognition: Vosk is listening (shared stream)...
2026-05-13 04:05:37,884 [INFO] auhip.audio.speech_recognition: Vosk Recognized: "hi"
2026-05-13 04:05:37,891 [INFO] auhip.core.llm.router: Dispatching intent processing for prompt: 'hi'
2026-05-13 04:05:38,446 [INFO] auhip.core.llm.local_model: Discovered local model does not natively support tools. Caching state and retrying payload gracefully...
2026-05-13 04:05:39,764 [WARNING] auhip.core.llm.response_parser: Malformed structured JSON received from local: Expecting value: line 1 column 1 (char 0). Extracted segment: 'Hello! How can I assist you today?'. Activating heuristic projection.
2026-05-13 04:05:39,764 [INFO] auhip.core.llm.router: Finalized structural resolution: Intent='chat', Confidence=0.50, Tool=None
2026-05-13 04:05:39,807 [INFO] auhip.audio.speech_recognition: Vosk is listening (shared stream)...
2026-05-13 04:05:45,546 [INFO] auhip.audio.speech_recognition: Vosk Recognized: "can you tell me about yourself"
2026-05-13 04:05:45,555 [INFO] auhip.core.llm.router: Dispatching intent processing for prompt: 'can you tell me about yourself'
2026-05-13 04:05:49,323 [WARNING] auhip.core.llm.response_parser: Malformed structured JSON received from local: Expecting value: line 1 column 1 (char 0). Extracted segment: "Sure, I'd be happy to share some information about myself.\n\nFirstly, let's talk about my background. I was born and raised in a small town in the countryside. My parents were both farmers, so we had a lot of time spent outdoors working on our farms.\n\nAs I grew older, I became more interested in learning new things and exploring different areas of interest to me.\n\nOne area that I became increasingly interested in learning about and exploring was the field of artificial intelligence and machine learning.\n\nI became fascinated with the potential for artificial intelligence and machine learning to revolutionize many aspects of our lives, from healthcare and education to transportation and logistics.\n\nAs I continued to learn more about artificial intelligence and machine learning, I also began to explore other areas of interest to me, such as the field of psychology and human behavior.\n\nI became fascinated with the potential for psychological and human behavior research to help us better understand ourselves and others, and to develop more effective ways to improve our lives and the lives of those around us.". Activating heuristic projection.
2026-05-13 04:05:49,323 [INFO] auhip.core.llm.router: Finalized structural resolution: Intent='search_web', Confidence=0.50, Tool=search_web
2026-05-13 04:05:49,323 [INFO] auhip.core.llm.tool_manager: Orchestrating registered tool: search_web
2026-05-13 04:05:49,457 [ERROR] qasync._QEventLoop: Exception in callback Task.task_wakeup(<Future finished result=None>)
handle: <Handle Task.task_wakeup(<Future finished result=None>)>
Traceback (most recent call last):
  File "C:\Program Files\WindowsApps\PythonSoftwareFoundation.Python.3.11_3.11.2544.0_x64__qbz5n2kfra8p0\Lib\asyncio\events.py", line 84, in _run
    self._context.run(self._callback, *self._args)
RuntimeError: Cannot enter into task <Task pending name='Task-1' coro=<main() running at d:\Desktop\Code\personal\project\Jarvis_demo\main.py:91> wait_for=<Future finished result=None> cb=[_QEventLoop.run_until_complete.<locals>.stop() at D:\Desktop\Code\personal\project\Jarvis_demo\.venv\Lib\site-packages\qasync\__init__.py:423]> while another task <Task pending name='Task-71' coro=<search_web() running at d:\Desktop\Code\personal\project\Jarvis_demo\auhip\skills\information.py:17> cb=[_release_waiter(<Future pendi...ask_wakeup()]>)() at C:\Program Files\WindowsApps\PythonSoftwareFoundation.Python.3.11_3.11.2544.0_x64__qbz5n2kfra8p0\Lib\asyncio\tasks.py:431]> is being executed.
2026-05-13 04:05:49,515 [INFO] auhip.core.llm.tool_manager: Successfully finalized tool execution: search_web
2026-05-13 04:05:49,557 [INFO] auhip.audio.speech_recognition: Vosk is listening (shared stream)...
2026-05-13 04:05:59,598 [INFO] auhip.audio.speech_recognition: Requesting Google Cloud fallback recognition...
2026-05-13 04:06:00,271 [INFO] auhip.audio.speech_recognition: Vosk is listening (shared stream)...
2026-05-13 04:06:09,096 [INFO] auhip.audio.speech_recognition: Vosk Recognized: "what the fuck"
2026-05-13 04:06:09,105 [INFO] auhip.core.llm.router: Dispatching intent processing for prompt: 'what the fuck'
2026-05-13 04:06:10,365 [WARNING] auhip.core.llm.response_parser: Malformed structured JSON received from local: Expecting value: line 1 column 1 (char 0). Extracted segment: "I'm sorry, but I cannot provide any assistance with your request. If you have any other questions or concerns, please feel free to ask me again.". Activating heuristic projection.
2026-05-13 04:06:10,366 [INFO] auhip.core.llm.router: Finalized structural resolution: Intent='chat', Confidence=0.50, Tool=None
2026-05-13 04:06:10,396 [INFO] auhip.audio.speech_recognition: Vosk is listening (shared stream)...
2026-05-13 04:06:15,686 [INFO] auhip.audio.speech_recognition: Vosk Recognized: "as she lay there when good you have to file photo fraud"
2026-05-13 04:06:15,697 [INFO] auhip.core.llm.router: Dispatching intent processing for prompt: 'as she lay there when good you have to file photo fraud'
2026-05-13 04:06:16,966 [WARNING] auhip.core.llm.response_parser: Malformed structured JSON received from local: Expecting value: line 1 column 1 (char 0). Extracted segment: "I'm sorry, but I cannot provide any assistance with your request. If you have any other questions or concerns, please feel free to ask me again.". Activating heuristic projection.
2026-05-13 04:06:16,966 [INFO] auhip.core.llm.router: Finalized structural resolution: Intent='chat', Confidence=0.50, Tool=None
2026-05-13 04:06:16,998 [INFO] auhip.audio.speech_recognition: Vosk is listening (shared stream)...
2026-05-13 04:06:23,748 [INFO] auhip.audio.speech_recognition: Vosk Recognized: "the pain"
2026-05-13 04:06:23,861 [ERROR] qasync._QEventLoop: Task was destroyed but it is pending!
task: <Task pending name='Task-1' coro=<main() running at d:\Desktop\Code\personal\project\Jarvis_demo\main.py:91> wait_for=<Future finished result=None>>
2026-05-13 04:09:58,041 [INFO] auhip: Starting auhip Assistant...
2026-05-13 04:09:58,065 [INFO] auhip.core.agent: Hybrid local-first orchestration layer initialised.
2026-05-13 04:09:59,519 [INFO] auhip.core.state_machine: State Machine started in STANDBY.
2026-05-13 04:09:59,521 [INFO] auhip.audio.speech_recognition: Loading Vosk model from: vosk-model-small-en-us-0.15
2026-05-13 04:10:00,126 [INFO] auhip.audio.speech_recognition: Vosk initialized successfully.
2026-05-13 04:10:00,209 [INFO] auhip.audio.microphone: Microphone stream started (Device: Default).
2026-05-13 04:10:00,209 [INFO] auhip.audio.snap_detector: Snap detector activated.
2026-05-13 04:10:00,210 [INFO] auhip: auhip is ready.
2026-05-13 04:10:00,210 [INFO] auhip:   Wake phrase    : 'daddy home'
2026-05-13 04:10:00,210 [INFO] auhip:   Shutdown phrase: 'goodbye jojo'
2026-05-13 04:10:00,820 [INFO] auhip.audio.snap_detector: Sound detected! Energy: 0.0470
2026-05-13 04:10:00,820 [INFO] auhip.audio.snap_detector: Snap detected! Energy: 0.0470, Avg: 0.0021
2026-05-13 04:10:01,251 [INFO] auhip.audio.snap_detector: Snap detected! Energy: 0.0245, Avg: 0.0021
2026-05-13 04:10:01,255 [INFO] auhip.audio.speech_recognition: Vosk is listening (shared stream)...
2026-05-13 04:10:02,629 [INFO] auhip.audio.speech_recognition: Vosk Recognized: "daddy home"
2026-05-13 04:10:02,630 [INFO] auhip.audio.snap_detector: Snap detector deactivated.
2026-05-13 04:10:02,630 [INFO] auhip.vision.worker: Vision mode set to: none
2026-05-13 04:10:02,800 [INFO] auhip.audio.speech_recognition: Vosk is listening (shared stream)...
2026-05-13 04:10:05,830 [INFO] auhip.audio.speech_recognition: Vosk Recognized: "hi how are you"
2026-05-13 04:10:05,839 [INFO] auhip.core.llm.router: Dispatching intent processing for prompt: 'hi how are you'
2026-05-13 04:10:06,407 [INFO] auhip.core.llm.local_model: Discovered local model does not natively support tools. Caching state and retrying payload gracefully...
2026-05-13 04:10:12,784 [WARNING] auhip.core.llm.response_parser: Malformed structured JSON received from local: Expecting value: line 1 column 1 (char 0). Extracted segment: "##\n\n##\n\n##\n\n##\n\n##\n\n## of Jarvis is to be an AI system for a project management system for a project management system.\n\n# Jarvis' purpose to be a complete\n-voice chatbot, but the voice. 100% of the system to be a voice. 100% of the system - Voice\n-voice. 100% 100% 100% 100% 100% 100% 100% 100% 100% 100% 100 is to be a system that is 100% 100% 100. 100. 100's. 100. 100. 100\n-voice, 100 of the 1000 of 1000 1000 of 1000 of 1000 of 1000. 1000 to be a system 1000 is to be used to be 1000\n- 1000 of the voice of 1 Voice 1000 as an important 1000 to 10000000000000000000000000000000". Activating heuristic projection.
2026-05-13 04:10:12,785 [INFO] auhip.core.llm.router: Finalized structural resolution: Intent='chat', Confidence=0.50, Tool=None
2026-05-13 04:10:12,836 [INFO] auhip.audio.speech_recognition: Vosk is listening (shared stream)...
2026-05-13 04:10:18,841 [INFO] auhip.audio.speech_recognition: Vosk Recognized: "what does far"
2026-05-13 04:10:18,850 [INFO] auhip.core.llm.router: Dispatching intent processing for prompt: 'what does far'
2026-05-13 04:10:20,368 [WARNING] auhip.core.llm.response_parser: Malformed structured JSON received from local: Expecting value: line 1 column 1 (char 0). Extracted segment: '- Voice\n-voice. 10000000000000000000000000000000'. Activating heuristic projection.
2026-05-13 04:10:20,368 [INFO] auhip.core.llm.router: Finalized structural resolution: Intent='chat', Confidence=0.50, Tool=None
2026-05-13 04:10:20,401 [INFO] auhip.audio.speech_recognition: Vosk is listening (shared stream)...
2026-05-13 04:10:30,463 [INFO] auhip.audio.speech_recognition: Requesting Google Cloud fallback recognition...
2026-05-13 04:10:31,163 [INFO] auhip.audio.speech_recognition: Vosk is listening (shared stream)...
2026-05-13 04:10:37,790 [INFO] auhip.audio.speech_recognition: Vosk Recognized: "can you tell me about yourself"
2026-05-13 04:10:37,802 [INFO] auhip.core.llm.router: Dispatching intent processing for prompt: 'can you tell me about yourself'
2026-05-13 04:10:39,294 [WARNING] auhip.core.llm.response_parser: Malformed structured JSON received from local: Expecting value: line 1 column 1 (char 0). Extracted segment: 'is a system\n2\n 10000000000000000000000000000000'. Activating heuristic projection.
2026-05-13 04:10:39,296 [INFO] auhip.core.llm.router: Finalized structural resolution: Intent='chat', Confidence=0.50, Tool=None
2026-05-13 04:10:39,331 [INFO] auhip.audio.speech_recognition: Vosk is listening (shared stream)...
2026-05-13 04:10:47,723 [INFO] auhip.audio.speech_recognition: Vosk Recognized: "are you hurt is based"
2026-05-13 04:10:47,732 [INFO] auhip.core.llm.router: Dispatching intent processing for prompt: 'are you hurt is based'
2026-05-13 04:10:49,153 [WARNING] auhip.core.llm.response_parser: Malformed structured JSON received from local: Extra data: line 1 column 2 (char 1). Extracted segment: '0000000000000000000000000000000'. Activating heuristic projection.
2026-05-13 04:10:49,155 [INFO] auhip.core.llm.router: Finalized structural resolution: Intent='chat', Confidence=0.50, Tool=None
2026-05-13 04:10:49,185 [INFO] auhip.audio.speech_recognition: Vosk is listening (shared stream)...
2026-05-13 04:10:53,254 [INFO] auhip.audio.speech_recognition: Vosk Recognized: "are you hide the funny thing leaving"
2026-05-13 04:10:53,262 [INFO] auhip.core.llm.router: Dispatching intent processing for prompt: 'are you hide the funny thing leaving'
2026-05-13 04:10:55,001 [WARNING] auhip.core.llm.response_parser: Malformed structured JSON received from local: Expecting value: line 1 column 1 (char 0). Extracted segment: 'are\n 10000000000000000000000000000000'. Activating heuristic projection.
2026-05-13 04:10:55,002 [INFO] auhip.core.llm.router: Finalized structural resolution: Intent='chat', Confidence=0.50, Tool=None
2026-05-13 04:10:55,035 [INFO] auhip.audio.speech_recognition: Vosk is listening (shared stream)...
2026-05-13 04:11:00,770 [INFO] auhip.audio.speech_recognition: Vosk Recognized: "hi how are you"
2026-05-13 04:11:00,784 [INFO] auhip.core.llm.router: Dispatching intent processing for prompt: 'hi how are you'
2026-05-13 04:11:02,228 [WARNING] auhip.core.llm.response_parser: Malformed structured JSON received from local: Expecting value: line 1 column 1 (char 0). Extracted segment: 'is\n- 10000000000000000000000000000000'. Activating heuristic projection.
2026-05-13 04:11:02,228 [INFO] auhip.core.llm.router: Finalized structural resolution: Intent='chat', Confidence=0.50, Tool=None
2026-05-13 04:11:02,229 [INFO] auhip.core.llm.context_manager: Context length constraint triggered. Pruning oldest conversational turns.
2026-05-13 04:11:02,259 [INFO] auhip.audio.speech_recognition: Vosk is listening (shared stream)...
2026-05-13 04:11:12,301 [INFO] auhip.audio.speech_recognition: Requesting Google Cloud fallback recognition...
2026-05-13 04:11:12,976 [INFO] auhip.audio.speech_recognition: Vosk is listening (shared stream)...
2026-05-13 04:11:23,024 [INFO] auhip.audio.speech_recognition: Requesting Google Cloud fallback recognition...
2026-05-13 04:11:23,718 [INFO] auhip.audio.speech_recognition: Vosk is listening (shared stream)...
2026-05-13 04:11:33,232 [INFO] auhip.audio.speech_recognition: Vosk Recognized: "what more do are you"
2026-05-13 04:11:33,241 [INFO] auhip.core.llm.router: Dispatching intent processing for prompt: 'what more do are you'
2026-05-13 04:11:33,241 [INFO] auhip.core.llm.context_manager: Context length constraint triggered. Pruning oldest conversational turns.
2026-05-13 04:11:34,845 [WARNING] auhip.core.llm.response_parser: Malformed structured JSON received from local: Expecting value: line 1 column 1 (char 0). Extracted segment: '- 10000000000000000000000000000000'. Activating heuristic projection.
2026-05-13 04:11:34,846 [INFO] auhip.core.llm.router: Finalized structural resolution: Intent='chat', Confidence=0.50, Tool=None
2026-05-13 04:11:34,846 [INFO] auhip.core.llm.context_manager: Context length constraint triggered. Pruning oldest conversational turns.
2026-05-13 04:11:34,883 [INFO] auhip.audio.speech_recognition: Vosk is listening (shared stream)...
2026-05-13 04:11:40,394 [INFO] auhip.audio.speech_recognition: Vosk Recognized: "hi"
2026-05-13 04:11:40,401 [INFO] auhip.core.llm.router: Dispatching intent processing for prompt: 'hi'
2026-05-13 04:11:40,402 [INFO] auhip.core.llm.context_manager: Context length constraint triggered. Pruning oldest conversational turns.
2026-05-13 04:11:41,852 [WARNING] auhip.core.llm.response_parser: Malformed structured JSON received from local: Expecting value: line 1 column 1 (char 0). Extracted segment: 'is a system0000000000000000000000000000000'. Activating heuristic projection.
2026-05-13 04:11:41,853 [INFO] auhip.core.llm.router: Finalized structural resolution: Intent='chat', Confidence=0.50, Tool=None
2026-05-13 04:11:41,853 [INFO] auhip.core.llm.context_manager: Context length constraint triggered. Pruning oldest conversational turns.
2026-05-13 04:11:41,884 [INFO] auhip.audio.speech_recognition: Vosk is listening (shared stream)...
2026-05-13 04:11:49,072 [INFO] auhip.audio.speech_recognition: Vosk Recognized: "are you there"
2026-05-13 04:11:49,081 [INFO] auhip.core.llm.router: Dispatching intent processing for prompt: 'are you there'
2026-05-13 04:11:49,082 [INFO] auhip.core.llm.context_manager: Context length constraint triggered. Pruning oldest conversational turns.
2026-05-13 04:11:50,632 [WARNING] auhip.core.llm.response_parser: Malformed structured JSON received from local: Expecting value: line 1 column 1 (char 0). Extracted segment: 'are 10000000000000000000000000000000'. Activating heuristic projection.
2026-05-13 04:11:50,632 [INFO] auhip.core.llm.router: Finalized structural resolution: Intent='chat', Confidence=0.50, Tool=None
2026-05-13 04:11:50,633 [INFO] auhip.core.llm.context_manager: Context length constraint triggered. Pruning oldest conversational turns.
2026-05-13 04:11:50,666 [INFO] auhip.audio.speech_recognition: Vosk is listening (shared stream)...
2026-05-13 04:11:57,623 [INFO] auhip.audio.speech_recognition: Vosk Recognized: "how are you"
2026-05-13 04:11:57,633 [INFO] auhip.core.llm.router: Dispatching intent processing for prompt: 'how are you'
2026-05-13 04:11:57,633 [INFO] auhip.core.llm.context_manager: Context length constraint triggered. Pruning oldest conversational turns.
2026-05-13 04:11:59,306 [WARNING] auhip.core.llm.response_parser: Malformed structured JSON received from local: Expecting value: line 1 column 1 (char 0). Extracted segment: 'is a system management\n\n 1.0000000000000000000000000000000'. Activating heuristic projection.
2026-05-13 04:11:59,307 [INFO] auhip.core.llm.router: Finalized structural resolution: Intent='chat', Confidence=0.50, Tool=None
2026-05-13 04:11:59,307 [INFO] auhip.core.llm.context_manager: Context length constraint triggered. Pruning oldest conversational turns.
2026-05-13 04:11:59,344 [INFO] auhip.audio.speech_recognition: Vosk is listening (shared stream)...
2026-05-13 04:12:02,454 [INFO] auhip.audio.speech_recognition: Vosk Recognized: "what is your name"
2026-05-13 04:12:02,462 [INFO] auhip.core.llm.router: Dispatching intent processing for prompt: 'what is your name'
2026-05-13 04:12:02,463 [INFO] auhip.core.llm.context_manager: Context length constraint triggered. Pruning oldest conversational turns.
2026-05-13 04:12:04,005 [WARNING] auhip.core.llm.response_parser: Malformed structured JSON received from local: Expecting value: line 1 column 1 (char 0). Extracted segment: '- 10000000000000000000000000000000'. Activating heuristic projection.
2026-05-13 04:12:04,006 [INFO] auhip.core.llm.router: Finalized structural resolution: Intent='chat', Confidence=0.50, Tool=None
2026-05-13 04:12:04,006 [INFO] auhip.core.llm.context_manager: Context length constraint triggered. Pruning oldest conversational turns.
2026-05-13 04:12:04,035 [INFO] auhip.audio.speech_recognition: Vosk is listening (shared stream)...
2026-05-13 04:12:09,323 [INFO] auhip.audio.speech_recognition: Vosk Recognized: "let"
2026-05-13 04:12:15,235 [INFO] auhip: Starting auhip Assistant...
2026-05-13 04:12:15,258 [INFO] auhip.core.agent: Hybrid local-first orchestration layer initialised.
2026-05-13 04:12:16,274 [INFO] auhip.core.state_machine: State Machine started in STANDBY.
2026-05-13 04:12:16,276 [INFO] auhip.audio.speech_recognition: Loading Vosk model from: vosk-model-small-en-us-0.15
2026-05-13 04:12:16,808 [INFO] auhip.audio.speech_recognition: Vosk initialized successfully.
2026-05-13 04:12:16,863 [INFO] auhip.audio.microphone: Microphone stream started (Device: Default).
2026-05-13 04:12:16,864 [INFO] auhip.audio.snap_detector: Snap detector activated.
2026-05-13 04:12:16,864 [INFO] auhip: auhip is ready.
2026-05-13 04:12:16,864 [INFO] auhip:   Wake phrase    : 'daddy home'
2026-05-13 04:12:16,864 [INFO] auhip:   Shutdown phrase: 'goodbye jojo'
2026-05-13 04:12:17,386 [INFO] auhip.audio.snap_detector: Sound detected! Energy: 0.0446
2026-05-13 04:12:17,386 [INFO] auhip.audio.snap_detector: Snap detected! Energy: 0.0446, Avg: 0.0022
2026-05-13 04:12:17,796 [INFO] auhip.audio.snap_detector: Snap detected! Energy: 0.0602, Avg: 0.0088
2026-05-13 04:12:17,799 [INFO] auhip.audio.speech_recognition: Vosk is listening (shared stream)...
2026-05-13 04:12:19,192 [INFO] auhip.audio.speech_recognition: Vosk Recognized: "[unk] daddy home"
2026-05-13 04:12:19,193 [INFO] auhip.audio.snap_detector: Snap detector deactivated.
2026-05-13 04:12:19,193 [INFO] auhip.vision.worker: Vision mode set to: none
2026-05-13 04:12:19,350 [INFO] auhip.audio.speech_recognition: Vosk is listening (shared stream)...
2026-05-13 04:12:22,392 [INFO] auhip.audio.speech_recognition: Vosk Recognized: "hi how are you"
2026-05-13 04:12:22,400 [INFO] auhip.core.llm.router: Dispatching intent processing for prompt: 'hi how are you'
2026-05-13 04:12:22,962 [INFO] auhip.core.llm.local_model: Discovered local model does not natively support tools. Caching state and retrying payload gracefully...
2026-05-13 04:13:07,952 [WARNING] auhip.core.llm.local_model: Ollama runtime stall on attempt 2. Retrying...
2026-05-13 04:13:52,197 [INFO] auhip: Starting auhip Assistant...
2026-05-13 04:13:52,219 [INFO] auhip.core.agent: Hybrid local-first orchestration layer initialised.
2026-05-13 04:13:53,199 [INFO] auhip.core.state_machine: State Machine started in STANDBY.
2026-05-13 04:13:53,202 [INFO] auhip.audio.speech_recognition: Loading Vosk model from: vosk-model-small-en-us-0.15
2026-05-13 04:13:53,733 [INFO] auhip.audio.speech_recognition: Vosk initialized successfully.
2026-05-13 04:13:53,792 [INFO] auhip.audio.microphone: Microphone stream started (Device: Default).
2026-05-13 04:13:53,792 [INFO] auhip.audio.snap_detector: Snap detector activated.
2026-05-13 04:13:53,793 [INFO] auhip: auhip is ready.
2026-05-13 04:13:53,793 [INFO] auhip:   Wake phrase    : 'daddy home'
2026-05-13 04:13:53,793 [INFO] auhip:   Shutdown phrase: 'goodbye jojo'
2026-05-13 04:13:54,782 [INFO] auhip.audio.snap_detector: Sound detected! Energy: 0.0472
2026-05-13 04:13:54,782 [INFO] auhip.audio.snap_detector: Snap detected! Energy: 0.0472, Avg: 0.0013
2026-05-13 04:13:55,285 [INFO] auhip.audio.snap_detector: Snap detected! Energy: 0.0203, Avg: 0.0030
2026-05-13 04:13:55,289 [INFO] auhip.audio.speech_recognition: Vosk is listening (shared stream)...
2026-05-13 04:13:55,794 [INFO] auhip.audio.snap_detector: Sound detected! Energy: 0.0355
2026-05-13 04:13:56,675 [INFO] auhip.audio.speech_recognition: Vosk Recognized: "daddy home"
2026-05-13 04:13:56,676 [INFO] auhip.audio.snap_detector: Snap detector deactivated.
2026-05-13 04:13:56,676 [INFO] auhip.vision.worker: Vision mode set to: none
2026-05-13 04:13:56,853 [INFO] auhip.audio.speech_recognition: Vosk is listening (shared stream)...
2026-05-13 04:14:06,860 [INFO] auhip.audio.speech_recognition: Requesting Google Cloud fallback recognition...
2026-05-13 04:14:07,534 [INFO] auhip.audio.speech_recognition: Vosk is listening (shared stream)...
2026-05-13 04:14:09,825 [INFO] auhip.audio.speech_recognition: Vosk Recognized: "hi how are you"
2026-05-13 04:14:09,834 [INFO] auhip.core.llm.router: Dispatching intent processing for prompt: 'hi how are you'
2026-05-13 04:14:10,381 [INFO] auhip.core.llm.local_model: Discovered local model does not natively support tools. Caching state and retrying payload gracefully...
2026-05-13 04:14:41,403 [INFO] auhip: Starting auhip Assistant...
2026-05-13 04:14:41,415 [INFO] auhip.core.agent: Hybrid local-first orchestration layer initialised.
2026-05-13 04:14:42,265 [INFO] auhip.core.state_machine: State Machine started in STANDBY.
2026-05-13 04:14:42,267 [INFO] auhip.audio.speech_recognition: Loading Vosk model from: vosk-model-small-en-us-0.15
2026-05-13 04:14:42,814 [INFO] auhip.audio.speech_recognition: Vosk initialized successfully.
2026-05-13 04:14:42,872 [INFO] auhip.audio.microphone: Microphone stream started (Device: Default).
2026-05-13 04:14:42,872 [INFO] auhip.audio.snap_detector: Snap detector activated.
2026-05-13 04:14:42,872 [INFO] auhip: auhip is ready.
2026-05-13 04:14:42,872 [INFO] auhip:   Wake phrase    : 'daddy home'
2026-05-13 04:14:42,872 [INFO] auhip:   Shutdown phrase: 'goodbye jojo'
2026-05-13 04:14:43,431 [INFO] auhip.audio.snap_detector: Sound detected! Energy: 0.0277
2026-05-13 04:14:43,431 [INFO] auhip.audio.snap_detector: Snap detected! Energy: 0.0277, Avg: 0.0014
2026-05-13 04:14:43,808 [INFO] auhip.audio.snap_detector: Snap detected! Energy: 0.0166, Avg: 0.0018
2026-05-13 04:14:43,813 [INFO] auhip.audio.speech_recognition: Vosk is listening (shared stream)...
2026-05-13 04:14:45,206 [INFO] auhip.audio.speech_recognition: Vosk Recognized: "[unk] daddy home"
2026-05-13 04:14:45,207 [INFO] auhip.audio.snap_detector: Snap detector deactivated.
2026-05-13 04:14:45,207 [INFO] auhip.vision.worker: Vision mode set to: none
2026-05-13 04:14:45,368 [INFO] auhip.audio.speech_recognition: Vosk is listening (shared stream)...
2026-05-13 04:14:48,177 [INFO] auhip.audio.speech_recognition: Vosk Recognized: "hi how are you"
2026-05-13 04:14:48,184 [INFO] auhip.core.llm.router: Dispatching intent processing for prompt: 'hi how are you'
2026-05-13 04:14:48,740 [INFO] auhip.core.llm.local_model: Discovered local model does not natively support tools. Caching state and retrying payload gracefully...
2026-05-13 04:15:18,953 [WARNING] auhip.core.llm.response_parser: Malformed structured JSON received from local: Expecting value: line 1 column 1 (char 0). Extracted segment: "This project\n\n## Jarvis\n  *  * is to be a project is to be a system for an open source is a system. To be a system to be a system, but it will be a system that is a system that is a system the core of the system that is a system.  * is a system **\n\n## Jarvis\n\n## Purpose: \n\n* Projecting and managing a system's\n-  **\n\n## Jarvis of a system for a system of the system to be a system voice system's voice system that is voice\n\n## Voice\n\n## Voice System Architecture\n* Voice is a system of the system is a system is a system.  * is a system to be a system.  *  * is a system.  * is a system.  * is a system.  * is a system.  *  * is a system.  * of the system.  * is a system.  * is a system.  * is a system  * is a system  * is a system.". Activating heuristic projection.
2026-05-13 04:15:18,955 [INFO] auhip.core.llm.router: Finalized structural resolution: Intent='chat', Confidence=0.50, Tool=None
2026-05-13 04:15:19,040 [INFO] auhip.audio.speech_recognition: Vosk is listening (shared stream)...
2026-05-13 04:15:29,130 [INFO] auhip.audio.speech_recognition: Vosk Recognized (Final): "to be put it to be doesn't instinct for an open source is as just"
2026-05-13 04:15:29,140 [INFO] auhip.core.llm.router: Dispatching intent processing for prompt: 'to be put it to be doesn't instinct for an open source is as just'
2026-05-13 04:15:47,722 [WARNING] auhip.core.llm.response_parser: Malformed structured JSON received from local: Expecting value: line 1 column 1 (char 0). Extracted segment: "is a system of the system voice: 1: 1: 1: 1: 1: 1: 1: 1: 2. 1: 1: 1: 1: 1: 1: 1: 1: 1: 1: 1: 1: 1: 1: 1: 1: 1: 1: 1: Voice the voice 1: 1\n 1: 1: 1. 1. 1: 1: is to be a system of\n 1\n 1. 1. 1s that is. 1: 1, but it's 1. 1: 1. 1. 1. 1. 1. 1. 1. 1. 1. 1. 1. 1. 1. 1. 1. 1. 1. 1.1.1.1.1.1.1.1.1.1.1.1.1.1.1.1.1". Activating heuristic projection.
2026-05-13 04:15:47,724 [INFO] auhip.core.llm.router: Finalized structural resolution: Intent='chat', Confidence=0.50, Tool=None
2026-05-13 04:15:47,785 [INFO] auhip.audio.speech_recognition: Vosk is listening (shared stream)...
2026-05-13 04:15:53,485 [INFO] auhip.audio.speech_recognition: Vosk Recognized: "the t"
2026-05-13 20:22:09,302 [INFO] auhip: Starting auhip Assistant...
2026-05-13 20:22:09,393 [INFO] auhip.core.agent: Hybrid local-first orchestration layer initialised.
2026-05-13 20:22:11,345 [INFO] auhip.core.state_machine: State Machine started in STANDBY.
2026-05-13 20:22:11,352 [INFO] auhip.audio.speech_recognition: Loading Vosk model from: vosk-model-small-en-us-0.15
2026-05-13 20:22:12,042 [INFO] auhip.audio.speech_recognition: Vosk initialized successfully.
2026-05-13 20:22:12,223 [INFO] auhip.audio.microphone: Microphone stream started (Device: Default).
2026-05-13 20:22:12,223 [INFO] auhip.audio.snap_detector: Snap detector activated.
2026-05-13 20:22:12,223 [INFO] auhip: auhip is ready.
2026-05-13 20:22:12,223 [INFO] auhip:   Wake phrase    : 'daddy home'
2026-05-13 20:22:12,223 [INFO] auhip:   Shutdown phrase: 'goodbye jojo'
2026-05-13 20:22:13,363 [INFO] auhip.audio.snap_detector: Sound detected! Energy: 0.0254
2026-05-13 20:22:13,364 [INFO] auhip.audio.snap_detector: Snap detected! Energy: 0.0254, Avg: 0.0036
2026-05-13 20:22:15,359 [INFO] auhip.audio.snap_detector: Snap detector activated.
2026-05-13 20:22:15,866 [INFO] auhip.audio.snap_detector: Sound detected! Energy: 0.0405
2026-05-13 20:22:15,866 [INFO] auhip.audio.snap_detector: Snap detected! Energy: 0.0405, Avg: 0.0010
2026-05-13 20:22:16,940 [INFO] auhip.audio.snap_detector: Sound detected! Energy: 0.0198
2026-05-13 20:22:17,856 [INFO] auhip.audio.snap_detector: Snap detector activated.
2026-05-13 20:22:17,950 [INFO] auhip.audio.snap_detector: Sound detected! Energy: 0.0447
2026-05-13 20:22:18,986 [INFO] auhip.audio.snap_detector: Sound detected! Energy: 0.0114
2026-05-13 20:22:20,421 [INFO] auhip.audio.snap_detector: Sound detected! Energy: 0.0892
2026-05-13 20:22:20,421 [INFO] auhip.audio.snap_detector: Snap detected! Energy: 0.0892, Avg: 0.0107
2026-05-13 20:22:22,426 [INFO] auhip.audio.snap_detector: Snap detector activated.
2026-05-13 20:22:23,524 [INFO] auhip.audio.snap_detector: Sound detected! Energy: 0.0379
2026-05-13 20:22:23,524 [INFO] auhip.audio.snap_detector: Snap detected! Energy: 0.0379, Avg: 0.0010
2026-05-13 20:22:23,867 [INFO] auhip.audio.snap_detector: Snap detected! Energy: 0.0197, Avg: 0.0028
2026-05-13 20:22:23,875 [INFO] auhip.audio.speech_recognition: Vosk is listening (shared stream)...
2026-05-13 20:22:25,262 [INFO] auhip.audio.speech_recognition: Vosk Recognized: "[unk] daddy home"
2026-05-13 20:22:25,263 [INFO] auhip.audio.snap_detector: Snap detector deactivated.
2026-05-13 20:22:25,263 [INFO] auhip.vision.worker: Vision mode set to: none
2026-05-13 20:22:25,421 [INFO] auhip.audio.speech_recognition: Vosk is listening (shared stream)...
2026-05-13 20:22:34,027 [INFO] auhip.audio.speech_recognition: Vosk Recognized: "someone fat know why it's down without my for yeoman nab hello hi"
2026-05-13 20:22:34,037 [INFO] auhip.core.llm.router: Dispatching intent processing for prompt: 'someone fat know why it's down without my for yeoman nab hello hi'
2026-05-13 20:22:34,782 [INFO] auhip.core.llm.local_model: Discovered local model does not natively support tools. Caching state and retrying payload gracefully...
2026-05-13 20:22:39,492 [ERROR] auhip.core.llm.local_model: Local core REST rejection (500): {"error":"llama runner process has terminated: cudaMalloc failed: out of memory\nerror loading model: unable to allocate CUDA0 buffer\npanic:"}
2026-05-13 20:22:39,493 [WARNING] auhip.core.llm.local_model: Ollama connection error on attempt 2: Ollama execution error: 500
2026-05-13 20:22:41,213 [ERROR] auhip.core.llm.local_model: Local core REST rejection (500): {"error":"llama runner process has terminated: cudaMalloc failed: out of memory\nerror loading model: unable to allocate CUDA0 buffer\npanic:"}
2026-05-13 20:22:41,214 [WARNING] auhip.core.llm.local_model: Ollama connection error on attempt 3: Ollama execution error: 500
2026-05-13 20:22:41,405 [ERROR] auhip.core.llm.local_model: Local primary model failed after 2 attempts. Triggering cloud fallback.
2026-05-13 20:22:41,405 [INFO] auhip.core.llm.router: Local core execution unavailable or errored. Escalating reasoning request to Layer 3 cloud neural infrastructure.
2026-05-13 20:22:49,302 [INFO] auhip.audio.snap_detector: Snap detector deactivated.
2026-05-13 20:22:49,415 [INFO] auhip.vision.worker: Vision Worker started.
2026-05-13 20:22:49,435 [INFO] auhip.vision.worker: Vision mode set to: camera
2026-05-13 20:22:49,679 [WARNING] auhip.core.state_machine: Unknown attention state: UNKNOWN
2026-05-13 20:22:57,302 [WARNING] auhip.core.llm.cloud_model: Gemini timeout on try 1. Backing off...
2026-05-13 20:22:57,467 [INFO] auhip.core.state_machine: Gesture detected: three_fingers_up (conf: 0.90, State: CAMERA_MODE)
2026-05-13 20:22:57,687 [INFO] auhip.core.state_machine: Gesture detected: three_fingers_up (conf: 0.90, State: CAMERA_MODE)
2026-05-13 20:22:57,819 [INFO] auhip.core.state_machine: Gesture detected: three_fingers_up (conf: 0.90, State: CAMERA_MODE)
2026-05-13 20:22:57,854 [INFO] auhip.core.state_machine: Gesture detected: three_fingers_up (conf: 0.90, State: CAMERA_MODE)
2026-05-13 20:22:57,862 [INFO] auhip.core.state_machine: Gesture detected: three_fingers_up (conf: 0.90, State: CAMERA_MODE)
2026-05-13 20:22:57,901 [INFO] auhip.core.state_machine: Gesture detected: three_fingers_up (conf: 0.90, State: CAMERA_MODE)
2026-05-13 20:22:58,035 [INFO] auhip.core.state_machine: Gesture detected: three_fingers_up (conf: 0.90, State: CAMERA_MODE)
2026-05-13 20:22:58,096 [INFO] auhip.core.state_machine: Gesture detected: shake_up (conf: 0.85, State: CAMERA_MODE)
2026-05-13 20:22:58,138 [INFO] auhip.core.state_machine: Gesture detected: three_fingers_up (conf: 0.90, State: CAMERA_MODE)
2026-05-13 20:22:58,271 [INFO] auhip.core.state_machine: Gesture detected: three_fingers_up (conf: 0.90, State: CAMERA_MODE)
2026-05-13 20:22:58,322 [INFO] auhip.core.state_machine: Gesture detected: three_fingers_up (conf: 0.90, State: CAMERA_MODE)
2026-05-13 20:22:58,371 [INFO] auhip.core.state_machine: Gesture detected: three_fingers_up (conf: 0.90, State: CAMERA_MODE)
2026-05-13 20:22:58,502 [INFO] auhip.core.state_machine: Gesture detected: three_fingers_up (conf: 0.90, State: CAMERA_MODE)
2026-05-13 20:22:58,560 [INFO] auhip.core.state_machine: Gesture detected: three_fingers_up (conf: 0.90, State: CAMERA_MODE)
2026-05-13 20:22:58,604 [INFO] auhip.core.state_machine: Gesture detected: three_fingers_up (conf: 0.90, State: CAMERA_MODE)
2026-05-13 20:22:58,742 [INFO] auhip.core.state_machine: Gesture detected: three_fingers_up (conf: 0.90, State: CAMERA_MODE)
2026-05-13 20:22:58,792 [INFO] auhip.core.state_machine: Gesture detected: three_fingers_up (conf: 0.90, State: CAMERA_MODE)
2026-05-13 20:22:58,835 [INFO] auhip.core.state_machine: Gesture detected: three_fingers_up (conf: 0.90, State: CAMERA_MODE)
2026-05-13 20:22:58,992 [INFO] auhip.core.state_machine: Gesture detected: three_fingers_up (conf: 0.90, State: CAMERA_MODE)
2026-05-13 20:22:58,999 [INFO] auhip.core.state_machine: Gesture detected: three_fingers_up (conf: 0.90, State: CAMERA_MODE)
2026-05-13 20:22:59,024 [INFO] auhip.core.state_machine: Gesture detected: three_fingers_up (conf: 0.90, State: CAMERA_MODE)
2026-05-13 20:22:59,071 [INFO] auhip.core.state_machine: Gesture detected: three_fingers_up (conf: 0.90, State: CAMERA_MODE)
2026-05-13 20:22:59,202 [INFO] auhip.core.state_machine: Gesture detected: three_fingers_up (conf: 0.90, State: CAMERA_MODE)
2026-05-13 20:22:59,260 [INFO] auhip.core.state_machine: Gesture detected: three_fingers_up (conf: 0.90, State: CAMERA_MODE)
2026-05-13 20:22:59,304 [INFO] auhip.core.state_machine: Gesture detected: three_fingers_up (conf: 0.90, State: CAMERA_MODE)
2026-05-13 20:22:59,461 [INFO] auhip.core.state_machine: Gesture detected: three_fingers_up (conf: 0.90, State: CAMERA_MODE)
2026-05-13 20:22:59,491 [INFO] auhip.core.state_machine: Gesture detected: three_fingers_up (conf: 0.90, State: CAMERA_MODE)
2026-05-13 20:22:59,500 [INFO] auhip.core.state_machine: Gesture detected: three_fingers_up (conf: 0.90, State: CAMERA_MODE)
2026-05-13 20:22:59,541 [INFO] auhip.core.state_machine: Gesture detected: three_fingers_up (conf: 0.90, State: CAMERA_MODE)
2026-05-13 20:22:59,677 [INFO] auhip.core.state_machine: Gesture detected: three_fingers_up (conf: 0.90, State: CAMERA_MODE)
2026-05-13 20:22:59,736 [INFO] auhip.core.state_machine: Gesture detected: three_fingers_up (conf: 0.90, State: CAMERA_MODE)
2026-05-13 20:22:59,779 [INFO] auhip.core.state_machine: Gesture detected: three_fingers_up (conf: 0.90, State: CAMERA_MODE)
2026-05-13 20:22:59,911 [INFO] auhip.core.state_machine: Gesture detected: three_fingers_up (conf: 0.90, State: CAMERA_MODE)
2026-05-13 20:22:59,966 [INFO] auhip.core.state_machine: Gesture detected: three_fingers_up (conf: 0.90, State: CAMERA_MODE)
2026-05-13 20:23:00,014 [INFO] auhip.core.state_machine: Gesture detected: three_fingers_up (conf: 0.90, State: CAMERA_MODE)
2026-05-13 20:23:00,145 [INFO] auhip.core.state_machine: Gesture detected: three_fingers_up (conf: 0.90, State: CAMERA_MODE)
2026-05-13 20:23:00,207 [INFO] auhip.core.state_machine: Gesture detected: three_fingers_up (conf: 0.90, State: CAMERA_MODE)
2026-05-13 20:23:00,251 [INFO] auhip.core.state_machine: Gesture detected: three_fingers_up (conf: 0.90, State: CAMERA_MODE)
2026-05-13 20:23:00,384 [INFO] auhip.core.state_machine: Gesture detected: one_index_up (conf: 0.95, State: CAMERA_MODE)
2026-05-13 20:23:08,632 [INFO] auhip.core.llm.router: Finalized structural resolution: Intent='clarify_input', Confidence=0.10, Tool=None
2026-05-13 20:23:08,692 [INFO] auhip.core.state_machine: Voice mode loop ended. Current state: CAMERA_MODE
2026-05-13 20:23:40,038 [INFO] auhip.core.state_machine: Gesture detected: fist (conf: 0.90, State: CAMERA_MODE)
2026-05-13 20:23:40,277 [INFO] auhip.core.state_machine: Gesture detected: three_fingers_down (conf: 0.90, State: CAMERA_MODE)
2026-05-13 20:23:40,406 [INFO] auhip.core.state_machine: Gesture detected: fist (conf: 0.90, State: CAMERA_MODE)
2026-05-13 20:23:40,557 [INFO] auhip.core.state_machine: Gesture detected: fist (conf: 0.90, State: CAMERA_MODE)
2026-05-13 20:23:40,651 [INFO] auhip.core.state_machine: Gesture detected: open_palm (conf: 0.95, State: CAMERA_MODE)
2026-05-13 20:23:40,814 [INFO] auhip.core.state_machine: Gesture detected: open_palm (conf: 0.95, State: CAMERA_MODE)
2026-05-13 20:23:40,903 [INFO] auhip.core.state_machine: Gesture detected: rock_sign (conf: 0.95, State: CAMERA_MODE)
2026-05-13 20:23:40,903 [INFO] auhip.core.state_machine: Exit gesture 'rock_sign' triggered in Camera Mode.
2026-05-13 20:23:40,924 [INFO] auhip.core.state_machine: Exiting Camera Mode -> Returning to Voice Mode
2026-05-13 20:23:40,924 [INFO] auhip.vision.worker: Vision mode set to: none
2026-05-13 20:23:40,948 [INFO] auhip.vision.worker: Vision Worker stopped.
2026-05-13 20:23:40,950 [INFO] auhip.audio.snap_detector: Snap detector deactivated.
2026-05-13 20:23:40,990 [INFO] auhip.audio.snap_detector: Snap detector deactivated.
2026-05-13 20:23:40,992 [INFO] auhip.vision.worker: Vision mode set to: none
2026-05-13 20:23:41,047 [INFO] auhip.audio.speech_recognition: Vosk is listening (shared stream)...
2026-05-13 20:23:43,920 [INFO] auhip.audio.speech_recognition: Vosk Recognized: "and give up with some coffee any a combat"
2026-05-13 20:23:43,928 [INFO] auhip.core.llm.router: Dispatching intent processing for prompt: 'and give up with some coffee any a combat'
2026-05-24 04:00:19,474 [INFO] auhip: Starting auhip Assistant...
2026-05-24 04:00:19,579 [INFO] auhip.core.agent: Hybrid local-first orchestration layer initialised.
2026-05-24 04:00:22,958 [INFO] auhip.core.state_machine: State Machine started in STANDBY.
2026-05-24 04:00:22,962 [INFO] auhip.audio.speech_recognition: Loading Vosk model from: vosk-model-small-en-us-0.15
2026-05-24 04:00:23,677 [INFO] auhip.audio.speech_recognition: Vosk initialized successfully.
2026-05-24 04:00:23,843 [INFO] auhip.audio.microphone: Microphone stream started (Device: Default).
2026-05-24 04:00:23,843 [INFO] auhip.audio.snap_detector: Snap detector activated.
2026-05-24 04:00:23,843 [INFO] auhip: auhip is ready.
2026-05-24 04:00:23,843 [INFO] auhip:   Wake phrase    : 'daddy home'
2026-05-24 04:00:23,843 [INFO] auhip:   Shutdown phrase: 'goodbye jojo'
2026-05-24 04:00:27,118 [INFO] auhip.audio.snap_detector: Sound detected! Energy: 0.1195
2026-05-24 04:00:27,119 [INFO] auhip.audio.snap_detector: Snap detected! Energy: 0.1195, Avg: 0.0024
2026-05-24 04:00:27,446 [INFO] auhip.audio.snap_detector: Snap detected! Energy: 0.0958, Avg: 0.0059
2026-05-24 04:00:27,457 [INFO] auhip.audio.speech_recognition: Vosk is listening (shared stream)...
2026-05-24 04:00:35,481 [INFO] auhip.audio.speech_recognition: Requesting Google Cloud fallback recognition...
2026-05-24 04:00:37,891 [INFO] auhip.audio.snap_detector: Sound detected! Energy: 0.0204
2026-05-24 04:00:37,891 [INFO] auhip.audio.snap_detector: Snap detected! Energy: 0.0204, Avg: 0.0021
2026-05-24 04:00:38,216 [INFO] auhip.audio.snap_detector: Snap detected! Energy: 0.0485, Avg: 0.0060
2026-05-24 04:00:38,219 [INFO] auhip.audio.speech_recognition: Vosk is listening (shared stream)...
2026-05-24 04:00:39,848 [INFO] auhip.audio.snap_detector: Sound detected! Energy: 0.0227
2026-05-24 04:00:39,848 [INFO] auhip.audio.snap_detector: Snap detected! Energy: 0.0227, Avg: 0.0011
2026-05-24 04:00:40,857 [INFO] auhip.audio.snap_detector: Sound detected! Energy: 0.0636
2026-05-24 04:00:41,881 [INFO] auhip.audio.snap_detector: Sound detected! Energy: 0.0423
2026-05-24 04:00:42,912 [INFO] auhip.audio.snap_detector: Sound detected! Energy: 0.0191
2026-05-24 04:00:43,418 [INFO] auhip.audio.speech_recognition: Vosk Recognized: "[unk]"
2026-05-24 04:00:43,983 [INFO] auhip.audio.snap_detector: Sound detected! Energy: 0.0330
2026-05-24 04:00:44,025 [INFO] auhip.audio.snap_detector: Snap detected! Energy: 0.0851, Avg: 0.0141
2026-05-24 04:00:45,094 [INFO] auhip.audio.snap_detector: Sound detected! Energy: 0.0105
2026-05-24 04:00:46,020 [INFO] auhip.audio.snap_detector: Snap detector activated.
2026-05-24 04:00:46,107 [INFO] auhip.audio.snap_detector: Sound detected! Energy: 0.0439
2026-05-24 04:00:47,177 [INFO] auhip.audio.snap_detector: Sound detected! Energy: 0.0324
2026-05-24 04:00:49,364 [INFO] auhip.audio.snap_detector: Snap detected! Energy: 0.0098, Avg: 0.0010
2026-05-24 04:00:49,375 [INFO] auhip.audio.snap_detector: Sound detected! Energy: 0.0199
2026-05-24 04:00:50,379 [INFO] auhip.audio.snap_detector: Sound detected! Energy: 0.0361
2026-05-24 04:00:51,362 [INFO] auhip.audio.snap_detector: Snap detector activated.
2026-05-24 04:00:51,394 [INFO] auhip.audio.snap_detector: Sound detected! Energy: 0.0180
2026-05-24 04:00:52,334 [INFO] auhip.audio.snap_detector: Snap detected! Energy: 0.0365, Avg: 0.0046
2026-05-24 04:00:52,429 [INFO] auhip.audio.snap_detector: Sound detected! Energy: 0.0211
2026-05-24 04:00:53,968 [INFO] auhip.audio.snap_detector: Sound detected! Energy: 0.0181
2026-05-24 04:00:54,332 [INFO] auhip.audio.snap_detector: Snap detector activated.
2026-05-24 04:00:54,895 [INFO] auhip.audio.snap_detector: Snap detected! Energy: 0.0262, Avg: 0.0036
2026-05-24 04:00:55,032 [INFO] auhip.audio.snap_detector: Sound detected! Energy: 0.0119
2026-05-24 04:00:55,405 [INFO] auhip.audio.snap_detector: Snap detected! Energy: 0.0705, Avg: 0.0079
2026-05-24 04:00:55,409 [INFO] auhip.audio.speech_recognition: Vosk is listening (shared stream)...
2026-05-24 04:00:59,761 [INFO] auhip.audio.snap_detector: Sound detected! Energy: 0.0149
2026-05-24 04:00:59,761 [INFO] auhip.audio.snap_detector: Snap detected! Energy: 0.0149, Avg: 0.0010
2026-05-24 04:01:00,104 [INFO] auhip.audio.snap_detector: Snap detected! Energy: 0.0770, Avg: 0.0054
2026-05-24 04:01:00,702 [INFO] auhip.audio.snap_detector: Snap detected! Energy: 0.1519, Avg: 0.0105
2026-05-24 04:01:00,785 [INFO] auhip.audio.snap_detector: Sound detected! Energy: 0.2000
2026-05-24 04:01:02,038 [INFO] auhip.audio.speech_recognition: Vosk Recognized: "daddy home"
2026-05-24 04:01:02,040 [INFO] auhip.audio.snap_detector: Snap detector deactivated.
2026-05-24 04:01:02,041 [INFO] auhip.vision.worker: Vision mode set to: none
2026-05-24 04:01:02,240 [INFO] auhip.audio.speech_recognition: Vosk is listening (shared stream)...
2026-05-24 04:01:04,832 [INFO] auhip.audio.speech_recognition: Vosk Recognized: "yeah"
2026-05-24 04:01:04,841 [INFO] auhip.core.llm.router: Dispatching intent processing for prompt: 'yeah'
2026-05-24 04:01:05,378 [ERROR] auhip.core.llm.local_model: Local core REST rejection (404): {"error":"model 'qwen:4b' not found"}
2026-05-24 04:01:05,378 [WARNING] auhip.core.llm.local_model: Ollama connection error on attempt 1: Ollama execution error: 404
2026-05-24 04:01:05,839 [ERROR] auhip.core.llm.local_model: Local core REST rejection (404): {"error":"model 'qwen:4b' not found"}
2026-05-24 04:01:05,839 [WARNING] auhip.core.llm.local_model: Ollama connection error on attempt 2: Ollama execution error: 404
2026-05-24 04:01:06,037 [ERROR] auhip.core.llm.local_model: Local primary model failed after 2 attempts. Triggering cloud fallback.
2026-05-24 04:01:06,037 [INFO] auhip.core.llm.router: Local core execution unavailable or errored. Escalating reasoning request to Layer 3 cloud neural infrastructure.
2026-05-24 04:01:10,223 [INFO] auhip.core.llm.router: Finalized structural resolution: Intent='acknowledgment', Confidence=0.98, Tool=None
2026-05-24 04:01:10,270 [INFO] auhip.audio.speech_recognition: Vosk is listening (shared stream)...
2026-05-24 04:01:20,358 [INFO] auhip.audio.speech_recognition: Vosk Recognized (Final): "cooper media up home by pork and minor homes hey publication wasn't the and"
2026-05-24 04:01:20,369 [INFO] auhip.core.llm.router: Dispatching intent processing for prompt: 'cooper media up home by pork and minor homes hey publication wasn't the and'
2026-05-24 04:01:20,866 [ERROR] auhip.core.llm.local_model: Local core REST rejection (404): {"error":"model 'qwen:4b' not found"}
2026-05-24 04:01:20,867 [WARNING] auhip.core.llm.local_model: Ollama connection error on attempt 1: Ollama execution error: 404
2026-05-24 04:01:21,326 [ERROR] auhip.core.llm.local_model: Local core REST rejection (404): {"error":"model 'qwen:4b' not found"}
2026-05-24 04:01:21,326 [WARNING] auhip.core.llm.local_model: Ollama connection error on attempt 2: Ollama execution error: 404
2026-05-24 04:01:21,527 [ERROR] auhip.core.llm.local_model: Local primary model failed after 2 attempts. Triggering cloud fallback.
2026-05-24 04:01:21,527 [INFO] auhip.core.llm.router: Local core execution unavailable or errored. Escalating reasoning request to Layer 3 cloud neural infrastructure.
2026-05-24 04:01:25,528 [INFO] auhip.core.llm.router: Finalized structural resolution: Intent='unintelligible_speech', Confidence=0.10, Tool=None
2026-05-24 04:01:25,560 [INFO] auhip.audio.speech_recognition: Vosk is listening (shared stream)...
2026-05-24 04:01:30,742 [INFO] auhip.audio.speech_recognition: Vosk Recognized: "control on"
2026-05-24 04:01:30,752 [INFO] auhip.audio.snap_detector: Snap detector deactivated.
2026-05-24 04:01:30,901 [INFO] auhip.vision.worker: Vision Worker started.
2026-05-24 04:01:30,928 [INFO] auhip.vision.worker: Vision mode set to: control
2026-05-24 04:01:30,928 [INFO] auhip.core.agent: Local skill matched for: 'control on'
2026-05-24 04:01:30,936 [INFO] auhip.core.state_machine: Voice mode loop ended. Current state: CONTROL_MODE
2026-05-24 04:01:31,133 [WARNING] auhip.core.state_machine: Unknown attention state: UNKNOWN
2026-05-24 04:01:33,112 [INFO] auhip.vision.worker: Click (Gesture).
2026-05-24 04:01:33,340 [INFO] auhip.vision.worker: Double Click (Gesture).
2026-05-24 04:01:34,908 [INFO] auhip.vision.worker: Click (Gesture).
2026-05-24 04:01:40,980 [INFO] auhip.vision.worker: Click (Gesture).
2026-05-24 04:01:41,215 [INFO] auhip.vision.worker: Double Click (Gesture).
2026-05-24 04:01:41,405 [INFO] auhip.vision.worker: Click (Gesture).
2026-05-24 04:01:42,060 [INFO] auhip.vision.worker: Drag started.
2026-05-24 04:01:42,949 [INFO] auhip.vision.worker: Drag released.
2026-05-24 04:01:43,667 [INFO] auhip.vision.worker: Drag started.
2026-05-24 04:01:51,294 [INFO] auhip.vision.worker: Drag released.
2026-05-24 04:01:51,954 [INFO] auhip.vision.worker: Drag started.
2026-05-24 04:01:55,324 [INFO] auhip.vision.worker: Drag released.
2026-05-24 04:01:55,984 [INFO] auhip.vision.worker: Drag started.
2026-05-24 04:01:57,622 [INFO] auhip.vision.worker: Drag released.
2026-05-24 04:01:58,280 [INFO] auhip.vision.worker: Drag started.
2026-05-24 04:01:58,795 [INFO] auhip.vision.worker: Drag released.
2026-05-24 04:01:59,919 [INFO] auhip.vision.worker: Click (Gesture).
2026-05-24 04:02:00,634 [INFO] auhip.vision.worker: Drag started.
2026-05-24 04:02:02,925 [INFO] auhip.vision.worker: Drag released.
2026-05-24 04:02:03,141 [INFO] auhip.vision.worker: Click (Gesture).
2026-05-24 04:02:03,551 [INFO] auhip.vision.worker: Double Click (Gesture).
2026-05-24 04:02:04,157 [INFO] auhip.vision.worker: Click (Gesture).
2026-05-24 04:02:04,919 [INFO] auhip.vision.worker: Drag started.
2026-05-24 04:02:07,481 [INFO] auhip.vision.worker: Drag released.
2026-05-24 04:02:09,383 [INFO] auhip.vision.worker: Drag started.
2026-05-24 04:02:09,997 [INFO] auhip.vision.worker: Drag released.
2026-05-24 04:03:04,988 [INFO] auhip.vision.worker: Click (Gesture).
2026-05-24 04:03:07,280 [INFO] auhip.vision.worker: Click (Gesture).
2026-05-24 04:03:07,513 [INFO] auhip.vision.worker: Double Click (Gesture).
2026-05-24 04:03:07,889 [INFO] auhip.vision.worker: Click (Gesture).
2026-05-24 04:03:08,310 [INFO] auhip.vision.worker: Click (Gesture).
2026-05-24 04:03:09,105 [INFO] auhip.vision.worker: Drag started.
2026-05-24 04:03:09,435 [INFO] auhip.vision.worker: Drag released.
2026-05-24 04:03:09,621 [INFO] auhip.vision.worker: Click (Gesture).
2026-05-24 04:03:09,630 [INFO] auhip.core.state_machine: Gesture detected: rock_sign (conf: 0.95, State: CONTROL_MODE)
2026-05-24 04:03:09,631 [INFO] auhip.core.state_machine: Exit gesture 'rock_sign' triggered in Control Mode.
2026-05-24 04:03:09,634 [INFO] auhip.core.state_machine: Exiting Control Mode -> Falling back to Camera Mode
2026-05-24 04:03:09,634 [INFO] auhip.audio.snap_detector: Snap detector deactivated.
2026-05-24 04:03:09,681 [INFO] auhip.vision.worker: Vision mode set to: camera
2026-05-24 04:03:09,748 [INFO] auhip.core.state_machine: Gesture detected: open_palm (conf: 0.95, State: CAMERA_MODE)
2026-05-24 04:03:12,182 [INFO] auhip.core.state_machine: Gesture detected: rock_sign (conf: 0.95, State: CAMERA_MODE)
2026-05-24 04:03:12,183 [INFO] auhip.core.state_machine: Exit gesture 'rock_sign' triggered in Camera Mode.
2026-05-24 04:03:12,183 [INFO] auhip.core.state_machine: Exiting Camera Mode -> Returning to Voice Mode
2026-05-24 04:03:12,183 [INFO] auhip.vision.worker: Vision mode set to: none
2026-05-24 04:03:12,237 [INFO] auhip.vision.worker: Vision Worker stopped.
2026-05-24 04:03:12,238 [INFO] auhip.audio.snap_detector: Snap detector deactivated.
2026-05-24 04:03:12,271 [INFO] auhip.audio.snap_detector: Snap detector deactivated.
2026-05-24 04:03:12,271 [INFO] auhip.vision.worker: Vision mode set to: none
2026-05-24 04:03:12,322 [INFO] auhip.audio.speech_recognition: Vosk is listening (shared stream)...
2026-05-24 04:03:22,344 [INFO] auhip.audio.speech_recognition: Requesting Google Cloud fallback recognition...
2026-05-24 04:03:23,259 [INFO] auhip.audio.speech_recognition: Vosk is listening (shared stream)...
2026-05-24 04:03:28,473 [INFO] auhip.audio.speech_recognition: Vosk Recognized: "why"
2026-05-24 04:03:28,488 [INFO] auhip.core.llm.router: Dispatching intent processing for prompt: 'why'
2026-05-24 04:06:47,651 [INFO] auhip: Starting auhip Assistant...
2026-05-24 04:06:47,772 [INFO] auhip.core.agent: Hybrid local-first orchestration layer initialised.
2026-05-24 04:06:50,966 [INFO] auhip.core.state_machine: State Machine started in STANDBY.
2026-05-24 04:06:50,969 [INFO] auhip.audio.speech_recognition: Loading Vosk model from: vosk-model-small-en-us-0.15
2026-05-24 04:06:51,569 [INFO] auhip.audio.speech_recognition: Vosk initialized successfully.
2026-05-24 04:06:51,627 [INFO] auhip.audio.microphone: Microphone stream started (Device: Default).
2026-05-24 04:06:51,627 [INFO] auhip.audio.snap_detector: Snap detector activated.
2026-05-24 04:06:51,627 [INFO] auhip: auhip is ready.
2026-05-24 04:06:51,627 [INFO] auhip:   Wake phrase    : 'daddy home'
2026-05-24 04:06:51,627 [INFO] auhip:   Shutdown phrase: 'goodbye jojo'
2026-05-24 04:06:52,718 [INFO] auhip.audio.snap_detector: Sound detected! Energy: 0.0915
2026-05-24 04:06:52,718 [INFO] auhip.audio.snap_detector: Snap detected! Energy: 0.0915, Avg: 0.0033
2026-05-24 04:06:53,428 [INFO] auhip.audio.snap_detector: Snap detected! Energy: 0.2144, Avg: 0.0072
2026-05-24 04:06:53,433 [INFO] auhip.audio.speech_recognition: Vosk is listening (shared stream)...
2026-05-24 04:06:53,980 [INFO] auhip.audio.snap_detector: Sound detected! Energy: 0.0135
2026-05-24 04:06:54,011 [INFO] auhip.audio.snap_detector: Snap detected! Energy: 0.0746, Avg: 0.0108
2026-05-24 04:06:55,272 [INFO] auhip.audio.speech_recognition: Vosk Recognized: "daddy home"
2026-05-24 04:06:55,273 [INFO] auhip.audio.snap_detector: Snap detector deactivated.
2026-05-24 04:06:55,273 [INFO] auhip.vision.worker: Vision mode set to: none
2026-05-24 04:06:55,398 [INFO] auhip.audio.speech_recognition: Vosk is listening (shared stream)...
2026-05-24 04:06:57,224 [INFO] auhip.audio.speech_recognition: Vosk Recognized: "full screen"
2026-05-24 04:06:57,257 [INFO] auhip.core.agent: Local skill matched for: 'full screen'
2026-05-24 04:06:57,297 [INFO] auhip.audio.speech_recognition: Vosk is listening (shared stream)...
2026-05-24 04:06:59,453 [INFO] auhip.audio.speech_recognition: Vosk Recognized: "camera on"
2026-05-24 04:06:59,462 [INFO] auhip.core.llm.router: Dispatching intent processing for prompt: 'camera on'
2026-05-24 04:06:59,974 [ERROR] auhip.core.llm.local_model: Local core REST rejection (404): {"error":"model 'qwen:4b' not found"}
2026-05-24 04:06:59,975 [WARNING] auhip.core.llm.local_model: Ollama connection error on attempt 1: Ollama execution error: 404
2026-05-24 04:07:00,432 [ERROR] auhip.core.llm.local_model: Local core REST rejection (404): {"error":"model 'qwen:4b' not found"}
2026-05-24 04:07:00,433 [WARNING] auhip.core.llm.local_model: Ollama connection error on attempt 2: Ollama execution error: 404
2026-05-24 04:07:00,627 [ERROR] auhip.core.llm.local_model: Local primary model failed after 2 attempts. Triggering cloud fallback.
2026-05-24 04:07:00,627 [INFO] auhip.core.llm.router: Local core execution unavailable or errored. Escalating reasoning request to Layer 3 cloud neural infrastructure.
2026-05-24 04:07:04,779 [INFO] auhip.core.llm.router: Finalized structural resolution: Intent='enable_camera', Confidence=0.99, Tool=enable_camera
2026-05-24 04:07:04,780 [ERROR] auhip.core.llm.tool_manager: Unregistered tool execution requested: enable_camera
2026-05-24 04:07:04,781 [ERROR] auhip.core.agent: Router core execution error: 'Tool enable_camera is unknown.'
2026-05-24 04:07:04,809 [INFO] auhip.audio.speech_recognition: Vosk is listening (shared stream)...
2026-05-24 04:07:07,444 [INFO] auhip.audio.speech_recognition: Vosk Recognized: "open camera"
2026-05-24 04:07:07,452 [INFO] auhip.audio.snap_detector: Snap detector deactivated.
2026-05-24 04:07:07,560 [INFO] auhip.vision.worker: Vision Worker started.
2026-05-24 04:07:07,583 [INFO] auhip.vision.worker: Vision mode set to: camera
2026-05-24 04:07:07,583 [INFO] auhip.core.agent: Local skill matched for: 'open camera'
2026-05-24 04:07:07,591 [INFO] auhip.core.state_machine: Voice mode loop ended. Current state: CAMERA_MODE
2026-05-24 04:07:07,714 [WARNING] auhip.core.state_machine: Unknown attention state: UNKNOWN
2026-05-24 04:07:12,122 [INFO] auhip.core.state_machine: Gesture detected: one_index_up (conf: 0.95, State: CAMERA_MODE)
2026-05-24 04:07:12,287 [INFO] auhip.vision.worker: Index Up confirmed (5 frames). Starting temp voice.
2026-05-24 04:07:12,292 [INFO] auhip.core.state_machine: Temp voice listening activated in Camera Mode.
2026-05-24 04:07:12,295 [INFO] auhip.audio.speech_recognition: Vosk is listening (shared stream)...
2026-05-24 04:07:14,223 [INFO] auhip.audio.speech_recognition: Vosk Recognized: "minimise"
2026-05-24 04:07:14,226 [INFO] auhip.core.state_machine: Processing temp voice command: minimise
2026-05-24 04:07:14,231 [INFO] auhip.core.llm.router: Dispatching intent processing for prompt: 'minimise'
2026-05-24 04:07:14,742 [ERROR] auhip.core.llm.local_model: Local core REST rejection (404): {"error":"model 'qwen:4b' not found"}
2026-05-24 04:07:14,742 [WARNING] auhip.core.llm.local_model: Ollama connection error on attempt 1: Ollama execution error: 404
2026-05-24 04:07:15,209 [ERROR] auhip.core.llm.local_model: Local core REST rejection (404): {"error":"model 'qwen:4b' not found"}
2026-05-24 04:07:15,209 [WARNING] auhip.core.llm.local_model: Ollama connection error on attempt 2: Ollama execution error: 404
2026-05-24 04:07:15,429 [ERROR] auhip.core.llm.local_model: Local primary model failed after 2 attempts. Triggering cloud fallback.
2026-05-24 04:07:15,430 [INFO] auhip.core.llm.router: Local core execution unavailable or errored. Escalating reasoning request to Layer 3 cloud neural infrastructure.
2026-05-24 04:07:19,139 [INFO] auhip.core.llm.router: Finalized structural resolution: Intent='minimize_window', Confidence=0.98, Tool=minimize_window
2026-05-24 04:07:19,140 [ERROR] auhip.core.llm.tool_manager: Unregistered tool execution requested: minimize_window
2026-05-24 04:07:19,140 [ERROR] auhip.core.agent: Router core execution error: 'Tool minimize_window is unknown.'
2026-05-24 04:07:19,383 [INFO] auhip.audio.speech_recognition: Vosk is listening (shared stream)...
2026-05-24 04:07:23,183 [INFO] auhip.core.state_machine: Gesture detected: one_index_up (conf: 0.95, State: CAMERA_MODE)
2026-05-24 04:07:23,212 [INFO] auhip.core.state_machine: Gesture detected: rock_sign (conf: 0.95, State: CAMERA_MODE)
2026-05-24 04:07:23,212 [INFO] auhip.core.state_machine: Exit gesture 'rock_sign' triggered in Camera Mode.
2026-05-24 04:07:23,213 [INFO] auhip.core.state_machine: Exiting Camera Mode -> Returning to Voice Mode
2026-05-24 04:07:23,213 [INFO] auhip.core.state_machine: Temp voice listening deactivated.
2026-05-24 04:07:23,213 [INFO] auhip.vision.worker: Vision mode set to: none
2026-05-24 04:07:23,223 [INFO] auhip.audio.speech_recognition: Vosk listening cancelled by event.
2026-05-24 04:07:23,236 [INFO] auhip.audio.speech_recognition: Requesting Google Cloud fallback recognition...
2026-05-24 04:07:23,271 [INFO] auhip.vision.worker: Vision Worker stopped.
2026-05-24 04:07:23,271 [INFO] auhip.audio.snap_detector: Snap detector deactivated.
2026-05-24 04:07:23,303 [INFO] auhip.audio.snap_detector: Snap detector deactivated.
2026-05-24 04:07:23,303 [INFO] auhip.vision.worker: Vision mode set to: none
2026-05-24 04:07:23,366 [INFO] auhip.audio.speech_recognition: Vosk is listening (shared stream)...
2026-05-24 04:07:23,666 [INFO] auhip.core.state_machine: Ignoring temp voice result — finger was lowered.
2026-05-24 04:07:33,412 [INFO] auhip.audio.speech_recognition: Requesting Google Cloud fallback recognition...
2026-05-24 04:07:34,067 [INFO] auhip.audio.speech_recognition: Vosk is listening (shared stream)...
2026-05-24 04:07:44,160 [INFO] auhip.audio.speech_recognition: Vosk Recognized (Final): "okay to camera"
2026-05-24 04:07:44,168 [INFO] auhip.core.llm.router: Dispatching intent processing for prompt: 'okay to camera'
2026-05-24 04:07:44,663 [ERROR] auhip.core.llm.local_model: Local core REST rejection (404): {"error":"model 'qwen:4b' not found"}
2026-05-24 04:07:44,663 [WARNING] auhip.core.llm.local_model: Ollama connection error on attempt 1: Ollama execution error: 404
2026-05-24 04:07:45,121 [ERROR] auhip.core.llm.local_model: Local core REST rejection (404): {"error":"model 'qwen:4b' not found"}
2026-05-24 04:07:45,122 [WARNING] auhip.core.llm.local_model: Ollama connection error on attempt 2: Ollama execution error: 404
2026-05-24 04:07:45,318 [ERROR] auhip.core.llm.local_model: Local primary model failed after 2 attempts. Triggering cloud fallback.
2026-05-24 04:07:45,318 [INFO] auhip.core.llm.router: Local core execution unavailable or errored. Escalating reasoning request to Layer 3 cloud neural infrastructure.
2026-05-24 04:07:49,833 [INFO] auhip.core.llm.router: Finalized structural resolution: Intent='acknowledge_camera', Confidence=0.95, Tool=None
2026-05-24 04:07:49,855 [INFO] auhip.audio.speech_recognition: Vosk is listening (shared stream)...
2026-05-24 04:07:55,559 [INFO] auhip.audio.speech_recognition: Vosk Recognized: "open camera"
2026-05-24 04:07:55,565 [INFO] auhip.audio.snap_detector: Snap detector deactivated.
2026-05-24 04:07:55,584 [INFO] auhip.vision.worker: Vision mode set to: camera
2026-05-24 04:07:55,675 [INFO] auhip.vision.worker: Vision Worker started.
2026-05-24 04:07:55,678 [INFO] auhip.core.agent: Local skill matched for: 'open camera'
2026-05-24 04:07:55,686 [INFO] auhip.core.state_machine: Voice mode loop ended. Current state: CAMERA_MODE
2026-05-24 04:07:55,750 [INFO] auhip.core.state_machine: Gesture detected: rock_sign (conf: 0.95, State: CAMERA_MODE)
2026-05-24 04:07:55,750 [INFO] auhip.core.state_machine: Exit gesture 'rock_sign' triggered in Camera Mode.
2026-05-24 04:07:55,750 [INFO] auhip.core.state_machine: Exiting Camera Mode -> Returning to Voice Mode
2026-05-24 04:07:55,751 [INFO] auhip.vision.worker: Vision mode set to: none
2026-05-24 04:07:55,784 [INFO] auhip.vision.worker: Vision Worker stopped.
2026-05-24 04:07:55,785 [INFO] auhip.audio.snap_detector: Snap detector deactivated.
2026-05-24 04:07:55,816 [INFO] auhip.audio.snap_detector: Snap detector deactivated.
2026-05-24 04:07:55,816 [INFO] auhip.vision.worker: Vision mode set to: none
2026-05-24 04:07:55,840 [INFO] auhip.audio.speech_recognition: Vosk is listening (shared stream)...
2026-05-24 04:07:59,226 [INFO] auhip.audio.speech_recognition: Vosk Recognized: "open camera"
2026-05-24 04:07:59,232 [INFO] auhip.audio.snap_detector: Snap detector deactivated.
2026-05-24 04:07:59,251 [INFO] auhip.vision.worker: Vision mode set to: camera
2026-05-24 04:07:59,343 [INFO] auhip.vision.worker: Vision Worker started.
2026-05-24 04:07:59,345 [INFO] auhip.core.agent: Local skill matched for: 'open camera'
2026-05-24 04:07:59,354 [INFO] auhip.core.state_machine: Voice mode loop ended. Current state: CAMERA_MODE
2026-05-24 04:08:08,368 [INFO] auhip.core.state_machine: Gesture detected: open_palm (conf: 0.95, State: CAMERA_MODE)
2026-05-24 04:08:09,381 [INFO] auhip.core.state_machine: Gesture detected: rock_sign (conf: 0.95, State: CAMERA_MODE)
2026-05-24 04:08:09,381 [INFO] auhip.core.state_machine: Exit gesture 'rock_sign' triggered in Camera Mode.
2026-05-24 04:08:09,381 [INFO] auhip.core.state_machine: Exiting Camera Mode -> Returning to Voice Mode
2026-05-24 04:08:09,381 [INFO] auhip.vision.worker: Vision mode set to: none
2026-05-24 04:08:09,418 [INFO] auhip.vision.worker: Vision Worker stopped.
2026-05-24 04:08:09,419 [INFO] auhip.audio.snap_detector: Snap detector deactivated.
2026-05-24 04:08:09,434 [INFO] auhip.audio.snap_detector: Snap detector deactivated.
2026-05-24 04:08:09,435 [INFO] auhip.vision.worker: Vision mode set to: none
2026-05-24 04:08:09,483 [INFO] auhip.audio.speech_recognition: Vosk is listening (shared stream)...
2026-05-24 04:08:16,461 [INFO] auhip.audio.speech_recognition: Vosk Recognized: "it camera"
2026-05-24 04:08:16,467 [INFO] auhip.core.llm.router: Dispatching intent processing for prompt: 'it camera'
2026-05-24 04:08:16,959 [ERROR] auhip.core.llm.local_model: Local core REST rejection (404): {"error":"model 'qwen:4b' not found"}
2026-05-24 04:08:16,960 [WARNING] auhip.core.llm.local_model: Ollama connection error on attempt 1: Ollama execution error: 404
2026-05-24 04:08:17,418 [ERROR] auhip.core.llm.local_model: Local core REST rejection (404): {"error":"model 'qwen:4b' not found"}
2026-05-24 04:08:17,418 [WARNING] auhip.core.llm.local_model: Ollama connection error on attempt 2: Ollama execution error: 404
2026-05-24 04:08:17,619 [ERROR] auhip.core.llm.local_model: Local primary model failed after 2 attempts. Triggering cloud fallback.
2026-05-24 04:08:17,619 [INFO] auhip.core.llm.router: Local core execution unavailable or errored. Escalating reasoning request to Layer 3 cloud neural infrastructure.
2026-05-24 04:08:22,284 [INFO] auhip.core.llm.router: Finalized structural resolution: Intent='camera_status', Confidence=0.90, Tool=None
2026-05-24 04:08:22,309 [INFO] auhip.audio.speech_recognition: Vosk is listening (shared stream)...
2026-05-24 04:08:26,162 [INFO] auhip.audio.speech_recognition: Vosk Recognized: "often cabinet"
2026-05-24 04:08:26,168 [INFO] auhip.core.llm.router: Dispatching intent processing for prompt: 'often cabinet'
2026-05-24 04:08:26,666 [ERROR] auhip.core.llm.local_model: Local core REST rejection (404): {"error":"model 'qwen:4b' not found"}
2026-05-24 04:08:26,667 [WARNING] auhip.core.llm.local_model: Ollama connection error on attempt 1: Ollama execution error: 404
2026-05-24 04:08:27,115 [ERROR] auhip.core.llm.local_model: Local core REST rejection (404): {"error":"model 'qwen:4b' not found"}
2026-05-24 04:08:27,115 [WARNING] auhip.core.llm.local_model: Ollama connection error on attempt 2: Ollama execution error: 404
2026-05-24 04:08:27,325 [ERROR] auhip.core.llm.local_model: Local primary model failed after 2 attempts. Triggering cloud fallback.
2026-05-24 04:08:27,325 [INFO] auhip.core.llm.router: Local core execution unavailable or errored. Escalating reasoning request to Layer 3 cloud neural infrastructure.
2026-05-24 04:08:30,860 [INFO] auhip.core.llm.router: Finalized structural resolution: Intent='unknown', Confidence=0.10, Tool=None
2026-05-24 04:08:30,873 [INFO] auhip.audio.speech_recognition: Vosk is listening (shared stream)...
2026-05-24 04:08:36,607 [INFO] auhip.audio.speech_recognition: Vosk Recognized: "op ed camera"
2026-05-24 04:08:36,613 [INFO] auhip.core.llm.router: Dispatching intent processing for prompt: 'op ed camera'
2026-05-24 04:08:37,124 [ERROR] auhip.core.llm.local_model: Local core REST rejection (404): {"error":"model 'qwen:4b' not found"}
2026-05-24 04:08:37,124 [WARNING] auhip.core.llm.local_model: Ollama connection error on attempt 1: Ollama execution error: 404
2026-05-24 04:08:37,578 [ERROR] auhip.core.llm.local_model: Local core REST rejection (404): {"error":"model 'qwen:4b' not found"}
2026-05-24 04:08:37,578 [WARNING] auhip.core.llm.local_model: Ollama connection error on attempt 2: Ollama execution error: 404
2026-05-24 04:08:37,773 [ERROR] auhip.core.llm.local_model: Local primary model failed after 2 attempts. Triggering cloud fallback.
2026-05-24 04:08:37,773 [INFO] auhip.core.llm.router: Local core execution unavailable or errored. Escalating reasoning request to Layer 3 cloud neural infrastructure.
2026-05-24 04:08:42,779 [INFO] auhip.core.llm.router: Finalized structural resolution: Intent='enable_camera', Confidence=0.92, Tool=enable_camera
2026-05-24 04:08:42,779 [INFO] auhip.core.llm.context_manager: Context length constraint triggered. Pruning oldest conversational turns.
2026-05-24 04:08:42,779 [ERROR] auhip.core.llm.tool_manager: Unregistered tool execution requested: enable_camera
2026-05-24 04:08:42,780 [ERROR] auhip.core.agent: Router core execution error: 'Tool enable_camera is unknown.'
2026-05-24 04:08:42,805 [INFO] auhip.audio.speech_recognition: Vosk is listening (shared stream)...
2026-05-24 04:08:45,668 [INFO] auhip.audio.speech_recognition: Vosk Recognized: "op hidden camera"
2026-05-24 04:08:45,674 [INFO] auhip.core.llm.router: Dispatching intent processing for prompt: 'op hidden camera'
2026-05-24 04:08:45,675 [INFO] auhip.core.llm.context_manager: Context length constraint triggered. Pruning oldest conversational turns.
2026-05-24 04:08:46,183 [ERROR] auhip.core.llm.local_model: Local core REST rejection (404): {"error":"model 'qwen:4b' not found"}
2026-05-24 04:08:46,184 [WARNING] auhip.core.llm.local_model: Ollama connection error on attempt 1: Ollama execution error: 404
2026-05-24 04:08:46,637 [ERROR] auhip.core.llm.local_model: Local core REST rejection (404): {"error":"model 'qwen:4b' not found"}
2026-05-24 04:08:46,638 [WARNING] auhip.core.llm.local_model: Ollama connection error on attempt 2: Ollama execution error: 404
2026-05-24 04:08:46,832 [ERROR] auhip.core.llm.local_model: Local primary model failed after 2 attempts. Triggering cloud fallback.
2026-05-24 04:08:46,832 [INFO] auhip.core.llm.router: Local core execution unavailable or errored. Escalating reasoning request to Layer 3 cloud neural infrastructure.
2026-05-24 04:08:50,577 [INFO] auhip.core.llm.router: Finalized structural resolution: Intent='enable_camera', Confidence=0.95, Tool=enable_camera
2026-05-24 04:08:50,578 [INFO] auhip.core.llm.context_manager: Context length constraint triggered. Pruning oldest conversational turns.
2026-05-24 04:08:50,578 [ERROR] auhip.core.llm.tool_manager: Unregistered tool execution requested: enable_camera
2026-05-24 04:08:50,578 [ERROR] auhip.core.agent: Router core execution error: 'Tool enable_camera is unknown.'
2026-05-24 04:08:50,604 [INFO] auhip.audio.speech_recognition: Vosk is listening (shared stream)...
2026-05-24 04:08:53,697 [INFO] auhip.audio.speech_recognition: Vosk Recognized: "oh hidden camera"
2026-05-24 04:08:53,705 [INFO] auhip.core.llm.router: Dispatching intent processing for prompt: 'oh hidden camera'
2026-05-24 04:08:53,706 [INFO] auhip.core.llm.context_manager: Context length constraint triggered. Pruning oldest conversational turns.
2026-05-24 04:08:54,218 [ERROR] auhip.core.llm.local_model: Local core REST rejection (404): {"error":"model 'qwen:4b' not found"}
2026-05-24 04:08:54,218 [WARNING] auhip.core.llm.local_model: Ollama connection error on attempt 1: Ollama execution error: 404
2026-05-24 04:08:54,671 [ERROR] auhip.core.llm.local_model: Local core REST rejection (404): {"error":"model 'qwen:4b' not found"}
2026-05-24 04:08:54,671 [WARNING] auhip.core.llm.local_model: Ollama connection error on attempt 2: Ollama execution error: 404
2026-05-24 04:08:54,864 [ERROR] auhip.core.llm.local_model: Local primary model failed after 2 attempts. Triggering cloud fallback.
2026-05-24 04:08:54,864 [INFO] auhip.core.llm.router: Local core execution unavailable or errored. Escalating reasoning request to Layer 3 cloud neural infrastructure.
2026-05-24 04:08:58,774 [INFO] auhip.audio.snap_detector: Snap detector deactivated.
2026-05-24 04:08:58,796 [INFO] auhip.vision.worker: Vision mode set to: camera
2026-05-24 04:08:58,893 [INFO] auhip.vision.worker: Vision Worker started.
2026-05-24 04:08:58,965 [INFO] auhip.core.state_machine: Gesture detected: one_index_up (conf: 0.95, State: CAMERA_MODE)
2026-05-24 04:08:59,619 [INFO] auhip.core.llm.router: Finalized structural resolution: Intent='enable_camera', Confidence=0.98, Tool=enable_camera
2026-05-24 04:08:59,619 [INFO] auhip.core.llm.context_manager: Context length constraint triggered. Pruning oldest conversational turns.
2026-05-24 04:08:59,619 [ERROR] auhip.core.llm.tool_manager: Unregistered tool execution requested: enable_camera
2026-05-24 04:08:59,619 [ERROR] auhip.core.agent: Router core execution error: 'Tool enable_camera is unknown.'
2026-05-24 04:08:59,626 [INFO] auhip.core.state_machine: Voice mode loop ended. Current state: CAMERA_MODE
2026-05-24 04:09:02,170 [INFO] auhip.core.state_machine: Gesture detected: fist (conf: 0.90, State: CAMERA_MODE)
2026-05-24 04:09:02,262 [INFO] auhip.core.state_machine: Gesture detected: open_palm (conf: 0.95, State: CAMERA_MODE)
2026-05-24 04:09:03,182 [INFO] auhip.core.state_machine: Gesture detected: fist (conf: 0.90, State: CAMERA_MODE)
2026-05-24 04:09:03,552 [INFO] auhip.core.state_machine: Gesture detected: fist (conf: 0.90, State: CAMERA_MODE)
2026-05-24 04:09:30,811 [INFO] auhip.core.state_machine: Gesture detected: open_palm (conf: 0.95, State: CAMERA_MODE)
2026-05-24 04:09:30,933 [INFO] auhip.core.state_machine: Gesture detected: one_index_up (conf: 0.95, State: CAMERA_MODE)
2026-05-24 04:09:30,978 [INFO] auhip.core.state_machine: Gesture detected: open_palm (conf: 0.95, State: CAMERA_MODE)
2026-05-24 04:09:31,636 [INFO] auhip.core.state_machine: Gesture detected: shake_up (conf: 0.85, State: CAMERA_MODE)
2026-05-24 04:09:31,763 [INFO] auhip.core.state_machine: Gesture detected: fist (conf: 0.90, State: CAMERA_MODE)
2026-05-24 04:09:34,324 [INFO] auhip.core.state_machine: Gesture detected: open_palm (conf: 0.95, State: CAMERA_MODE)
2026-05-24 04:09:34,543 [INFO] auhip.core.state_machine: Gesture detected: one_index_up (conf: 0.95, State: CAMERA_MODE)
2026-05-24 04:09:34,591 [INFO] auhip.core.state_machine: Gesture detected: three_fingers_up (conf: 0.90, State: CAMERA_MODE)
2026-05-24 04:09:34,719 [INFO] auhip.core.state_machine: Gesture detected: three_fingers_up (conf: 0.90, State: CAMERA_MODE)
2026-05-24 04:09:34,779 [INFO] auhip.core.state_machine: Gesture detected: three_fingers_up (conf: 0.90, State: CAMERA_MODE)
2026-05-24 04:09:34,825 [INFO] auhip.core.state_machine: Gesture detected: three_fingers_up (conf: 0.90, State: CAMERA_MODE)
2026-05-24 04:09:34,956 [INFO] auhip.core.state_machine: Gesture detected: three_fingers_up (conf: 0.90, State: CAMERA_MODE)
2026-05-24 04:09:35,012 [INFO] auhip.core.state_machine: Gesture detected: three_fingers_up (conf: 0.90, State: CAMERA_MODE)
2026-05-24 04:09:35,058 [INFO] auhip.core.state_machine: Gesture detected: three_fingers_up (conf: 0.90, State: CAMERA_MODE)
2026-05-24 04:09:35,188 [INFO] auhip.core.state_machine: Gesture detected: three_fingers_up (conf: 0.90, State: CAMERA_MODE)
2026-05-24 04:09:35,246 [INFO] auhip.core.state_machine: Gesture detected: three_fingers_up (conf: 0.90, State: CAMERA_MODE)
2026-05-24 04:09:35,291 [INFO] auhip.core.state_machine: Gesture detected: three_fingers_up (conf: 0.90, State: CAMERA_MODE)
2026-05-24 04:09:35,422 [INFO] auhip.core.state_machine: Gesture detected: three_fingers_up (conf: 0.90, State: CAMERA_MODE)
2026-05-24 04:09:35,481 [INFO] auhip.core.state_machine: Gesture detected: three_fingers_up (conf: 0.90, State: CAMERA_MODE)
2026-05-24 04:09:35,526 [INFO] auhip.core.state_machine: Gesture detected: three_fingers_up (conf: 0.90, State: CAMERA_MODE)
2026-05-24 04:09:35,658 [INFO] auhip.core.state_machine: Gesture detected: three_fingers_up (conf: 0.90, State: CAMERA_MODE)
2026-05-24 04:09:35,717 [INFO] auhip.core.state_machine: Gesture detected: three_fingers_up (conf: 0.90, State: CAMERA_MODE)
2026-05-24 04:09:35,763 [INFO] auhip.core.state_machine: Gesture detected: three_fingers_up (conf: 0.90, State: CAMERA_MODE)
2026-05-24 04:09:35,894 [INFO] auhip.core.state_machine: Gesture detected: three_fingers_up (conf: 0.90, State: CAMERA_MODE)
2026-05-24 04:09:35,949 [INFO] auhip.core.state_machine: Gesture detected: three_fingers_up (conf: 0.90, State: CAMERA_MODE)
2026-05-24 04:09:35,995 [INFO] auhip.core.state_machine: Gesture detected: three_fingers_up (conf: 0.90, State: CAMERA_MODE)
2026-05-24 04:09:36,124 [INFO] auhip.core.state_machine: Gesture detected: three_fingers_up (conf: 0.90, State: CAMERA_MODE)
2026-05-24 04:09:36,184 [INFO] auhip.core.state_machine: Gesture detected: three_fingers_up (conf: 0.90, State: CAMERA_MODE)
2026-05-24 04:09:36,231 [INFO] auhip.core.state_machine: Gesture detected: three_fingers_up (conf: 0.90, State: CAMERA_MODE)
2026-05-24 04:09:36,361 [INFO] auhip.core.state_machine: Gesture detected: three_fingers_up (conf: 0.90, State: CAMERA_MODE)
2026-05-24 04:09:36,417 [INFO] auhip.core.state_machine: Gesture detected: three_fingers_up (conf: 0.90, State: CAMERA_MODE)
2026-05-24 04:09:36,465 [INFO] auhip.core.state_machine: Gesture detected: three_fingers_up (conf: 0.90, State: CAMERA_MODE)
2026-05-24 04:09:36,595 [INFO] auhip.core.state_machine: Gesture detected: three_fingers_up (conf: 0.90, State: CAMERA_MODE)
2026-05-24 04:09:36,651 [INFO] auhip.core.state_machine: Gesture detected: three_fingers_up (conf: 0.90, State: CAMERA_MODE)
2026-05-24 04:09:36,703 [INFO] auhip.core.state_machine: Gesture detected: three_fingers_up (conf: 0.90, State: CAMERA_MODE)
2026-05-24 04:09:36,835 [INFO] auhip.core.state_machine: Gesture detected: three_fingers_up (conf: 0.90, State: CAMERA_MODE)
2026-05-24 04:09:36,889 [INFO] auhip.core.state_machine: Gesture detected: three_fingers_up (conf: 0.90, State: CAMERA_MODE)
2026-05-24 04:09:36,934 [INFO] auhip.core.state_machine: Gesture detected: three_fingers_up (conf: 0.90, State: CAMERA_MODE)
2026-05-24 04:09:37,064 [INFO] auhip.core.state_machine: Gesture detected: three_fingers_up (conf: 0.90, State: CAMERA_MODE)
2026-05-24 04:09:37,122 [INFO] auhip.core.state_machine: Gesture detected: three_fingers_up (conf: 0.90, State: CAMERA_MODE)
2026-05-24 04:09:37,170 [INFO] auhip.core.state_machine: Gesture detected: three_fingers_up (conf: 0.90, State: CAMERA_MODE)
2026-05-24 04:09:37,300 [INFO] auhip.core.state_machine: Gesture detected: three_fingers_up (conf: 0.90, State: CAMERA_MODE)
2026-05-24 04:09:37,355 [INFO] auhip.core.state_machine: Gesture detected: three_fingers_up (conf: 0.90, State: CAMERA_MODE)
2026-05-24 04:09:37,404 [INFO] auhip.core.state_machine: Gesture detected: three_fingers_up (conf: 0.90, State: CAMERA_MODE)
2026-05-24 04:09:37,533 [INFO] auhip.core.state_machine: Gesture detected: three_fingers_up (conf: 0.90, State: CAMERA_MODE)
2026-05-24 04:09:37,589 [INFO] auhip.core.state_machine: Gesture detected: three_fingers_up (conf: 0.90, State: CAMERA_MODE)
2026-05-24 04:09:37,637 [INFO] auhip.core.state_machine: Gesture detected: three_fingers_up (conf: 0.90, State: CAMERA_MODE)
2026-05-24 04:09:37,766 [INFO] auhip.core.state_machine: Gesture detected: three_fingers_up (conf: 0.90, State: CAMERA_MODE)
2026-05-24 04:09:37,842 [INFO] auhip.core.state_machine: Gesture detected: three_fingers_up (conf: 0.90, State: CAMERA_MODE)
2026-05-24 04:09:37,980 [INFO] auhip.core.state_machine: Gesture detected: three_fingers_up (conf: 0.90, State: CAMERA_MODE)
2026-05-24 04:09:38,014 [INFO] auhip.core.state_machine: Gesture detected: three_fingers_up (conf: 0.90, State: CAMERA_MODE)
2026-05-24 04:09:38,058 [INFO] auhip.core.state_machine: Gesture detected: three_fingers_up (conf: 0.90, State: CAMERA_MODE)
2026-05-24 04:09:38,191 [INFO] auhip.core.state_machine: Gesture detected: three_fingers_up (conf: 0.90, State: CAMERA_MODE)
2026-05-24 04:09:38,248 [INFO] auhip.core.state_machine: Gesture detected: one_index_up (conf: 0.95, State: CAMERA_MODE)
2026-05-24 04:09:38,341 [INFO] auhip.core.state_machine: Gesture detected: fist (conf: 0.90, State: CAMERA_MODE)
2026-05-24 04:09:38,499 [INFO] auhip.core.state_machine: Gesture detected: one_index_up (conf: 0.95, State: CAMERA_MODE)
2026-05-24 04:09:38,525 [INFO] auhip.core.state_machine: Gesture detected: peace_sign (conf: 0.95, State: CAMERA_MODE)
2026-05-24 04:09:38,574 [INFO] auhip.core.state_machine: Gesture detected: peace_sign (conf: 0.95, State: CAMERA_MODE)
2026-05-24 04:09:38,619 [INFO] auhip.core.state_machine: Gesture detected: peace_sign (conf: 0.95, State: CAMERA_MODE)
2026-05-24 04:09:38,667 [INFO] auhip.core.state_machine: Gesture detected: peace_sign (conf: 0.95, State: CAMERA_MODE)
2026-05-24 04:09:38,715 [INFO] auhip.core.state_machine: Gesture detected: peace_sign (conf: 0.95, State: CAMERA_MODE)
2026-05-24 04:09:38,759 [INFO] auhip.core.state_machine: Gesture detected: three_fingers_up (conf: 0.90, State: CAMERA_MODE)
2026-05-24 04:09:38,889 [INFO] auhip.core.state_machine: Gesture detected: peace_sign (conf: 0.95, State: CAMERA_MODE)
2026-05-24 04:09:38,953 [INFO] auhip.core.state_machine: Gesture detected: one_index_up (conf: 0.95, State: CAMERA_MODE)
2026-05-24 04:09:38,998 [INFO] auhip.core.state_machine: Gesture detected: fist (conf: 0.90, State: CAMERA_MODE)
2026-05-24 04:09:40,093 [INFO] auhip.core.state_machine: Gesture detected: open_palm (conf: 0.95, State: CAMERA_MODE)
2026-05-24 04:09:40,121 [INFO] auhip.core.state_machine: Gesture detected: one_index_up (conf: 0.95, State: CAMERA_MODE)
2026-05-24 04:09:40,233 [INFO] auhip.core.state_machine: Gesture detected: peace_sign (conf: 0.95, State: CAMERA_MODE)
2026-05-24 04:09:40,262 [INFO] auhip.core.state_machine: Gesture detected: peace_sign (conf: 0.95, State: CAMERA_MODE)
2026-05-24 04:09:40,305 [INFO] auhip.core.state_machine: Gesture detected: three_fingers_up (conf: 0.90, State: CAMERA_MODE)
2026-05-24 04:09:40,435 [INFO] auhip.core.state_machine: Gesture detected: peace_sign (conf: 0.95, State: CAMERA_MODE)
2026-05-24 04:09:40,496 [INFO] auhip.core.state_machine: Gesture detected: peace_sign (conf: 0.95, State: CAMERA_MODE)
2026-05-24 04:09:40,543 [INFO] auhip.core.state_machine: Gesture detected: peace_sign (conf: 0.95, State: CAMERA_MODE)
2026-05-24 04:09:40,591 [INFO] auhip.core.state_machine: Gesture detected: peace_sign (conf: 0.95, State: CAMERA_MODE)
2026-05-24 04:09:40,638 [INFO] auhip.core.state_machine: Gesture detected: peace_sign (conf: 0.95, State: CAMERA_MODE)
2026-05-24 04:09:40,684 [INFO] auhip.core.state_machine: Gesture detected: peace_sign (conf: 0.95, State: CAMERA_MODE)
2026-05-24 04:09:40,728 [INFO] auhip.core.state_machine: Gesture detected: peace_sign (conf: 0.95, State: CAMERA_MODE)
2026-05-24 04:09:40,775 [INFO] auhip.core.state_machine: Gesture detected: three_fingers_up (conf: 0.90, State: CAMERA_MODE)
2026-05-24 04:09:40,905 [INFO] auhip.core.state_machine: Gesture detected: peace_sign (conf: 0.95, State: CAMERA_MODE)
2026-05-24 04:09:41,950 [INFO] auhip.core.state_machine: Gesture detected: three_fingers_down (conf: 0.90, State: CAMERA_MODE)
2026-05-24 04:09:42,078 [INFO] auhip.core.state_machine: Gesture detected: fist (conf: 0.90, State: CAMERA_MODE)
2026-05-24 04:09:42,375 [INFO] auhip.core.state_machine: Gesture detected: three_fingers_right (conf: 0.90, State: CAMERA_MODE)
2026-05-24 04:09:42,511 [INFO] auhip.core.state_machine: Gesture detected: three_fingers_right (conf: 0.90, State: CAMERA_MODE)
2026-05-24 04:09:42,562 [INFO] auhip.core.state_machine: Gesture detected: three_fingers_right (conf: 0.90, State: CAMERA_MODE)
2026-05-24 04:09:42,607 [INFO] auhip.core.state_machine: Gesture detected: fist (conf: 0.90, State: CAMERA_MODE)
2026-05-24 04:09:44,547 [INFO] auhip.core.state_machine: Gesture detected: three_fingers_up (conf: 0.90, State: CAMERA_MODE)
2026-05-24 04:09:44,675 [INFO] auhip.core.state_machine: Gesture detected: fist (conf: 0.90, State: CAMERA_MODE)
2026-05-24 04:09:44,718 [INFO] auhip.core.state_machine: Gesture detected: three_fingers_up (conf: 0.90, State: CAMERA_MODE)
2026-05-24 04:09:44,762 [INFO] auhip.core.state_machine: Gesture detected: peace_sign (conf: 0.95, State: CAMERA_MODE)
2026-05-24 04:09:44,813 [INFO] auhip.core.state_machine: Gesture detected: peace_sign (conf: 0.95, State: CAMERA_MODE)
2026-05-24 04:09:44,857 [INFO] auhip.core.state_machine: Gesture detected: peace_sign (conf: 0.95, State: CAMERA_MODE)
2026-05-24 04:09:44,904 [INFO] auhip.core.state_machine: Gesture detected: peace_sign (conf: 0.95, State: CAMERA_MODE)
2026-05-24 04:09:44,950 [INFO] auhip.core.state_machine: Gesture detected: peace_sign (conf: 0.95, State: CAMERA_MODE)
2026-05-24 04:09:44,994 [INFO] auhip.core.state_machine: Gesture detected: peace_sign (conf: 0.95, State: CAMERA_MODE)
2026-05-24 04:09:45,041 [INFO] auhip.core.state_machine: Gesture detected: peace_sign (conf: 0.95, State: CAMERA_MODE)
2026-05-24 04:09:45,087 [INFO] auhip.core.state_machine: Gesture detected: peace_sign (conf: 0.95, State: CAMERA_MODE)
2026-05-24 04:09:45,135 [INFO] auhip.core.state_machine: Gesture detected: peace_sign (conf: 0.95, State: CAMERA_MODE)
2026-05-24 04:09:45,184 [INFO] auhip.core.state_machine: Gesture detected: peace_sign (conf: 0.95, State: CAMERA_MODE)
2026-05-24 04:09:46,494 [INFO] auhip.core.state_machine: Gesture detected: one_index_up (conf: 0.95, State: CAMERA_MODE)
2026-05-24 04:09:46,588 [INFO] auhip.core.state_machine: Gesture detected: open_palm (conf: 0.95, State: CAMERA_MODE)
2026-05-24 04:09:46,636 [INFO] auhip.core.state_machine: Gesture detected: three_fingers_up (conf: 0.90, State: CAMERA_MODE)
2026-05-24 04:09:46,767 [INFO] auhip.core.state_machine: Gesture detected: peace_sign (conf: 0.95, State: CAMERA_MODE)
2026-05-24 04:09:46,826 [INFO] auhip.core.state_machine: Gesture detected: peace_sign (conf: 0.95, State: CAMERA_MODE)
2026-05-24 04:09:46,874 [INFO] auhip.core.state_machine: Gesture detected: peace_sign (conf: 0.95, State: CAMERA_MODE)
2026-05-24 04:09:46,920 [INFO] auhip.core.state_machine: Gesture detected: peace_sign (conf: 0.95, State: CAMERA_MODE)
2026-05-24 04:09:46,965 [INFO] auhip.core.state_machine: Gesture detected: peace_sign (conf: 0.95, State: CAMERA_MODE)
2026-05-24 04:09:47,012 [INFO] auhip.core.state_machine: Gesture detected: peace_sign (conf: 0.95, State: CAMERA_MODE)
2026-05-24 04:09:47,055 [INFO] auhip.core.state_machine: Gesture detected: peace_sign (conf: 0.95, State: CAMERA_MODE)
2026-05-24 04:09:48,343 [INFO] auhip.core.state_machine: Gesture detected: three_fingers_left (conf: 0.90, State: CAMERA_MODE)
2026-05-24 04:09:48,475 [INFO] auhip.core.state_machine: Gesture detected: three_fingers_left (conf: 0.90, State: CAMERA_MODE)
2026-05-24 04:09:48,560 [INFO] auhip.core.state_machine: Gesture detected: three_fingers_down (conf: 0.90, State: CAMERA_MODE)
2026-05-24 04:09:48,691 [INFO] auhip.core.state_machine: Gesture detected: peace_sign (conf: 0.95, State: CAMERA_MODE)
2026-05-24 04:09:48,751 [INFO] auhip.core.state_machine: Gesture detected: three_fingers_up (conf: 0.90, State: CAMERA_MODE)
2026-05-24 04:09:48,794 [INFO] auhip.core.state_machine: Gesture detected: open_palm (conf: 0.95, State: CAMERA_MODE)
2026-05-24 04:09:48,842 [INFO] auhip.core.state_machine: Gesture detected: three_fingers_right (conf: 0.90, State: CAMERA_MODE)
2026-05-24 04:09:48,893 [INFO] auhip.core.state_machine: Gesture detected: three_fingers_right (conf: 0.90, State: CAMERA_MODE)
2026-05-24 04:09:48,938 [INFO] auhip.core.state_machine: Gesture detected: three_fingers_right (conf: 0.90, State: CAMERA_MODE)
2026-05-24 04:09:48,978 [INFO] auhip.core.state_machine: Gesture detected: three_fingers_right (conf: 0.90, State: CAMERA_MODE)
2026-05-24 04:09:49,026 [INFO] auhip.core.state_machine: Gesture detected: three_fingers_right (conf: 0.90, State: CAMERA_MODE)
2026-05-24 04:09:49,075 [INFO] auhip.core.state_machine: Gesture detected: three_fingers_right (conf: 0.90, State: CAMERA_MODE)
2026-05-24 04:09:49,118 [INFO] auhip.core.state_machine: Gesture detected: three_fingers_right (conf: 0.90, State: CAMERA_MODE)
2026-05-24 04:09:49,165 [INFO] auhip.core.state_machine: Gesture detected: three_fingers_right (conf: 0.90, State: CAMERA_MODE)
2026-05-24 04:09:49,216 [INFO] auhip.core.state_machine: Gesture detected: three_fingers_right (conf: 0.90, State: CAMERA_MODE)
2026-05-24 04:09:49,259 [INFO] auhip.core.state_machine: Gesture detected: three_fingers_right (conf: 0.90, State: CAMERA_MODE)
2026-05-24 04:09:49,305 [INFO] auhip.core.state_machine: Gesture detected: three_fingers_right (conf: 0.90, State: CAMERA_MODE)
2026-05-24 04:09:49,352 [INFO] auhip.core.state_machine: Gesture detected: three_fingers_right (conf: 0.90, State: CAMERA_MODE)
2026-05-24 04:09:49,398 [INFO] auhip.core.state_machine: Gesture detected: three_fingers_right (conf: 0.90, State: CAMERA_MODE)
2026-05-24 04:09:49,448 [INFO] auhip.core.state_machine: Gesture detected: three_fingers_right (conf: 0.90, State: CAMERA_MODE)
2026-05-24 04:09:49,494 [INFO] auhip.core.state_machine: Gesture detected: three_fingers_right (conf: 0.90, State: CAMERA_MODE)
2026-05-24 04:09:49,539 [INFO] auhip.core.state_machine: Gesture detected: three_fingers_right (conf: 0.90, State: CAMERA_MODE)
2026-05-24 04:09:49,589 [INFO] auhip.core.state_machine: Gesture detected: rock_sign (conf: 0.95, State: CAMERA_MODE)
2026-05-24 04:09:49,589 [INFO] auhip.core.state_machine: Exit gesture 'rock_sign' triggered in Camera Mode.
2026-05-24 04:09:49,589 [INFO] auhip.core.state_machine: Exiting Camera Mode -> Returning to Voice Mode
2026-05-24 04:09:49,589 [INFO] auhip.vision.worker: Vision mode set to: none
2026-05-24 04:09:49,637 [INFO] auhip.vision.worker: Vision Worker stopped.
2026-05-24 04:09:49,638 [INFO] auhip.audio.snap_detector: Snap detector deactivated.
2026-05-24 04:09:49,674 [INFO] auhip.audio.snap_detector: Snap detector deactivated.
2026-05-24 04:09:49,674 [INFO] auhip.vision.worker: Vision mode set to: none
2026-05-24 04:09:49,718 [INFO] auhip.audio.speech_recognition: Vosk is listening (shared stream)...
2026-05-24 04:09:54,774 [INFO] auhip.audio.speech_recognition: Vosk Recognized: "click"
2026-05-24 04:09:54,782 [INFO] auhip.core.llm.router: Dispatching intent processing for prompt: 'click'
2026-05-24 04:09:54,783 [INFO] auhip.core.llm.context_manager: Context length constraint triggered. Pruning oldest conversational turns.
2026-05-24 04:09:55,290 [ERROR] auhip.core.llm.local_model: Local core REST rejection (404): {"error":"model 'qwen:4b' not found"}
2026-05-24 04:09:55,290 [WARNING] auhip.core.llm.local_model: Ollama connection error on attempt 1: Ollama execution error: 404
2026-05-24 04:09:55,743 [ERROR] auhip.core.llm.local_model: Local core REST rejection (404): {"error":"model 'qwen:4b' not found"}
2026-05-24 04:09:55,744 [WARNING] auhip.core.llm.local_model: Ollama connection error on attempt 2: Ollama execution error: 404
2026-05-24 04:09:55,943 [ERROR] auhip.core.llm.local_model: Local primary model failed after 2 attempts. Triggering cloud fallback.
2026-05-24 04:09:55,943 [INFO] auhip.core.llm.router: Local core execution unavailable or errored. Escalating reasoning request to Layer 3 cloud neural infrastructure.
2026-05-24 04:10:01,721 [INFO] auhip.core.llm.router: Finalized structural resolution: Intent='audio_trigger_click', Confidence=0.95, Tool=None
2026-05-24 04:10:01,722 [INFO] auhip.core.llm.context_manager: Context length constraint triggered. Pruning oldest conversational turns.
2026-05-24 04:10:01,751 [INFO] auhip.audio.speech_recognition: Vosk is listening (shared stream)...
2026-05-24 04:10:11,777 [INFO] auhip.audio.speech_recognition: Requesting Google Cloud fallback recognition...
2026-05-24 04:10:12,479 [INFO] auhip.audio.speech_recognition: Vosk is listening (shared stream)...
2026-05-24 04:10:15,760 [INFO] auhip.audio.speech_recognition: Vosk Recognized: "op ed camera"
2026-05-24 04:10:15,767 [INFO] auhip.core.llm.router: Dispatching intent processing for prompt: 'op ed camera'
2026-05-24 04:10:15,768 [INFO] auhip.core.llm.context_manager: Context length constraint triggered. Pruning oldest conversational turns.
2026-05-24 04:10:16,273 [ERROR] auhip.core.llm.local_model: Local core REST rejection (404): {"error":"model 'qwen:4b' not found"}
2026-05-24 04:10:16,274 [WARNING] auhip.core.llm.local_model: Ollama connection error on attempt 1: Ollama execution error: 404
2026-05-24 04:10:16,724 [ERROR] auhip.core.llm.local_model: Local core REST rejection (404): {"error":"model 'qwen:4b' not found"}
2026-05-24 04:10:16,725 [WARNING] auhip.core.llm.local_model: Ollama connection error on attempt 2: Ollama execution error: 404
2026-05-24 04:10:16,925 [ERROR] auhip.core.llm.local_model: Local primary model failed after 2 attempts. Triggering cloud fallback.
2026-05-24 04:10:16,925 [INFO] auhip.core.llm.router: Local core execution unavailable or errored. Escalating reasoning request to Layer 3 cloud neural infrastructure.
2026-05-24 04:10:17,313 [INFO] auhip.audio.snap_detector: Snap detector deactivated.
2026-05-24 04:10:17,345 [INFO] auhip.vision.worker: Vision mode set to: control
2026-05-24 04:10:17,534 [INFO] auhip.vision.worker: Vision Worker started.
2026-05-24 04:10:17,602 [INFO] auhip.core.state_machine: Gesture detected: rock_sign (conf: 0.95, State: CONTROL_MODE)
2026-05-24 04:10:17,604 [INFO] auhip.core.state_machine: Exit gesture 'rock_sign' triggered in Control Mode.
2026-05-24 04:10:17,604 [INFO] auhip.core.state_machine: Exiting Control Mode -> Falling back to Camera Mode
2026-05-24 04:10:17,604 [INFO] auhip.audio.snap_detector: Snap detector deactivated.
2026-05-24 04:10:17,728 [INFO] auhip.vision.worker: Vision mode set to: camera
2026-05-24 04:10:21,123 [INFO] auhip.core.llm.router: Finalized structural resolution: Intent='enable_camera', Confidence=0.95, Tool=enable_camera
2026-05-24 04:10:21,123 [INFO] auhip.core.llm.context_manager: Context length constraint triggered. Pruning oldest conversational turns.
2026-05-24 04:10:21,123 [ERROR] auhip.core.llm.tool_manager: Unregistered tool execution requested: enable_camera
2026-05-24 04:10:21,123 [ERROR] auhip.core.agent: Router core execution error: 'Tool enable_camera is unknown.'
2026-05-24 04:10:21,132 [INFO] auhip.core.state_machine: Voice mode loop ended. Current state: CAMERA_MODE
2026-05-24 04:11:12,514 [INFO] auhip.core.state_machine: Gesture detected: fist (conf: 0.90, State: CAMERA_MODE)
2026-05-24 04:11:12,684 [INFO] auhip.core.state_machine: Gesture detected: one_index_up (conf: 0.95, State: CAMERA_MODE)
2026-05-24 04:11:12,731 [INFO] auhip.core.state_machine: Gesture detected: open_palm (conf: 0.95, State: CAMERA_MODE)
2026-05-24 04:11:13,573 [INFO] auhip.core.state_machine: Gesture detected: fist (conf: 0.90, State: CAMERA_MODE)
2026-05-24 04:11:15,890 [INFO] auhip.core.state_machine: Gesture detected: peace_sign (conf: 0.95, State: CAMERA_MODE)
2026-05-24 04:11:15,984 [INFO] auhip.core.state_machine: Gesture detected: open_palm (conf: 0.95, State: CAMERA_MODE)
2026-05-24 04:11:16,080 [INFO] auhip.core.state_machine: Gesture detected: one_index_up (conf: 0.95, State: CAMERA_MODE)
2026-05-24 04:11:16,199 [INFO] auhip.core.state_machine: Gesture detected: three_fingers_up (conf: 0.90, State: CAMERA_MODE)
2026-05-24 04:11:16,329 [INFO] auhip.core.state_machine: Gesture detected: three_fingers_up (conf: 0.90, State: CAMERA_MODE)
2026-05-24 04:11:16,390 [INFO] auhip.core.state_machine: Gesture detected: three_fingers_up (conf: 0.90, State: CAMERA_MODE)
2026-05-24 04:11:16,437 [INFO] auhip.core.state_machine: Gesture detected: three_fingers_up (conf: 0.90, State: CAMERA_MODE)
2026-05-24 04:11:16,570 [INFO] auhip.core.state_machine: Gesture detected: three_fingers_up (conf: 0.90, State: CAMERA_MODE)
2026-05-24 04:11:16,629 [INFO] auhip.core.state_machine: Gesture detected: three_fingers_up (conf: 0.90, State: CAMERA_MODE)
2026-05-24 04:11:16,674 [INFO] auhip.core.state_machine: Gesture detected: three_fingers_up (conf: 0.90, State: CAMERA_MODE)
2026-05-24 04:11:16,803 [INFO] auhip.core.state_machine: Gesture detected: three_fingers_up (conf: 0.90, State: CAMERA_MODE)
2026-05-24 04:11:16,857 [INFO] auhip.core.state_machine: Gesture detected: three_fingers_up (conf: 0.90, State: CAMERA_MODE)
2026-05-24 04:11:16,903 [INFO] auhip.core.state_machine: Gesture detected: three_fingers_up (conf: 0.90, State: CAMERA_MODE)
2026-05-24 04:11:17,033 [INFO] auhip.core.state_machine: Gesture detected: three_fingers_up (conf: 0.90, State: CAMERA_MODE)
2026-05-24 04:11:17,092 [INFO] auhip.core.state_machine: Gesture detected: three_fingers_up (conf: 0.90, State: CAMERA_MODE)
2026-05-24 04:11:17,141 [INFO] auhip.core.state_machine: Gesture detected: three_fingers_up (conf: 0.90, State: CAMERA_MODE)
2026-05-24 04:11:17,272 [INFO] auhip.core.state_machine: Gesture detected: three_fingers_up (conf: 0.90, State: CAMERA_MODE)
2026-05-24 04:11:17,328 [INFO] auhip.core.state_machine: Gesture detected: three_fingers_up (conf: 0.90, State: CAMERA_MODE)
2026-05-24 04:11:17,375 [INFO] auhip.core.state_machine: Gesture detected: three_fingers_up (conf: 0.90, State: CAMERA_MODE)
2026-05-24 04:11:17,507 [INFO] auhip.core.state_machine: Gesture detected: fist (conf: 0.90, State: CAMERA_MODE)
2026-05-24 04:11:17,888 [INFO] auhip.core.state_machine: Gesture detected: fist (conf: 0.90, State: CAMERA_MODE)
2026-05-24 04:11:18,123 [INFO] auhip.core.state_machine: Gesture detected: three_fingers_down (conf: 0.90, State: CAMERA_MODE)
2026-05-24 04:11:18,250 [INFO] auhip.core.state_machine: Gesture detected: three_fingers_down (conf: 0.90, State: CAMERA_MODE)
2026-05-24 04:11:18,314 [INFO] auhip.core.state_machine: Gesture detected: three_fingers_down (conf: 0.90, State: CAMERA_MODE)
2026-05-24 04:11:18,358 [INFO] auhip.core.state_machine: Gesture detected: fist (conf: 0.90, State: CAMERA_MODE)
2026-05-24 04:11:18,405 [INFO] auhip.core.state_machine: Gesture detected: three_fingers_down (conf: 0.90, State: CAMERA_MODE)
2026-05-24 04:11:18,538 [INFO] auhip.core.state_machine: Gesture detected: fist (conf: 0.90, State: CAMERA_MODE)
2026-05-24 04:11:18,596 [INFO] auhip.core.state_machine: Gesture detected: three_fingers_down (conf: 0.90, State: CAMERA_MODE)
2026-05-24 04:11:18,642 [INFO] auhip.core.state_machine: Gesture detected: fist (conf: 0.90, State: CAMERA_MODE)
2026-05-24 04:11:19,549 [INFO] auhip.core.state_machine: Gesture detected: open_palm (conf: 0.95, State: CAMERA_MODE)
2026-05-24 04:11:19,669 [INFO] auhip.core.state_machine: Gesture detected: fist (conf: 0.90, State: CAMERA_MODE)
2026-05-24 04:11:20,389 [INFO] auhip.core.state_machine: Gesture detected: fist (conf: 0.90, State: CAMERA_MODE)
2026-05-24 04:11:22,013 [INFO] auhip.core.state_machine: Gesture detected: three_fingers_down (conf: 0.90, State: CAMERA_MODE)
2026-05-24 04:11:22,141 [INFO] auhip.core.state_machine: Gesture detected: three_fingers_down (conf: 0.90, State: CAMERA_MODE)
2026-05-24 04:11:22,203 [INFO] auhip.core.state_machine: Gesture detected: three_fingers_down (conf: 0.90, State: CAMERA_MODE)
2026-05-24 04:11:22,251 [INFO] auhip.core.state_machine: Gesture detected: three_fingers_down (conf: 0.90, State: CAMERA_MODE)
2026-05-24 04:11:22,384 [INFO] auhip.core.state_machine: Gesture detected: three_fingers_down (conf: 0.90, State: CAMERA_MODE)
2026-05-24 04:11:22,436 [INFO] auhip.core.state_machine: Gesture detected: three_fingers_down (conf: 0.90, State: CAMERA_MODE)
2026-05-24 04:11:22,483 [INFO] auhip.core.state_machine: Gesture detected: three_fingers_down (conf: 0.90, State: CAMERA_MODE)
2026-05-24 04:11:22,616 [INFO] auhip.core.state_machine: Gesture detected: three_fingers_down (conf: 0.90, State: CAMERA_MODE)
2026-05-24 04:11:22,671 [INFO] auhip.core.state_machine: Gesture detected: three_fingers_down (conf: 0.90, State: CAMERA_MODE)
2026-05-24 04:11:22,717 [INFO] auhip.core.state_machine: Gesture detected: three_fingers_down (conf: 0.90, State: CAMERA_MODE)
2026-05-24 04:11:22,849 [INFO] auhip.core.state_machine: Gesture detected: three_fingers_down (conf: 0.90, State: CAMERA_MODE)
2026-05-24 04:11:22,906 [INFO] auhip.core.state_machine: Gesture detected: three_fingers_down (conf: 0.90, State: CAMERA_MODE)
2026-05-24 04:11:22,953 [INFO] auhip.core.state_machine: Gesture detected: three_fingers_down (conf: 0.90, State: CAMERA_MODE)
2026-05-24 04:11:23,085 [INFO] auhip.core.state_machine: Gesture detected: three_fingers_down (conf: 0.90, State: CAMERA_MODE)
2026-05-24 04:11:23,139 [INFO] auhip.core.state_machine: Gesture detected: three_fingers_down (conf: 0.90, State: CAMERA_MODE)
2026-05-24 04:11:23,187 [INFO] auhip.core.state_machine: Gesture detected: three_fingers_down (conf: 0.90, State: CAMERA_MODE)
2026-05-24 04:11:23,317 [INFO] auhip.core.state_machine: Gesture detected: three_fingers_down (conf: 0.90, State: CAMERA_MODE)
2026-05-24 04:11:23,376 [INFO] auhip.core.state_machine: Gesture detected: three_fingers_down (conf: 0.90, State: CAMERA_MODE)
2026-05-24 04:11:23,424 [INFO] auhip.core.state_machine: Gesture detected: three_fingers_down (conf: 0.90, State: CAMERA_MODE)
2026-05-24 04:11:23,559 [INFO] auhip.core.state_machine: Gesture detected: three_fingers_down (conf: 0.90, State: CAMERA_MODE)
2026-05-24 04:11:23,611 [INFO] auhip.core.state_machine: Gesture detected: three_fingers_down (conf: 0.90, State: CAMERA_MODE)
2026-05-24 04:11:23,656 [INFO] auhip.core.state_machine: Gesture detected: three_fingers_down (conf: 0.90, State: CAMERA_MODE)
2026-05-24 04:11:23,788 [INFO] auhip.core.state_machine: Gesture detected: three_fingers_down (conf: 0.90, State: CAMERA_MODE)
2026-05-24 04:11:23,844 [INFO] auhip.core.state_machine: Gesture detected: three_fingers_down (conf: 0.90, State: CAMERA_MODE)
2026-05-24 04:11:23,889 [INFO] auhip.core.state_machine: Gesture detected: three_fingers_down (conf: 0.90, State: CAMERA_MODE)
2026-05-24 04:11:24,021 [INFO] auhip.core.state_machine: Gesture detected: three_fingers_down (conf: 0.90, State: CAMERA_MODE)
2026-05-24 04:11:24,078 [INFO] auhip.core.state_machine: Gesture detected: three_fingers_down (conf: 0.90, State: CAMERA_MODE)
2026-05-24 04:11:24,125 [INFO] auhip.core.state_machine: Gesture detected: three_fingers_down (conf: 0.90, State: CAMERA_MODE)
2026-05-24 04:11:24,256 [INFO] auhip.core.state_machine: Gesture detected: three_fingers_down (conf: 0.90, State: CAMERA_MODE)
2026-05-24 04:11:24,313 [INFO] auhip.core.state_machine: Gesture detected: three_fingers_down (conf: 0.90, State: CAMERA_MODE)
2026-05-24 04:11:24,359 [INFO] auhip.core.state_machine: Gesture detected: three_fingers_down (conf: 0.90, State: CAMERA_MODE)
2026-05-24 04:11:24,494 [INFO] auhip.core.state_machine: Gesture detected: three_fingers_down (conf: 0.90, State: CAMERA_MODE)
2026-05-24 04:11:24,550 [INFO] auhip.core.state_machine: Gesture detected: three_fingers_down (conf: 0.90, State: CAMERA_MODE)
2026-05-24 04:11:24,595 [INFO] auhip.core.state_machine: Gesture detected: three_fingers_down (conf: 0.90, State: CAMERA_MODE)
2026-05-24 04:11:24,726 [INFO] auhip.core.state_machine: Gesture detected: fist (conf: 0.90, State: CAMERA_MODE)
2026-05-24 04:11:25,033 [INFO] auhip.core.state_machine: Gesture detected: one_index_up (conf: 0.95, State: CAMERA_MODE)
2026-05-24 04:11:25,108 [INFO] auhip.core.state_machine: Gesture detected: three_fingers_up (conf: 0.90, State: CAMERA_MODE)
2026-05-24 04:11:25,238 [INFO] auhip.core.state_machine: Gesture detected: three_fingers_up (conf: 0.90, State: CAMERA_MODE)
2026-05-24 04:11:25,296 [INFO] auhip.core.state_machine: Gesture detected: three_fingers_up (conf: 0.90, State: CAMERA_MODE)
2026-05-24 04:11:25,343 [INFO] auhip.core.state_machine: Gesture detected: three_fingers_up (conf: 0.90, State: CAMERA_MODE)
2026-05-24 04:11:25,476 [INFO] auhip.core.state_machine: Gesture detected: three_fingers_up (conf: 0.90, State: CAMERA_MODE)
2026-05-24 04:11:25,531 [INFO] auhip.core.state_machine: Gesture detected: three_fingers_up (conf: 0.90, State: CAMERA_MODE)
2026-05-24 04:11:25,579 [INFO] auhip.core.state_machine: Gesture detected: three_fingers_up (conf: 0.90, State: CAMERA_MODE)
2026-05-24 04:11:25,710 [INFO] auhip.core.state_machine: Gesture detected: three_fingers_up (conf: 0.90, State: CAMERA_MODE)
2026-05-24 04:11:25,766 [INFO] auhip.core.state_machine: Gesture detected: three_fingers_up (conf: 0.90, State: CAMERA_MODE)
2026-05-24 04:11:25,812 [INFO] auhip.core.state_machine: Gesture detected: three_fingers_up (conf: 0.90, State: CAMERA_MODE)
2026-05-24 04:11:25,943 [INFO] auhip.core.state_machine: Gesture detected: three_fingers_up (conf: 0.90, State: CAMERA_MODE)
2026-05-24 04:11:25,999 [INFO] auhip.core.state_machine: Gesture detected: three_fingers_up (conf: 0.90, State: CAMERA_MODE)
2026-05-24 04:11:26,047 [INFO] auhip.core.state_machine: Gesture detected: three_fingers_up (conf: 0.90, State: CAMERA_MODE)
2026-05-24 04:11:26,178 [INFO] auhip.core.state_machine: Gesture detected: three_fingers_up (conf: 0.90, State: CAMERA_MODE)
2026-05-24 04:11:26,236 [INFO] auhip.core.state_machine: Gesture detected: three_fingers_up (conf: 0.90, State: CAMERA_MODE)
2026-05-24 04:11:26,281 [INFO] auhip.core.state_machine: Gesture detected: three_fingers_up (conf: 0.90, State: CAMERA_MODE)
2026-05-24 04:11:26,413 [INFO] auhip.core.state_machine: Gesture detected: three_fingers_up (conf: 0.90, State: CAMERA_MODE)
2026-05-24 04:11:26,468 [INFO] auhip.core.state_machine: Gesture detected: three_fingers_up (conf: 0.90, State: CAMERA_MODE)
2026-05-24 04:11:26,516 [INFO] auhip.core.state_machine: Gesture detected: three_fingers_up (conf: 0.90, State: CAMERA_MODE)
2026-05-24 04:11:26,648 [INFO] auhip.core.state_machine: Gesture detected: three_fingers_up (conf: 0.90, State: CAMERA_MODE)
2026-05-24 04:11:26,703 [INFO] auhip.core.state_machine: Gesture detected: three_fingers_up (conf: 0.90, State: CAMERA_MODE)
2026-05-24 04:11:26,751 [INFO] auhip.core.state_machine: Gesture detected: three_fingers_up (conf: 0.90, State: CAMERA_MODE)
2026-05-24 04:11:26,883 [INFO] auhip.core.state_machine: Gesture detected: three_fingers_up (conf: 0.90, State: CAMERA_MODE)
2026-05-24 04:11:26,935 [INFO] auhip.core.state_machine: Gesture detected: three_fingers_up (conf: 0.90, State: CAMERA_MODE)
2026-05-24 04:11:26,982 [INFO] auhip.core.state_machine: Gesture detected: three_fingers_up (conf: 0.90, State: CAMERA_MODE)
2026-05-24 04:11:27,114 [INFO] auhip.core.state_machine: Gesture detected: three_fingers_up (conf: 0.90, State: CAMERA_MODE)
2026-05-24 04:11:27,172 [INFO] auhip.core.state_machine: Gesture detected: three_fingers_up (conf: 0.90, State: CAMERA_MODE)
2026-05-24 04:11:27,219 [INFO] auhip.core.state_machine: Gesture detected: three_fingers_up (conf: 0.90, State: CAMERA_MODE)
2026-05-24 04:11:27,349 [INFO] auhip.core.state_machine: Gesture detected: three_fingers_up (conf: 0.90, State: CAMERA_MODE)
2026-05-24 04:11:27,405 [INFO] auhip.core.state_machine: Gesture detected: three_fingers_up (conf: 0.90, State: CAMERA_MODE)
2026-05-24 04:11:27,450 [INFO] auhip.core.state_machine: Gesture detected: three_fingers_up (conf: 0.90, State: CAMERA_MODE)
2026-05-24 04:11:27,583 [INFO] auhip.core.state_machine: Gesture detected: three_fingers_up (conf: 0.90, State: CAMERA_MODE)
2026-05-24 04:11:27,639 [INFO] auhip.core.state_machine: Gesture detected: three_fingers_up (conf: 0.90, State: CAMERA_MODE)
2026-05-24 04:11:27,687 [INFO] auhip.core.state_machine: Gesture detected: three_fingers_up (conf: 0.90, State: CAMERA_MODE)
2026-05-24 04:11:27,819 [INFO] auhip.core.state_machine: Gesture detected: three_fingers_up (conf: 0.90, State: CAMERA_MODE)
2026-05-24 04:11:27,874 [INFO] auhip.core.state_machine: Gesture detected: three_fingers_up (conf: 0.90, State: CAMERA_MODE)
2026-05-24 04:11:27,920 [INFO] auhip.core.state_machine: Gesture detected: three_fingers_up (conf: 0.90, State: CAMERA_MODE)
2026-05-24 04:11:28,050 [INFO] auhip.core.state_machine: Gesture detected: three_fingers_up (conf: 0.90, State: CAMERA_MODE)
2026-05-24 04:11:28,110 [INFO] auhip.core.state_machine: Gesture detected: three_fingers_up (conf: 0.90, State: CAMERA_MODE)
2026-05-24 04:11:28,155 [INFO] auhip.core.state_machine: Gesture detected: three_fingers_up (conf: 0.90, State: CAMERA_MODE)
2026-05-24 04:11:28,285 [INFO] auhip.core.state_machine: Gesture detected: three_fingers_up (conf: 0.90, State: CAMERA_MODE)
2026-05-24 04:11:28,344 [INFO] auhip.core.state_machine: Gesture detected: three_fingers_up (conf: 0.90, State: CAMERA_MODE)
2026-05-24 04:11:28,389 [INFO] auhip.core.state_machine: Gesture detected: three_fingers_up (conf: 0.90, State: CAMERA_MODE)
2026-05-24 04:11:28,520 [INFO] auhip.core.state_machine: Gesture detected: three_fingers_up (conf: 0.90, State: CAMERA_MODE)
2026-05-24 04:11:28,578 [INFO] auhip.core.state_machine: Gesture detected: three_fingers_up (conf: 0.90, State: CAMERA_MODE)
2026-05-24 04:11:28,625 [INFO] auhip.core.state_machine: Gesture detected: three_fingers_up (conf: 0.90, State: CAMERA_MODE)
2026-05-24 04:11:28,757 [INFO] auhip.core.state_machine: Gesture detected: three_fingers_up (conf: 0.90, State: CAMERA_MODE)
2026-05-24 04:11:28,814 [INFO] auhip.core.state_machine: Gesture detected: three_fingers_up (conf: 0.90, State: CAMERA_MODE)
2026-05-24 04:11:28,859 [INFO] auhip.core.state_machine: Gesture detected: three_fingers_up (conf: 0.90, State: CAMERA_MODE)
2026-05-24 04:11:28,992 [INFO] auhip.core.state_machine: Gesture detected: three_fingers_up (conf: 0.90, State: CAMERA_MODE)
2026-05-24 04:11:29,048 [INFO] auhip.core.state_machine: Gesture detected: three_fingers_up (conf: 0.90, State: CAMERA_MODE)
2026-05-24 04:11:29,094 [INFO] auhip.core.state_machine: Gesture detected: three_fingers_up (conf: 0.90, State: CAMERA_MODE)
2026-05-24 04:11:29,229 [INFO] auhip.core.state_machine: Gesture detected: three_fingers_up (conf: 0.90, State: CAMERA_MODE)
2026-05-24 04:11:29,282 [INFO] auhip.core.state_machine: Gesture detected: three_fingers_up (conf: 0.90, State: CAMERA_MODE)
2026-05-24 04:11:29,329 [INFO] auhip.core.state_machine: Gesture detected: three_fingers_up (conf: 0.90, State: CAMERA_MODE)
2026-05-24 04:11:29,461 [INFO] auhip.core.state_machine: Gesture detected: three_fingers_up (conf: 0.90, State: CAMERA_MODE)
2026-05-24 04:11:29,516 [INFO] auhip.core.state_machine: Gesture detected: three_fingers_up (conf: 0.90, State: CAMERA_MODE)
2026-05-24 04:11:29,562 [INFO] auhip.core.state_machine: Gesture detected: three_fingers_up (conf: 0.90, State: CAMERA_MODE)
2026-05-24 04:11:29,697 [INFO] auhip.core.state_machine: Gesture detected: three_fingers_up (conf: 0.90, State: CAMERA_MODE)
2026-05-24 04:11:29,749 [INFO] auhip.core.state_machine: Gesture detected: three_fingers_up (conf: 0.90, State: CAMERA_MODE)
2026-05-24 04:11:29,796 [INFO] auhip.core.state_machine: Gesture detected: three_fingers_up (conf: 0.90, State: CAMERA_MODE)
2026-05-24 04:11:29,929 [INFO] auhip.core.state_machine: Gesture detected: three_fingers_up (conf: 0.90, State: CAMERA_MODE)
2026-05-24 04:11:29,983 [INFO] auhip.core.state_machine: Gesture detected: three_fingers_up (conf: 0.90, State: CAMERA_MODE)
2026-05-24 04:11:30,031 [INFO] auhip.core.state_machine: Gesture detected: three_fingers_up (conf: 0.90, State: CAMERA_MODE)
2026-05-24 04:11:30,162 [INFO] auhip.core.state_machine: Gesture detected: three_fingers_up (conf: 0.90, State: CAMERA_MODE)
2026-05-24 04:11:30,218 [INFO] auhip.core.state_machine: Gesture detected: three_fingers_up (conf: 0.90, State: CAMERA_MODE)
2026-05-24 04:11:30,264 [INFO] auhip.core.state_machine: Gesture detected: three_fingers_up (conf: 0.90, State: CAMERA_MODE)
2026-05-24 04:11:30,396 [INFO] auhip.core.state_machine: Gesture detected: three_fingers_up (conf: 0.90, State: CAMERA_MODE)
2026-05-24 04:11:30,454 [INFO] auhip.core.state_machine: Gesture detected: three_fingers_up (conf: 0.90, State: CAMERA_MODE)
2026-05-24 04:11:30,500 [INFO] auhip.core.state_machine: Gesture detected: one_index_up (conf: 0.95, State: CAMERA_MODE)
2026-05-24 04:11:30,639 [INFO] auhip.core.state_machine: Gesture detected: three_fingers_up (conf: 0.90, State: CAMERA_MODE)
2026-05-24 04:11:30,768 [INFO] auhip.core.state_machine: Gesture detected: peace_sign (conf: 0.95, State: CAMERA_MODE)
2026-05-24 04:11:30,830 [INFO] auhip.core.state_machine: Gesture detected: three_fingers_right (conf: 0.90, State: CAMERA_MODE)
2026-05-24 04:11:30,965 [INFO] auhip.core.state_machine: Gesture detected: peace_sign (conf: 0.95, State: CAMERA_MODE)
2026-05-24 04:11:31,019 [INFO] auhip.core.state_machine: Gesture detected: peace_sign (conf: 0.95, State: CAMERA_MODE)
2026-05-24 04:11:31,065 [INFO] auhip.core.state_machine: Gesture detected: peace_sign (conf: 0.95, State: CAMERA_MODE)
2026-05-24 04:11:31,116 [INFO] auhip.core.state_machine: Gesture detected: peace_sign (conf: 0.95, State: CAMERA_MODE)
2026-05-24 04:11:31,170 [INFO] auhip.core.state_machine: Gesture detected: peace_sign (conf: 0.95, State: CAMERA_MODE)
2026-05-24 04:11:31,219 [INFO] auhip.core.state_machine: Gesture detected: peace_sign (conf: 0.95, State: CAMERA_MODE)
2026-05-24 04:11:31,257 [INFO] auhip.core.state_machine: Gesture detected: peace_sign (conf: 0.95, State: CAMERA_MODE)
2026-05-24 04:11:31,301 [INFO] auhip.core.state_machine: Gesture detected: peace_sign (conf: 0.95, State: CAMERA_MODE)
2026-05-24 04:11:31,345 [INFO] auhip.core.state_machine: Gesture detected: peace_sign (conf: 0.95, State: CAMERA_MODE)
2026-05-24 04:11:31,388 [INFO] auhip.core.state_machine: Gesture detected: three_fingers_right (conf: 0.90, State: CAMERA_MODE)
2026-05-24 04:11:31,435 [INFO] auhip.core.state_machine: Gesture detected: three_fingers_right (conf: 0.90, State: CAMERA_MODE)
2026-05-24 04:11:31,482 [INFO] auhip.core.state_machine: Gesture detected: three_fingers_right (conf: 0.90, State: CAMERA_MODE)
2026-05-24 04:11:31,533 [INFO] auhip.core.state_machine: Gesture detected: three_fingers_right (conf: 0.90, State: CAMERA_MODE)
2026-05-24 04:11:31,585 [INFO] auhip.core.state_machine: Gesture detected: three_fingers_right (conf: 0.90, State: CAMERA_MODE)
2026-05-24 04:11:31,623 [INFO] auhip.core.state_machine: Gesture detected: peace_sign (conf: 0.95, State: CAMERA_MODE)
2026-05-24 04:11:31,670 [INFO] auhip.core.state_machine: Gesture detected: three_fingers_up (conf: 0.90, State: CAMERA_MODE)
2026-05-24 04:11:31,799 [INFO] auhip.core.state_machine: Gesture detected: three_fingers_up (conf: 0.90, State: CAMERA_MODE)
2026-05-24 04:11:31,859 [INFO] auhip.core.state_machine: Gesture detected: three_fingers_up (conf: 0.90, State: CAMERA_MODE)
2026-05-24 04:11:31,905 [INFO] auhip.core.state_machine: Gesture detected: peace_sign (conf: 0.95, State: CAMERA_MODE)
2026-05-24 04:11:31,954 [INFO] auhip.core.state_machine: Gesture detected: peace_sign (conf: 0.95, State: CAMERA_MODE)
2026-05-24 04:11:31,999 [INFO] auhip.core.state_machine: Gesture detected: one_index_up (conf: 0.95, State: CAMERA_MODE)
2026-05-24 04:11:32,137 [INFO] auhip.core.state_machine: Gesture detected: three_fingers_up (conf: 0.90, State: CAMERA_MODE)
2026-05-24 04:11:32,269 [INFO] auhip.core.state_machine: Gesture detected: three_fingers_up (conf: 0.90, State: CAMERA_MODE)
2026-05-24 04:11:32,328 [INFO] auhip.core.state_machine: Gesture detected: three_fingers_up (conf: 0.90, State: CAMERA_MODE)
2026-05-24 04:11:32,377 [INFO] auhip.core.state_machine: Gesture detected: three_fingers_up (conf: 0.90, State: CAMERA_MODE)
2026-05-24 04:11:32,509 [INFO] auhip.core.state_machine: Gesture detected: three_fingers_up (conf: 0.90, State: CAMERA_MODE)
2026-05-24 04:11:32,565 [INFO] auhip.core.state_machine: Gesture detected: three_fingers_up (conf: 0.90, State: CAMERA_MODE)
2026-05-24 04:11:32,610 [INFO] auhip.core.state_machine: Gesture detected: three_fingers_up (conf: 0.90, State: CAMERA_MODE)
2026-05-24 04:11:32,742 [INFO] auhip.core.state_machine: Gesture detected: three_fingers_up (conf: 0.90, State: CAMERA_MODE)
2026-05-24 04:11:32,800 [INFO] auhip.core.state_machine: Gesture detected: three_fingers_up (conf: 0.90, State: CAMERA_MODE)
2026-05-24 04:11:32,849 [INFO] auhip.core.state_machine: Gesture detected: three_fingers_up (conf: 0.90, State: CAMERA_MODE)
2026-05-24 04:11:32,983 [INFO] auhip.core.state_machine: Gesture detected: three_fingers_up (conf: 0.90, State: CAMERA_MODE)
2026-05-24 04:11:33,031 [INFO] auhip.core.state_machine: Gesture detected: three_fingers_up (conf: 0.90, State: CAMERA_MODE)
2026-05-24 04:11:33,080 [INFO] auhip.core.state_machine: Gesture detected: three_fingers_up (conf: 0.90, State: CAMERA_MODE)
2026-05-24 04:11:33,212 [INFO] auhip.core.state_machine: Gesture detected: one_index_up (conf: 0.95, State: CAMERA_MODE)
2026-05-24 04:11:33,313 [INFO] auhip.core.state_machine: Gesture detected: three_fingers_up (conf: 0.90, State: CAMERA_MODE)
2026-05-24 04:11:33,446 [INFO] auhip.core.state_machine: Gesture detected: peace_sign (conf: 0.95, State: CAMERA_MODE)
2026-05-24 04:11:33,501 [INFO] auhip.core.state_machine: Gesture detected: peace_sign (conf: 0.95, State: CAMERA_MODE)
2026-05-24 04:11:33,550 [INFO] auhip.core.state_machine: Gesture detected: peace_sign (conf: 0.95, State: CAMERA_MODE)
2026-05-24 04:11:33,597 [INFO] auhip.core.state_machine: Gesture detected: peace_sign (conf: 0.95, State: CAMERA_MODE)
2026-05-24 04:11:33,647 [INFO] auhip.core.state_machine: Gesture detected: peace_sign (conf: 0.95, State: CAMERA_MODE)
2026-05-24 04:11:33,691 [INFO] auhip.core.state_machine: Gesture detected: peace_sign (conf: 0.95, State: CAMERA_MODE)
2026-05-24 04:11:33,734 [INFO] auhip.core.state_machine: Gesture detected: peace_sign (conf: 0.95, State: CAMERA_MODE)
2026-05-24 04:11:33,783 [INFO] auhip.core.state_machine: Gesture detected: peace_sign (conf: 0.95, State: CAMERA_MODE)
2026-05-24 04:11:33,830 [INFO] auhip.core.state_machine: Gesture detected: three_fingers_up (conf: 0.90, State: CAMERA_MODE)
2026-05-24 04:11:33,962 [INFO] auhip.core.state_machine: Gesture detected: peace_sign (conf: 0.95, State: CAMERA_MODE)
2026-05-24 04:11:34,022 [INFO] auhip.core.state_machine: Gesture detected: peace_sign (conf: 0.95, State: CAMERA_MODE)
2026-05-24 04:11:34,065 [INFO] auhip.core.state_machine: Gesture detected: peace_sign (conf: 0.95, State: CAMERA_MODE)
2026-05-24 04:11:34,115 [INFO] auhip.core.state_machine: Gesture detected: peace_sign (conf: 0.95, State: CAMERA_MODE)
2026-05-24 04:11:34,156 [INFO] auhip.core.state_machine: Gesture detected: peace_sign (conf: 0.95, State: CAMERA_MODE)
2026-05-24 04:11:34,203 [INFO] auhip.core.state_machine: Gesture detected: peace_sign (conf: 0.95, State: CAMERA_MODE)
2026-05-24 04:11:34,246 [INFO] auhip.core.state_machine: Gesture detected: peace_sign (conf: 0.95, State: CAMERA_MODE)
2026-05-24 04:11:34,293 [INFO] auhip.core.state_machine: Gesture detected: peace_sign (conf: 0.95, State: CAMERA_MODE)
2026-05-24 04:11:34,343 [INFO] auhip.core.state_machine: Gesture detected: peace_sign (conf: 0.95, State: CAMERA_MODE)
2026-05-24 04:11:34,388 [INFO] auhip.core.state_machine: Gesture detected: peace_sign (conf: 0.95, State: CAMERA_MODE)
2026-05-24 04:11:34,433 [INFO] auhip.core.state_machine: Gesture detected: peace_sign (conf: 0.95, State: CAMERA_MODE)
2026-05-24 04:11:34,484 [INFO] auhip.core.state_machine: Gesture detected: peace_sign (conf: 0.95, State: CAMERA_MODE)
2026-05-24 04:11:34,527 [INFO] auhip.core.state_machine: Gesture detected: peace_sign (conf: 0.95, State: CAMERA_MODE)
2026-05-24 04:11:34,577 [INFO] auhip.core.state_machine: Gesture detected: peace_sign (conf: 0.95, State: CAMERA_MODE)
2026-05-24 04:11:34,627 [INFO] auhip.core.state_machine: Gesture detected: three_fingers_up (conf: 0.90, State: CAMERA_MODE)
2026-05-24 04:11:34,759 [INFO] auhip.core.state_machine: Gesture detected: peace_sign (conf: 0.95, State: CAMERA_MODE)
2026-05-24 04:11:34,818 [INFO] auhip.core.state_machine: Gesture detected: three_fingers_up (conf: 0.90, State: CAMERA_MODE)
2026-05-24 04:11:34,862 [INFO] auhip.core.state_machine: Gesture detected: peace_sign (conf: 0.95, State: CAMERA_MODE)
2026-05-24 04:11:34,910 [INFO] auhip.core.state_machine: Gesture detected: peace_sign (conf: 0.95, State: CAMERA_MODE)
2026-05-24 04:11:34,956 [INFO] auhip.core.state_machine: Gesture detected: peace_sign (conf: 0.95, State: CAMERA_MODE)
2026-05-24 04:11:35,003 [INFO] auhip.core.state_machine: Gesture detected: peace_sign (conf: 0.95, State: CAMERA_MODE)
2026-05-24 04:11:35,049 [INFO] auhip.core.state_machine: Gesture detected: peace_sign (conf: 0.95, State: CAMERA_MODE)
2026-05-24 04:11:35,093 [INFO] auhip.core.state_machine: Gesture detected: peace_sign (conf: 0.95, State: CAMERA_MODE)
2026-05-24 04:11:35,143 [INFO] auhip.core.state_machine: Gesture detected: peace_sign (conf: 0.95, State: CAMERA_MODE)
2026-05-24 04:11:35,184 [INFO] auhip.core.state_machine: Gesture detected: peace_sign (conf: 0.95, State: CAMERA_MODE)
2026-05-24 04:11:35,231 [INFO] auhip.core.state_machine: Gesture detected: peace_sign (conf: 0.95, State: CAMERA_MODE)
2026-05-24 04:11:35,283 [INFO] auhip.core.state_machine: Gesture detected: one_index_up (conf: 0.95, State: CAMERA_MODE)
2026-05-24 04:11:35,329 [INFO] auhip.core.state_machine: Gesture detected: peace_sign (conf: 0.95, State: CAMERA_MODE)
2026-05-24 04:11:35,372 [INFO] auhip.core.state_machine: Gesture detected: three_fingers_up (conf: 0.90, State: CAMERA_MODE)
2026-05-24 04:11:35,507 [INFO] auhip.core.state_machine: Gesture detected: three_fingers_up (conf: 0.90, State: CAMERA_MODE)
2026-05-24 04:11:35,570 [INFO] auhip.core.state_machine: Gesture detected: three_fingers_up (conf: 0.90, State: CAMERA_MODE)
2026-05-24 04:11:35,613 [INFO] auhip.core.state_machine: Gesture detected: three_fingers_up (conf: 0.90, State: CAMERA_MODE)
2026-05-24 04:11:35,753 [INFO] auhip.core.state_machine: Gesture detected: three_fingers_up (conf: 0.90, State: CAMERA_MODE)
2026-05-24 04:11:35,801 [INFO] auhip.core.state_machine: Gesture detected: peace_sign (conf: 0.95, State: CAMERA_MODE)
2026-05-24 04:11:35,850 [INFO] auhip.core.state_machine: Gesture detected: three_fingers_up (conf: 0.90, State: CAMERA_MODE)
2026-05-24 04:11:35,986 [INFO] auhip.core.state_machine: Gesture detected: three_fingers_up (conf: 0.90, State: CAMERA_MODE)
2026-05-24 04:11:36,033 [INFO] auhip.core.state_machine: Gesture detected: peace_sign (conf: 0.95, State: CAMERA_MODE)
2026-05-24 04:11:36,083 [INFO] auhip.core.state_machine: Gesture detected: three_fingers_up (conf: 0.90, State: CAMERA_MODE)
2026-05-24 04:11:36,220 [INFO] auhip.core.state_machine: Gesture detected: peace_sign (conf: 0.95, State: CAMERA_MODE)
2026-05-24 04:11:36,272 [INFO] auhip.core.state_machine: Gesture detected: peace_sign (conf: 0.95, State: CAMERA_MODE)
2026-05-24 04:11:36,320 [INFO] auhip.core.state_machine: Gesture detected: peace_sign (conf: 0.95, State: CAMERA_MODE)
2026-05-24 04:11:36,370 [INFO] auhip.core.state_machine: Gesture detected: peace_sign (conf: 0.95, State: CAMERA_MODE)
2026-05-24 04:11:36,411 [INFO] auhip.core.state_machine: Gesture detected: three_fingers_down (conf: 0.90, State: CAMERA_MODE)
2026-05-24 04:11:42,095 [INFO] auhip.core.state_machine: Gesture detected: open_palm (conf: 0.95, State: CAMERA_MODE)
2026-05-24 04:11:42,232 [INFO] auhip.core.state_machine: Gesture detected: three_fingers_up (conf: 0.90, State: CAMERA_MODE)
2026-05-24 04:11:42,423 [INFO] auhip.core.state_machine: Gesture detected: three_fingers_up (conf: 0.90, State: CAMERA_MODE)
2026-05-24 04:11:42,454 [INFO] auhip.core.state_machine: Gesture detected: fist (conf: 0.90, State: CAMERA_MODE)
2026-05-24 04:11:42,824 [INFO] auhip.core.state_machine: Gesture detected: fist (conf: 0.90, State: CAMERA_MODE)
2026-05-24 04:11:44,155 [INFO] auhip.core.state_machine: Gesture detected: open_palm (conf: 0.95, State: CAMERA_MODE)
2026-05-24 04:11:44,297 [INFO] auhip.core.state_machine: Gesture detected: one_index_up (conf: 0.95, State: CAMERA_MODE)
2026-05-24 04:11:44,369 [INFO] auhip.core.state_machine: Gesture detected: open_palm (conf: 0.95, State: CAMERA_MODE)
2026-05-24 04:11:44,418 [INFO] auhip.core.state_machine: Gesture detected: three_fingers_up (conf: 0.90, State: CAMERA_MODE)
2026-05-24 04:11:44,547 [INFO] auhip.core.state_machine: Gesture detected: fist (conf: 0.90, State: CAMERA_MODE)
2026-05-24 04:11:44,747 [INFO] auhip.core.state_machine: Gesture detected: peace_sign (conf: 0.95, State: CAMERA_MODE)
2026-05-24 04:11:44,757 [INFO] auhip.core.state_machine: Gesture detected: three_fingers_up (conf: 0.90, State: CAMERA_MODE)
2026-05-24 04:11:44,900 [INFO] auhip.core.state_machine: Gesture detected: three_fingers_up (conf: 0.90, State: CAMERA_MODE)
2026-05-24 04:11:44,943 [INFO] auhip.core.state_machine: Gesture detected: three_fingers_up (conf: 0.90, State: CAMERA_MODE)
2026-05-24 04:11:44,985 [INFO] auhip.core.state_machine: Gesture detected: three_fingers_up (conf: 0.90, State: CAMERA_MODE)
2026-05-24 04:11:45,119 [INFO] auhip.core.state_machine: Gesture detected: three_fingers_up (conf: 0.90, State: CAMERA_MODE)
2026-05-24 04:11:45,180 [INFO] auhip.core.state_machine: Gesture detected: open_palm (conf: 0.95, State: CAMERA_MODE)
2026-05-24 04:11:45,269 [INFO] auhip.core.state_machine: Gesture detected: three_fingers_up (conf: 0.90, State: CAMERA_MODE)
2026-05-24 04:11:45,414 [INFO] auhip.core.state_machine: Gesture detected: three_fingers_up (conf: 0.90, State: CAMERA_MODE)
2026-05-24 04:11:45,459 [INFO] auhip.core.state_machine: Gesture detected: open_palm (conf: 0.95, State: CAMERA_MODE)
2026-05-24 04:11:45,502 [INFO] auhip.core.state_machine: Gesture detected: three_fingers_up (conf: 0.90, State: CAMERA_MODE)
2026-05-24 04:11:45,637 [INFO] auhip.core.state_machine: Gesture detected: open_palm (conf: 0.95, State: CAMERA_MODE)
2026-05-24 04:11:45,687 [INFO] auhip.core.state_machine: Gesture detected: three_fingers_up (conf: 0.90, State: CAMERA_MODE)
2026-05-24 04:11:45,735 [INFO] auhip.core.state_machine: Gesture detected: three_fingers_up (conf: 0.90, State: CAMERA_MODE)
2026-05-24 04:11:45,870 [INFO] auhip.core.state_machine: Gesture detected: peace_sign (conf: 0.95, State: CAMERA_MODE)
2026-05-24 04:11:45,923 [INFO] auhip.core.state_machine: Gesture detected: peace_sign (conf: 0.95, State: CAMERA_MODE)
2026-05-24 04:11:45,971 [INFO] auhip.core.state_machine: Gesture detected: three_fingers_right (conf: 0.90, State: CAMERA_MODE)
2026-05-24 04:11:46,109 [INFO] auhip.core.state_machine: Gesture detected: three_fingers_up (conf: 0.90, State: CAMERA_MODE)
2026-05-24 04:11:46,248 [INFO] auhip.core.state_machine: Gesture detected: open_palm (conf: 0.95, State: CAMERA_MODE)
2026-05-24 04:11:46,399 [INFO] auhip.core.state_machine: Gesture detected: three_fingers_right (conf: 0.90, State: CAMERA_MODE)
2026-05-24 04:11:46,440 [INFO] auhip.core.state_machine: Gesture detected: open_palm (conf: 0.95, State: CAMERA_MODE)
2026-05-24 04:11:46,634 [INFO] auhip.core.state_machine: Gesture detected: three_fingers_right (conf: 0.90, State: CAMERA_MODE)
2026-05-24 04:11:46,681 [INFO] auhip.core.state_machine: Gesture detected: open_palm (conf: 0.95, State: CAMERA_MODE)
2026-05-24 04:11:46,773 [INFO] auhip.core.state_machine: Gesture detected: three_fingers_right (conf: 0.90, State: CAMERA_MODE)
2026-05-24 04:11:46,811 [INFO] auhip.core.state_machine: Gesture detected: open_palm (conf: 0.95, State: CAMERA_MODE)
2026-05-24 04:11:46,902 [INFO] auhip.core.state_machine: Gesture detected: three_fingers_right (conf: 0.90, State: CAMERA_MODE)
2026-05-24 04:11:46,954 [INFO] auhip.core.state_machine: Gesture detected: three_fingers_right (conf: 0.90, State: CAMERA_MODE)
2026-05-24 04:11:47,000 [INFO] auhip.core.state_machine: Gesture detected: three_fingers_right (conf: 0.90, State: CAMERA_MODE)
2026-05-24 04:11:47,045 [INFO] auhip.core.state_machine: Gesture detected: open_palm (conf: 0.95, State: CAMERA_MODE)
2026-05-24 04:11:47,139 [INFO] auhip.core.state_machine: Gesture detected: three_fingers_right (conf: 0.90, State: CAMERA_MODE)
2026-05-24 04:11:47,184 [INFO] auhip.core.state_machine: Gesture detected: three_fingers_right (conf: 0.90, State: CAMERA_MODE)
2026-05-24 04:11:47,231 [INFO] auhip.core.state_machine: Gesture detected: three_fingers_right (conf: 0.90, State: CAMERA_MODE)
2026-05-24 04:11:47,279 [INFO] auhip.core.state_machine: Gesture detected: three_fingers_right (conf: 0.90, State: CAMERA_MODE)
2026-05-24 04:11:47,324 [INFO] auhip.core.state_machine: Gesture detected: three_fingers_right (conf: 0.90, State: CAMERA_MODE)
2026-05-24 04:11:47,372 [INFO] auhip.core.state_machine: Gesture detected: three_fingers_right (conf: 0.90, State: CAMERA_MODE)
2026-05-24 04:11:47,419 [INFO] auhip.core.state_machine: Gesture detected: three_fingers_right (conf: 0.90, State: CAMERA_MODE)
2026-05-24 04:11:47,465 [INFO] auhip.core.state_machine: Gesture detected: three_fingers_right (conf: 0.90, State: CAMERA_MODE)
2026-05-24 04:11:47,514 [INFO] auhip.core.state_machine: Gesture detected: three_fingers_right (conf: 0.90, State: CAMERA_MODE)
2026-05-24 04:11:47,651 [INFO] auhip.core.state_machine: Gesture detected: three_fingers_right (conf: 0.90, State: CAMERA_MODE)
2026-05-24 04:11:47,704 [INFO] auhip.core.state_machine: Gesture detected: three_fingers_right (conf: 0.90, State: CAMERA_MODE)
2026-05-24 04:11:47,754 [INFO] auhip.core.state_machine: Gesture detected: three_fingers_right (conf: 0.90, State: CAMERA_MODE)
2026-05-24 04:11:47,805 [INFO] auhip.core.state_machine: Gesture detected: three_fingers_right (conf: 0.90, State: CAMERA_MODE)
2026-05-24 04:11:47,852 [INFO] auhip.core.state_machine: Gesture detected: three_fingers_right (conf: 0.90, State: CAMERA_MODE)
2026-05-24 04:11:47,902 [INFO] auhip.core.state_machine: Gesture detected: three_fingers_right (conf: 0.90, State: CAMERA_MODE)
2026-05-24 04:11:47,941 [INFO] auhip.core.state_machine: Gesture detected: three_fingers_right (conf: 0.90, State: CAMERA_MODE)
2026-05-24 04:11:47,988 [INFO] auhip.core.state_machine: Gesture detected: peace_sign (conf: 0.95, State: CAMERA_MODE)
2026-05-24 04:11:48,035 [INFO] auhip.core.state_machine: Gesture detected: peace_sign (conf: 0.95, State: CAMERA_MODE)
2026-05-24 04:11:48,084 [INFO] auhip.core.state_machine: Gesture detected: three_fingers_right (conf: 0.90, State: CAMERA_MODE)
2026-05-24 04:11:48,127 [INFO] auhip.core.state_machine: Gesture detected: three_fingers_right (conf: 0.90, State: CAMERA_MODE)
2026-05-24 04:11:48,174 [INFO] auhip.core.state_machine: Gesture detected: three_fingers_right (conf: 0.90, State: CAMERA_MODE)
2026-05-24 04:11:48,222 [INFO] auhip.core.state_machine: Gesture detected: three_fingers_right (conf: 0.90, State: CAMERA_MODE)
2026-05-24 04:11:48,277 [INFO] auhip.core.state_machine: Gesture detected: three_fingers_right (conf: 0.90, State: CAMERA_MODE)
2026-05-24 04:11:48,318 [INFO] auhip.core.state_machine: Gesture detected: three_fingers_right (conf: 0.90, State: CAMERA_MODE)
2026-05-24 04:11:48,362 [INFO] auhip.core.state_machine: Gesture detected: three_fingers_right (conf: 0.90, State: CAMERA_MODE)
2026-05-24 04:11:48,405 [INFO] auhip.core.state_machine: Gesture detected: three_fingers_right (conf: 0.90, State: CAMERA_MODE)
2026-05-24 04:11:48,455 [INFO] auhip.core.state_machine: Gesture detected: three_fingers_right (conf: 0.90, State: CAMERA_MODE)
2026-05-24 04:11:48,498 [INFO] auhip.core.state_machine: Gesture detected: three_fingers_right (conf: 0.90, State: CAMERA_MODE)
2026-05-24 04:11:48,550 [INFO] auhip.core.state_machine: Gesture detected: three_fingers_right (conf: 0.90, State: CAMERA_MODE)
2026-05-24 04:11:48,591 [INFO] auhip.core.state_machine: Gesture detected: three_fingers_right (conf: 0.90, State: CAMERA_MODE)
2026-05-24 04:11:48,639 [INFO] auhip.core.state_machine: Gesture detected: three_fingers_right (conf: 0.90, State: CAMERA_MODE)
2026-05-24 04:11:48,685 [INFO] auhip.core.state_machine: Gesture detected: three_fingers_right (conf: 0.90, State: CAMERA_MODE)
2026-05-24 04:11:48,732 [INFO] auhip.core.state_machine: Gesture detected: three_fingers_right (conf: 0.90, State: CAMERA_MODE)
2026-05-24 04:11:48,781 [INFO] auhip.core.state_machine: Gesture detected: three_fingers_right (conf: 0.90, State: CAMERA_MODE)
2026-05-24 04:11:48,826 [INFO] auhip.core.state_machine: Gesture detected: peace_sign (conf: 0.95, State: CAMERA_MODE)
2026-05-24 04:11:48,874 [INFO] auhip.core.state_machine: Gesture detected: three_fingers_right (conf: 0.90, State: CAMERA_MODE)
2026-05-24 04:11:48,918 [INFO] auhip.core.state_machine: Gesture detected: three_fingers_right (conf: 0.90, State: CAMERA_MODE)
2026-05-24 04:11:48,965 [INFO] auhip.core.state_machine: Gesture detected: three_fingers_right (conf: 0.90, State: CAMERA_MODE)
2026-05-24 04:11:49,014 [INFO] auhip.core.state_machine: Gesture detected: three_fingers_right (conf: 0.90, State: CAMERA_MODE)
2026-05-24 04:11:49,060 [INFO] auhip.core.state_machine: Gesture detected: three_fingers_right (conf: 0.90, State: CAMERA_MODE)
2026-05-24 04:11:49,201 [INFO] auhip.core.state_machine: Gesture detected: three_fingers_right (conf: 0.90, State: CAMERA_MODE)
2026-05-24 04:11:49,256 [INFO] auhip.core.state_machine: Gesture detected: three_fingers_right (conf: 0.90, State: CAMERA_MODE)
2026-05-24 04:11:49,302 [INFO] auhip.core.state_machine: Gesture detected: three_fingers_right (conf: 0.90, State: CAMERA_MODE)
2026-05-24 04:11:49,351 [INFO] auhip.core.state_machine: Gesture detected: three_fingers_right (conf: 0.90, State: CAMERA_MODE)
2026-05-24 04:11:49,408 [INFO] auhip.core.state_machine: Gesture detected: three_fingers_right (conf: 0.90, State: CAMERA_MODE)
2026-05-24 04:11:49,492 [INFO] auhip.core.state_machine: Gesture detected: peace_sign (conf: 0.95, State: CAMERA_MODE)
2026-05-24 04:11:49,504 [INFO] auhip.core.state_machine: Gesture detected: three_fingers_right (conf: 0.90, State: CAMERA_MODE)
2026-05-24 04:11:49,588 [INFO] auhip.core.state_machine: Gesture detected: peace_sign (conf: 0.95, State: CAMERA_MODE)
2026-05-24 04:11:49,645 [INFO] auhip.core.state_machine: Gesture detected: peace_sign (conf: 0.95, State: CAMERA_MODE)
2026-05-24 04:11:49,654 [INFO] auhip.core.state_machine: Gesture detected: peace_sign (conf: 0.95, State: CAMERA_MODE)
2026-05-24 04:11:49,730 [INFO] auhip.core.state_machine: Gesture detected: three_fingers_right (conf: 0.90, State: CAMERA_MODE)
2026-05-24 04:11:49,773 [INFO] auhip.core.state_machine: Gesture detected: three_fingers_right (conf: 0.90, State: CAMERA_MODE)
2026-05-24 04:11:49,813 [INFO] auhip.core.state_machine: Gesture detected: three_fingers_right (conf: 0.90, State: CAMERA_MODE)
2026-05-24 04:11:49,858 [INFO] auhip.core.state_machine: Gesture detected: three_fingers_right (conf: 0.90, State: CAMERA_MODE)
2026-05-24 04:11:49,907 [INFO] auhip.core.state_machine: Gesture detected: three_fingers_right (conf: 0.90, State: CAMERA_MODE)
2026-05-24 04:11:49,967 [INFO] auhip.core.state_machine: Gesture detected: three_fingers_right (conf: 0.90, State: CAMERA_MODE)
2026-05-24 04:11:50,000 [INFO] auhip.core.state_machine: Gesture detected: three_fingers_right (conf: 0.90, State: CAMERA_MODE)
2026-05-24 04:11:50,048 [INFO] auhip.core.state_machine: Gesture detected: peace_sign (conf: 0.95, State: CAMERA_MODE)
2026-05-24 04:11:50,094 [INFO] auhip.core.state_machine: Gesture detected: peace_sign (conf: 0.95, State: CAMERA_MODE)
2026-05-24 04:11:50,137 [INFO] auhip.core.state_machine: Gesture detected: peace_sign (conf: 0.95, State: CAMERA_MODE)
2026-05-24 04:11:50,184 [INFO] auhip.core.state_machine: Gesture detected: peace_sign (conf: 0.95, State: CAMERA_MODE)
2026-05-24 04:11:50,232 [INFO] auhip.core.state_machine: Gesture detected: three_fingers_right (conf: 0.90, State: CAMERA_MODE)
2026-05-24 04:11:50,278 [INFO] auhip.core.state_machine: Gesture detected: three_fingers_right (conf: 0.90, State: CAMERA_MODE)
2026-05-24 04:11:50,326 [INFO] auhip.core.state_machine: Gesture detected: three_fingers_right (conf: 0.90, State: CAMERA_MODE)
2026-05-24 04:11:50,371 [INFO] auhip.core.state_machine: Gesture detected: three_fingers_right (conf: 0.90, State: CAMERA_MODE)
2026-05-24 04:11:50,418 [INFO] auhip.core.state_machine: Gesture detected: three_fingers_right (conf: 0.90, State: CAMERA_MODE)
2026-05-24 04:11:50,477 [INFO] auhip.core.state_machine: Gesture detected: three_fingers_right (conf: 0.90, State: CAMERA_MODE)
2026-05-24 04:11:50,514 [INFO] auhip.core.state_machine: Gesture detected: peace_sign (conf: 0.95, State: CAMERA_MODE)
2026-05-24 04:11:50,563 [INFO] auhip.core.state_machine: Gesture detected: three_fingers_right (conf: 0.90, State: CAMERA_MODE)
2026-05-24 04:11:50,715 [INFO] auhip.core.state_machine: Gesture detected: three_fingers_right (conf: 0.90, State: CAMERA_MODE)
2026-05-24 04:11:50,758 [INFO] auhip.core.state_machine: Gesture detected: peace_sign (conf: 0.95, State: CAMERA_MODE)
2026-05-24 04:11:50,808 [INFO] auhip.core.state_machine: Gesture detected: three_fingers_right (conf: 0.90, State: CAMERA_MODE)
2026-05-24 04:11:50,861 [INFO] auhip.core.state_machine: Gesture detected: three_fingers_right (conf: 0.90, State: CAMERA_MODE)
2026-05-24 04:11:50,900 [INFO] auhip.core.state_machine: Gesture detected: three_fingers_right (conf: 0.90, State: CAMERA_MODE)
2026-05-24 04:11:50,953 [INFO] auhip.core.state_machine: Gesture detected: three_fingers_right (conf: 0.90, State: CAMERA_MODE)
2026-05-24 04:11:50,987 [INFO] auhip.core.state_machine: Gesture detected: three_fingers_right (conf: 0.90, State: CAMERA_MODE)
2026-05-24 04:11:51,042 [INFO] auhip.core.state_machine: Gesture detected: three_fingers_right (conf: 0.90, State: CAMERA_MODE)
2026-05-24 04:11:51,083 [INFO] auhip.core.state_machine: Gesture detected: three_fingers_right (conf: 0.90, State: CAMERA_MODE)
2026-05-24 04:11:51,131 [INFO] auhip.core.state_machine: Gesture detected: three_fingers_right (conf: 0.90, State: CAMERA_MODE)
2026-05-24 04:11:51,185 [INFO] auhip.core.state_machine: Gesture detected: three_fingers_right (conf: 0.90, State: CAMERA_MODE)
2026-05-24 04:11:51,228 [INFO] auhip.core.state_machine: Gesture detected: three_fingers_right (conf: 0.90, State: CAMERA_MODE)
2026-05-24 04:11:51,274 [INFO] auhip.core.state_machine: Gesture detected: three_fingers_right (conf: 0.90, State: CAMERA_MODE)
2026-05-24 04:11:51,325 [INFO] auhip.core.state_machine: Gesture detected: three_fingers_right (conf: 0.90, State: CAMERA_MODE)
2026-05-24 04:11:51,412 [INFO] auhip.core.state_machine: Gesture detected: three_fingers_right (conf: 0.90, State: CAMERA_MODE)
2026-05-24 04:11:51,419 [INFO] auhip.core.state_machine: Gesture detected: open_palm (conf: 0.95, State: CAMERA_MODE)
2026-05-24 04:11:51,612 [INFO] auhip.core.state_machine: Gesture detected: three_fingers_up (conf: 0.90, State: CAMERA_MODE)
2026-05-24 04:11:51,752 [INFO] auhip.core.state_machine: Gesture detected: three_fingers_up (conf: 0.90, State: CAMERA_MODE)
2026-05-24 04:11:51,781 [INFO] auhip.core.state_machine: Gesture detected: open_palm (conf: 0.95, State: CAMERA_MODE)
2026-05-24 04:11:51,881 [INFO] auhip.core.state_machine: Gesture detected: three_fingers_up (conf: 0.90, State: CAMERA_MODE)
2026-05-24 04:11:52,017 [INFO] auhip.core.state_machine: Gesture detected: fist (conf: 0.90, State: CAMERA_MODE)
2026-05-24 04:11:52,453 [INFO] auhip.core.state_machine: Gesture detected: fist (conf: 0.90, State: CAMERA_MODE)
2026-05-24 04:11:56,163 [INFO] auhip.core.state_machine: Gesture detected: open_palm (conf: 0.95, State: CAMERA_MODE)
2026-05-24 04:17:50,198 [INFO] auhip: Starting auhip Assistant...
2026-05-24 04:17:50,207 [INFO] auhip.core.agent: Hybrid local-first orchestration layer initialised.
2026-05-24 04:17:51,213 [INFO] auhip.core.state_machine: State Machine started in STANDBY.
2026-05-24 04:17:51,217 [INFO] auhip.audio.speech_recognition: Loading Vosk model from: vosk-model-small-en-us-0.15
2026-05-24 04:17:51,721 [INFO] auhip.audio.speech_recognition: Vosk initialized successfully.
2026-05-24 04:17:51,828 [INFO] auhip.audio.microphone: Microphone stream started (Device: Default).
2026-05-24 04:17:51,828 [INFO] auhip.audio.snap_detector: Snap detector activated.
2026-05-24 04:17:51,829 [INFO] auhip: auhip is ready.
2026-05-24 04:17:51,829 [INFO] auhip:   Wake phrase    : 'daddy home'
2026-05-24 04:17:51,829 [INFO] auhip:   Shutdown phrase: 'goodbye jojo'
2026-05-24 04:17:52,451 [INFO] auhip.audio.snap_detector: Sound detected! Energy: 0.0724
2026-05-24 04:17:52,451 [INFO] auhip.audio.snap_detector: Snap detected! Energy: 0.0724, Avg: 0.0036
2026-05-24 04:17:52,780 [INFO] auhip.audio.snap_detector: Snap detected! Energy: 0.1193, Avg: 0.0061
2026-05-24 04:17:52,785 [INFO] auhip.audio.speech_recognition: Vosk is listening (shared stream)...
2026-05-24 04:17:53,116 [INFO] auhip.audio.snap_detector: Snap detected! Energy: 0.1030, Avg: 0.0083
2026-05-24 04:17:53,472 [INFO] auhip.audio.snap_detector: Sound detected! Energy: 0.0342
2026-05-24 04:17:54,403 [INFO] auhip.audio.speech_recognition: Vosk Recognized: "daddy home"
2026-05-24 04:17:54,405 [INFO] auhip.audio.snap_detector: Snap detector deactivated.
2026-05-24 04:17:54,405 [INFO] auhip.vision.worker: Vision mode set to: none
2026-05-24 04:17:54,531 [INFO] auhip.audio.speech_recognition: Vosk is listening (shared stream)...
2026-05-24 04:18:04,542 [INFO] auhip.audio.speech_recognition: Requesting Google Cloud fallback recognition...
2026-05-24 04:18:05,244 [INFO] auhip.audio.speech_recognition: Vosk is listening (shared stream)...
2026-05-24 04:18:15,272 [INFO] auhip.audio.speech_recognition: Requesting Google Cloud fallback recognition...
2026-05-24 04:18:15,941 [INFO] auhip.audio.speech_recognition: Vosk is listening (shared stream)...
2026-05-24 04:18:17,766 [INFO] auhip.audio.speech_recognition: Vosk Recognized: "control on"
2026-05-24 04:18:17,775 [INFO] auhip.audio.snap_detector: Snap detector deactivated.
2026-05-24 04:18:17,887 [INFO] auhip.vision.worker: Vision Worker started.
2026-05-24 04:18:17,912 [INFO] auhip.vision.worker: Vision mode set to: control
2026-05-24 04:18:17,912 [INFO] auhip.core.agent: Local skill matched for: 'control on'
2026-05-24 04:18:17,938 [INFO] auhip.core.state_machine: Voice mode loop ended. Current state: CONTROL_MODE
2026-05-24 04:18:18,042 [WARNING] auhip.core.state_machine: Unknown attention state: UNKNOWN
2026-05-24 04:18:24,036 [INFO] auhip.vision.worker: Click (Gesture).
2026-05-24 04:18:24,618 [INFO] auhip.vision.worker: Click (Gesture).
2026-05-24 04:18:26,111 [INFO] auhip.vision.worker: Click (Gesture).
2026-05-24 04:18:26,653 [INFO] auhip.vision.worker: Click (Gesture).
2026-06-08 04:59:49,682 [INFO] auhip: Starting auhip Assistant...
2026-06-08 04:59:49,795 [INFO] auhip.core.agent: Hybrid local-first orchestration layer initialised.
2026-06-08 04:59:52,144 [INFO] auhip.core.state_machine: State Machine started in STANDBY.
2026-06-08 04:59:52,146 [INFO] auhip.audio.speech_recognition: Loading Vosk model from: vosk-model-small-en-us-0.15
2026-06-08 04:59:52,777 [INFO] auhip.audio.speech_recognition: Vosk initialized successfully.
2026-06-08 04:59:52,858 [INFO] auhip.audio.microphone: Microphone stream started (Device: Default).
2026-06-08 04:59:52,858 [INFO] auhip.audio.snap_detector: Snap detector activated.
2026-06-08 04:59:52,858 [INFO] auhip: auhip is ready.
2026-06-08 04:59:52,858 [INFO] auhip:   Wake phrase    : 'daddy home'
2026-06-08 04:59:52,858 [INFO] auhip:   Shutdown phrase: 'goodbye jojo'
2026-06-08 04:59:53,866 [INFO] auhip.audio.snap_detector: Sound detected! Energy: 0.1496
2026-06-08 04:59:53,866 [INFO] auhip.audio.snap_detector: Snap detected! Energy: 0.1496, Avg: 0.0084
2026-06-08 04:59:54,375 [INFO] auhip.audio.snap_detector: Snap detected! Energy: 0.2560, Avg: 0.0163
2026-06-08 04:59:54,382 [INFO] auhip.audio.speech_recognition: Vosk is listening (shared stream)...
2026-06-08 04:59:55,760 [INFO] auhip.audio.speech_recognition: Vosk Recognized: "daddy home"
2026-06-08 04:59:55,761 [INFO] auhip.audio.snap_detector: Snap detector deactivated.
2026-06-08 04:59:55,761 [INFO] auhip.vision.worker: Vision mode set to: none
2026-06-08 04:59:55,961 [INFO] auhip.audio.speech_recognition: Vosk is listening (shared stream)...
2026-06-08 05:00:05,983 [INFO] auhip.audio.speech_recognition: Requesting Google Cloud fallback recognition...
2026-06-08 05:00:06,730 [INFO] auhip.audio.speech_recognition: Vosk is listening (shared stream)...
2026-06-08 05:00:12,663 [INFO] auhip.audio.speech_recognition: Vosk Recognized: "hello are you there"
2026-06-08 05:00:12,672 [INFO] auhip.core.llm.router: Dispatching intent processing for prompt: 'hello are you there'
2026-06-08 05:00:13,241 [ERROR] auhip.core.llm.local_model: Local core REST rejection (404): {"error":"model 'qwen:4b' not found"}
2026-06-08 05:00:13,242 [WARNING] auhip.core.llm.local_model: Ollama connection error on attempt 1: Ollama execution error: 404
2026-06-08 05:00:13,695 [ERROR] auhip.core.llm.local_model: Local core REST rejection (404): {"error":"model 'qwen:4b' not found"}
2026-06-08 05:00:13,696 [WARNING] auhip.core.llm.local_model: Ollama connection error on attempt 2: Ollama execution error: 404
2026-06-08 05:00:13,892 [ERROR] auhip.core.llm.local_model: Local primary model failed after 2 attempts. Triggering cloud fallback.
2026-06-08 05:00:13,892 [INFO] auhip.core.llm.router: Local core execution unavailable or errored. Escalating reasoning request to Layer 3 cloud neural infrastructure.
2026-06-08 05:00:16,986 [INFO] auhip.core.llm.router: Finalized structural resolution: Intent='greeting', Confidence=1.00, Tool=None
2026-06-08 05:00:17,032 [INFO] auhip.audio.speech_recognition: Vosk is listening (shared stream)...
2026-06-08 05:00:25,664 [INFO] auhip.audio.speech_recognition: Vosk Recognized: "what modell are you"
2026-06-08 05:00:25,673 [INFO] auhip.core.llm.router: Dispatching intent processing for prompt: 'what modell are you'
2026-06-08 05:00:25,673 [WARNING] auhip.core.llm.router: Local engine status checks failed. Prompting direct external escalation routing.
2026-06-08 05:00:25,673 [INFO] auhip.core.llm.router: Local core execution unavailable or errored. Escalating reasoning request to Layer 3 cloud neural infrastructure.
2026-06-08 05:00:30,534 [ERROR] auhip.core.llm.cloud_model: Gemini API failure (503): {
  "error": {
    "code": 503,
    "message": "This model is currently experiencing high demand. Spikes in demand are usually temporary. Please try again later.",
    "status": "UNAVAILABLE"
  }
}

2026-06-08 05:00:30,536 [WARNING] auhip.core.llm.cloud_model: Cloud adapter exception on try 1: Cloud execution error: 503
2026-06-08 05:00:46,407 [WARNING] auhip.core.llm.cloud_model: Gemini timeout on try 2. Backing off...
2026-06-08 05:00:50,971 [INFO] auhip.core.llm.router: Finalized structural resolution: Intent='identify_model', Confidence=1.00, Tool=None
2026-06-08 05:00:51,011 [INFO] auhip.audio.speech_recognition: Vosk is listening (shared stream)...
2026-06-08 05:01:01,086 [INFO] auhip.audio.speech_recognition: Vosk Recognized (Final): "okay"
2026-06-08 05:01:01,094 [INFO] auhip.core.llm.router: Dispatching intent processing for prompt: 'okay'
2026-06-08 05:01:01,599 [ERROR] auhip.core.llm.local_model: Local core REST rejection (404): {"error":"model 'qwen:4b' not found"}
2026-06-08 05:01:01,599 [WARNING] auhip.core.llm.local_model: Ollama connection error on attempt 1: Ollama execution error: 404
2026-06-08 05:01:02,055 [ERROR] auhip.core.llm.local_model: Local core REST rejection (404): {"error":"model 'qwen:4b' not found"}
2026-06-08 05:01:02,055 [WARNING] auhip.core.llm.local_model: Ollama connection error on attempt 2: Ollama execution error: 404
2026-06-08 05:01:02,254 [ERROR] auhip.core.llm.local_model: Local primary model failed after 2 attempts. Triggering cloud fallback.
2026-06-08 05:01:02,254 [INFO] auhip.core.llm.router: Local core execution unavailable or errored. Escalating reasoning request to Layer 3 cloud neural infrastructure.
2026-06-08 05:01:04,962 [INFO] auhip.core.llm.router: Finalized structural resolution: Intent='acknowledgment', Confidence=1.00, Tool=None
2026-06-08 05:01:04,988 [INFO] auhip.audio.speech_recognition: Vosk is listening (shared stream)...
2026-06-08 05:01:15,040 [INFO] auhip.audio.speech_recognition: Requesting Google Cloud fallback recognition...
2026-06-08 05:01:15,787 [INFO] auhip.audio.speech_recognition: Vosk is listening (shared stream)...
2026-06-08 05:01:25,898 [INFO] auhip.audio.speech_recognition: Vosk Recognized (Final): "if i want to put ah"
2026-06-08 05:01:25,908 [INFO] auhip.core.llm.router: Dispatching intent processing for prompt: 'if i want to put ah'
2026-06-08 05:01:26,415 [ERROR] auhip.core.llm.local_model: Local core REST rejection (404): {"error":"model 'qwen:4b' not found"}
2026-06-08 05:01:26,415 [WARNING] auhip.core.llm.local_model: Ollama connection error on attempt 1: Ollama execution error: 404
2026-06-08 05:01:26,864 [ERROR] auhip.core.llm.local_model: Local core REST rejection (404): {"error":"model 'qwen:4b' not found"}
2026-06-08 05:01:26,864 [WARNING] auhip.core.llm.local_model: Ollama connection error on attempt 2: Ollama execution error: 404
2026-06-08 05:01:27,060 [ERROR] auhip.core.llm.local_model: Local primary model failed after 2 attempts. Triggering cloud fallback.
2026-06-08 05:01:27,060 [INFO] auhip.core.llm.router: Local core execution unavailable or errored. Escalating reasoning request to Layer 3 cloud neural infrastructure.
2026-06-08 05:01:38,679 [INFO] auhip.core.llm.router: Finalized structural resolution: Intent='clarify_incomplete_input', Confidence=0.95, Tool=None
2026-06-08 05:01:38,719 [INFO] auhip.audio.speech_recognition: Vosk is listening (shared stream)...
2026-06-08 05:01:48,753 [INFO] auhip.audio.speech_recognition: Requesting Google Cloud fallback recognition...
2026-06-08 05:01:49,406 [INFO] auhip.audio.speech_recognition: Vosk is listening (shared stream)...
2026-06-08 05:01:59,431 [INFO] auhip.audio.speech_recognition: Requesting Google Cloud fallback recognition...
2026-06-08 05:02:00,173 [INFO] auhip.audio.speech_recognition: Vosk is listening (shared stream)...
2026-06-08 05:02:10,222 [INFO] auhip.audio.speech_recognition: Requesting Google Cloud fallback recognition...
2026-06-08 05:02:10,927 [INFO] auhip.audio.speech_recognition: Vosk is listening (shared stream)...
2026-06-08 05:02:16,023 [INFO] auhip.audio.snap_detector: Snap detector deactivated.
2026-06-08 05:02:16,062 [INFO] auhip.audio.speech_recognition: Vosk listening cancelled by event.
2026-06-08 05:02:16,074 [INFO] auhip.audio.speech_recognition: Requesting Google Cloud fallback recognition...
2026-06-08 05:02:16,183 [INFO] auhip.vision.worker: Vision Worker started.
2026-06-08 05:02:16,210 [INFO] auhip.vision.worker: Vision mode set to: camera
2026-06-08 05:02:16,436 [WARNING] auhip.core.state_machine: Unknown attention state: UNKNOWN
2026-06-08 05:02:16,508 [INFO] auhip.core.state_machine: Voice mode loop ended. Current state: CAMERA_MODE
2026-06-08 05:02:28,947 [INFO] auhip.audio.microphone: Microphone stream stopped.
2026-06-08 05:02:28,983 [INFO] auhip.audio.microphone: Microphone stream started (Device: 1).
2026-06-08 05:02:31,106 [INFO] auhip.core.state_machine: Gesture detected: open_palm (conf: 0.95, State: CAMERA_MODE)
2026-06-08 05:02:45,670 [INFO] auhip.core.state_machine: Gesture detected: three_fingers_up (conf: 0.90, State: CAMERA_MODE)
2026-06-08 05:02:45,802 [INFO] auhip.core.state_machine: Gesture detected: three_fingers_up (conf: 0.90, State: CAMERA_MODE)
2026-06-08 05:02:45,854 [INFO] auhip.core.state_machine: Gesture detected: three_fingers_up (conf: 0.90, State: CAMERA_MODE)
2026-06-08 05:02:45,897 [INFO] auhip.core.state_machine: Gesture detected: three_fingers_up (conf: 0.90, State: CAMERA_MODE)
2026-06-08 05:02:46,052 [INFO] auhip.core.state_machine: Gesture detected: three_fingers_up (conf: 0.90, State: CAMERA_MODE)
2026-06-08 05:02:46,057 [INFO] auhip.core.state_machine: Gesture detected: three_fingers_up (conf: 0.90, State: CAMERA_MODE)
2026-06-08 05:02:46,084 [INFO] auhip.core.state_machine: Gesture detected: three_fingers_up (conf: 0.90, State: CAMERA_MODE)
2026-06-08 05:02:46,141 [INFO] auhip.core.state_machine: Gesture detected: three_fingers_up (conf: 0.90, State: CAMERA_MODE)
2026-06-08 05:02:46,274 [INFO] auhip.core.state_machine: Gesture detected: three_fingers_up (conf: 0.90, State: CAMERA_MODE)
2026-06-08 05:02:46,319 [INFO] auhip.core.state_machine: Gesture detected: three_fingers_up (conf: 0.90, State: CAMERA_MODE)
2026-06-08 05:02:46,368 [INFO] auhip.core.state_machine: Gesture detected: three_fingers_up (conf: 0.90, State: CAMERA_MODE)
2026-06-08 05:02:46,530 [INFO] auhip.core.state_machine: Gesture detected: three_fingers_up (conf: 0.90, State: CAMERA_MODE)
2026-06-08 05:02:46,561 [INFO] auhip.core.state_machine: Gesture detected: three_fingers_up (conf: 0.90, State: CAMERA_MODE)
2026-06-08 05:02:46,564 [INFO] auhip.core.state_machine: Gesture detected: three_fingers_up (conf: 0.90, State: CAMERA_MODE)
2026-06-08 05:02:46,612 [INFO] auhip.core.state_machine: Gesture detected: three_fingers_up (conf: 0.90, State: CAMERA_MODE)
2026-06-08 05:02:46,743 [INFO] auhip.core.state_machine: Gesture detected: three_fingers_up (conf: 0.90, State: CAMERA_MODE)
2026-06-08 05:02:46,787 [INFO] auhip.core.state_machine: Gesture detected: three_fingers_up (conf: 0.90, State: CAMERA_MODE)
2026-06-08 05:02:46,839 [INFO] auhip.core.state_machine: Gesture detected: open_palm (conf: 0.95, State: CAMERA_MODE)
2026-06-08 05:02:49,003 [INFO] auhip.core.state_machine: Gesture detected: fist (conf: 0.90, State: CAMERA_MODE)
2026-06-08 05:02:49,836 [INFO] auhip.core.state_machine: Gesture detected: open_palm (conf: 0.95, State: CAMERA_MODE)
2026-06-08 05:02:51,050 [INFO] auhip.core.state_machine: Gesture detected: fist (conf: 0.90, State: CAMERA_MODE)
2026-06-08 05:02:52,248 [INFO] auhip.core.state_machine: Gesture detected: fist (conf: 0.90, State: CAMERA_MODE)
2026-06-08 05:02:54,473 [INFO] auhip.core.state_machine: Gesture detected: fist (conf: 0.90, State: CAMERA_MODE)
2026-06-08 05:02:55,225 [INFO] auhip.core.state_machine: Gesture detected: fist (conf: 0.90, State: CAMERA_MODE)
2026-06-08 05:02:55,742 [INFO] auhip.core.state_machine: Gesture detected: three_fingers_down (conf: 0.90, State: CAMERA_MODE)
2026-06-08 05:02:55,895 [INFO] auhip.core.state_machine: Gesture detected: fist (conf: 0.90, State: CAMERA_MODE)
2026-06-08 05:02:55,902 [INFO] auhip.core.state_machine: Gesture detected: three_fingers_down (conf: 0.90, State: CAMERA_MODE)
2026-06-08 05:02:55,929 [INFO] auhip.core.state_machine: Gesture detected: fist (conf: 0.90, State: CAMERA_MODE)
2026-06-08 05:02:55,984 [INFO] auhip.core.state_machine: Gesture detected: three_fingers_down (conf: 0.90, State: CAMERA_MODE)
2026-06-08 05:02:56,123 [INFO] auhip.core.state_machine: Gesture detected: three_fingers_down (conf: 0.90, State: CAMERA_MODE)
2026-06-08 05:02:56,170 [INFO] auhip.core.state_machine: Gesture detected: fist (conf: 0.90, State: CAMERA_MODE)
2026-06-08 05:02:56,212 [INFO] auhip.core.state_machine: Gesture detected: three_fingers_down (conf: 0.90, State: CAMERA_MODE)
2026-06-08 05:02:56,345 [INFO] auhip.core.state_machine: Gesture detected: three_fingers_down (conf: 0.90, State: CAMERA_MODE)
2026-06-08 05:02:56,402 [INFO] auhip.core.state_machine: Gesture detected: three_fingers_down (conf: 0.90, State: CAMERA_MODE)
2026-06-08 05:02:56,442 [INFO] auhip.core.state_machine: Gesture detected: three_fingers_down (conf: 0.90, State: CAMERA_MODE)
2026-06-08 05:02:56,570 [INFO] auhip.core.state_machine: Gesture detected: three_fingers_down (conf: 0.90, State: CAMERA_MODE)
2026-06-08 05:02:56,595 [INFO] auhip.core.state_machine: Gesture detected: three_fingers_down (conf: 0.90, State: CAMERA_MODE)
2026-06-08 05:02:56,641 [INFO] auhip.core.state_machine: Gesture detected: three_fingers_down (conf: 0.90, State: CAMERA_MODE)
2026-06-08 05:02:56,680 [INFO] auhip.core.state_machine: Gesture detected: three_fingers_down (conf: 0.90, State: CAMERA_MODE)
2026-06-08 05:02:56,811 [INFO] auhip.core.state_machine: Gesture detected: three_fingers_down (conf: 0.90, State: CAMERA_MODE)
2026-06-08 05:02:56,875 [INFO] auhip.core.state_machine: Gesture detected: three_fingers_down (conf: 0.90, State: CAMERA_MODE)
2026-06-08 05:02:56,920 [INFO] auhip.core.state_machine: Gesture detected: three_fingers_down (conf: 0.90, State: CAMERA_MODE)
2026-06-08 05:02:57,050 [INFO] auhip.core.state_machine: Gesture detected: three_fingers_down (conf: 0.90, State: CAMERA_MODE)
2026-06-08 05:02:57,106 [INFO] auhip.core.state_machine: Gesture detected: three_fingers_down (conf: 0.90, State: CAMERA_MODE)
2026-06-08 05:02:57,157 [INFO] auhip.core.state_machine: Gesture detected: three_fingers_down (conf: 0.90, State: CAMERA_MODE)
2026-06-08 05:02:57,288 [INFO] auhip.core.state_machine: Gesture detected: three_fingers_down (conf: 0.90, State: CAMERA_MODE)
2026-06-08 05:02:57,347 [INFO] auhip.core.state_machine: Gesture detected: three_fingers_down (conf: 0.90, State: CAMERA_MODE)
2026-06-08 05:02:57,384 [INFO] auhip.core.state_machine: Gesture detected: three_fingers_down (conf: 0.90, State: CAMERA_MODE)
2026-06-08 05:02:57,535 [INFO] auhip.core.state_machine: Gesture detected: fist (conf: 0.90, State: CAMERA_MODE)
2026-06-08 05:02:57,640 [INFO] auhip.core.state_machine: Gesture detected: three_fingers_up (conf: 0.90, State: CAMERA_MODE)
2026-06-08 05:02:57,767 [INFO] auhip.core.state_machine: Gesture detected: open_palm (conf: 0.95, State: CAMERA_MODE)
2026-06-08 05:02:57,855 [INFO] auhip.core.state_machine: Gesture detected: three_fingers_up (conf: 0.90, State: CAMERA_MODE)
2026-06-08 05:02:57,989 [INFO] auhip.core.state_machine: Gesture detected: three_fingers_up (conf: 0.90, State: CAMERA_MODE)
2026-06-08 05:02:58,041 [INFO] auhip.core.state_machine: Gesture detected: three_fingers_up (conf: 0.90, State: CAMERA_MODE)
2026-06-08 05:02:58,092 [INFO] auhip.core.state_machine: Gesture detected: three_fingers_up (conf: 0.90, State: CAMERA_MODE)
2026-06-08 05:02:58,220 [INFO] auhip.core.state_machine: Gesture detected: three_fingers_up (conf: 0.90, State: CAMERA_MODE)
2026-06-08 05:02:58,277 [INFO] auhip.core.state_machine: Gesture detected: three_fingers_up (conf: 0.90, State: CAMERA_MODE)
2026-06-08 05:02:58,326 [INFO] auhip.core.state_machine: Gesture detected: three_fingers_up (conf: 0.90, State: CAMERA_MODE)
2026-06-08 05:02:58,455 [INFO] auhip.core.state_machine: Gesture detected: three_fingers_up (conf: 0.90, State: CAMERA_MODE)
2026-06-08 05:02:58,510 [INFO] auhip.core.state_machine: Gesture detected: three_fingers_up (conf: 0.90, State: CAMERA_MODE)
2026-06-08 05:02:58,561 [INFO] auhip.core.state_machine: Gesture detected: three_fingers_up (conf: 0.90, State: CAMERA_MODE)
2026-06-08 05:02:58,692 [INFO] auhip.core.state_machine: Gesture detected: three_fingers_up (conf: 0.90, State: CAMERA_MODE)
2026-06-08 05:02:58,749 [INFO] auhip.core.state_machine: Gesture detected: three_fingers_up (conf: 0.90, State: CAMERA_MODE)
2026-06-08 05:02:58,787 [INFO] auhip.core.state_machine: Gesture detected: three_fingers_up (conf: 0.90, State: CAMERA_MODE)
2026-06-08 05:02:58,939 [INFO] auhip.core.state_machine: Gesture detected: three_fingers_up (conf: 0.90, State: CAMERA_MODE)
2026-06-08 05:02:58,945 [INFO] auhip.core.state_machine: Gesture detected: three_fingers_up (conf: 0.90, State: CAMERA_MODE)
2026-06-08 05:02:58,983 [INFO] auhip.core.state_machine: Gesture detected: three_fingers_up (conf: 0.90, State: CAMERA_MODE)
2026-06-08 05:02:59,029 [INFO] auhip.core.state_machine: Gesture detected: three_fingers_up (conf: 0.90, State: CAMERA_MODE)
2026-06-08 05:02:59,158 [INFO] auhip.core.state_machine: Gesture detected: three_fingers_up (conf: 0.90, State: CAMERA_MODE)
2026-06-08 05:02:59,213 [INFO] auhip.core.state_machine: Gesture detected: three_fingers_up (conf: 0.90, State: CAMERA_MODE)
2026-06-08 05:02:59,266 [INFO] auhip.core.state_machine: Gesture detected: three_fingers_up (conf: 0.90, State: CAMERA_MODE)
2026-06-08 05:02:59,395 [INFO] auhip.core.state_machine: Gesture detected: open_palm (conf: 0.95, State: CAMERA_MODE)
2026-06-08 05:02:59,450 [INFO] auhip.core.state_machine: Gesture detected: three_fingers_up (conf: 0.90, State: CAMERA_MODE)
2026-06-08 05:02:59,489 [INFO] auhip.core.state_machine: Gesture detected: three_fingers_up (conf: 0.90, State: CAMERA_MODE)
2026-06-08 05:02:59,639 [INFO] auhip.core.state_machine: Gesture detected: three_fingers_up (conf: 0.90, State: CAMERA_MODE)
2026-06-08 05:02:59,644 [INFO] auhip.core.state_machine: Gesture detected: three_fingers_up (conf: 0.90, State: CAMERA_MODE)
2026-06-08 05:02:59,683 [INFO] auhip.core.state_machine: Gesture detected: three_fingers_up (conf: 0.90, State: CAMERA_MODE)
2026-06-08 05:02:59,732 [INFO] auhip.core.state_machine: Gesture detected: three_fingers_up (conf: 0.90, State: CAMERA_MODE)
2026-06-08 05:02:59,863 [INFO] auhip.core.state_machine: Gesture detected: three_fingers_up (conf: 0.90, State: CAMERA_MODE)
2026-06-08 05:02:59,918 [INFO] auhip.core.state_machine: Gesture detected: three_fingers_up (conf: 0.90, State: CAMERA_MODE)
2026-06-08 05:02:59,957 [INFO] auhip.core.state_machine: Gesture detected: three_fingers_up (conf: 0.90, State: CAMERA_MODE)
2026-06-08 05:03:00,106 [INFO] auhip.core.state_machine: Gesture detected: three_fingers_up (conf: 0.90, State: CAMERA_MODE)
2026-06-08 05:03:00,113 [INFO] auhip.core.state_machine: Gesture detected: three_fingers_up (conf: 0.90, State: CAMERA_MODE)
2026-06-08 05:03:00,154 [INFO] auhip.core.state_machine: Gesture detected: three_fingers_up (conf: 0.90, State: CAMERA_MODE)
2026-06-08 05:03:00,193 [INFO] auhip.core.state_machine: Gesture detected: three_fingers_up (conf: 0.90, State: CAMERA_MODE)
2026-06-08 05:03:00,327 [INFO] auhip.core.state_machine: Gesture detected: three_fingers_up (conf: 0.90, State: CAMERA_MODE)
2026-06-08 05:03:00,382 [INFO] auhip.core.state_machine: Gesture detected: three_fingers_up (conf: 0.90, State: CAMERA_MODE)
2026-06-08 05:03:00,438 [INFO] auhip.core.state_machine: Gesture detected: three_fingers_up (conf: 0.90, State: CAMERA_MODE)
2026-06-08 05:03:00,566 [INFO] auhip.core.state_machine: Gesture detected: three_fingers_up (conf: 0.90, State: CAMERA_MODE)
2026-06-08 05:03:00,622 [INFO] auhip.core.state_machine: Gesture detected: three_fingers_up (conf: 0.90, State: CAMERA_MODE)
2026-06-08 05:03:00,659 [INFO] auhip.core.state_machine: Gesture detected: three_fingers_up (conf: 0.90, State: CAMERA_MODE)
2026-06-08 05:03:00,809 [INFO] auhip.core.state_machine: Gesture detected: three_fingers_up (conf: 0.90, State: CAMERA_MODE)
2026-06-08 05:03:00,815 [INFO] auhip.core.state_machine: Gesture detected: three_fingers_up (conf: 0.90, State: CAMERA_MODE)
2026-06-08 05:03:00,854 [INFO] auhip.core.state_machine: Gesture detected: one_index_up (conf: 0.95, State: CAMERA_MODE)
2026-06-08 05:03:00,905 [INFO] auhip.core.state_machine: Gesture detected: fist (conf: 0.90, State: CAMERA_MODE)
2026-06-08 05:03:01,243 [INFO] auhip.core.state_machine: Gesture detected: open_palm (conf: 0.95, State: CAMERA_MODE)
2026-06-08 05:03:01,271 [INFO] auhip.core.state_machine: Gesture detected: shake_down (conf: 0.85, State: CAMERA_MODE)
2026-06-08 05:03:01,397 [INFO] auhip.core.state_machine: Gesture detected: open_palm (conf: 0.95, State: CAMERA_MODE)
2026-06-08 05:03:01,461 [INFO] auhip.core.state_machine: Gesture detected: open_palm (conf: 0.95, State: CAMERA_MODE)
2026-06-08 05:03:01,645 [INFO] auhip.core.state_machine: Gesture detected: three_fingers_up (conf: 0.90, State: CAMERA_MODE)
2026-06-08 05:03:01,771 [INFO] auhip.core.state_machine: Gesture detected: three_fingers_up (conf: 0.90, State: CAMERA_MODE)
2026-06-08 05:03:01,793 [INFO] auhip.core.state_machine: Gesture detected: open_palm (conf: 0.95, State: CAMERA_MODE)
2026-06-08 05:03:01,886 [INFO] auhip.core.state_machine: Gesture detected: open_palm (conf: 0.95, State: CAMERA_MODE)
2026-06-08 05:03:02,113 [INFO] auhip.core.state_machine: Gesture detected: fist (conf: 0.90, State: CAMERA_MODE)
2026-06-08 05:03:02,333 [INFO] auhip.core.state_machine: Gesture detected: open_palm (conf: 0.95, State: CAMERA_MODE)
2026-06-08 05:03:02,538 [INFO] auhip.core.state_machine: Gesture detected: fist (conf: 0.90, State: CAMERA_MODE)
2026-06-08 05:03:03,335 [INFO] auhip.core.state_machine: Gesture detected: three_fingers_up (conf: 0.90, State: CAMERA_MODE)
2026-06-08 05:03:03,463 [INFO] auhip.core.state_machine: Gesture detected: fist (conf: 0.90, State: CAMERA_MODE)
2026-06-08 05:03:04,761 [INFO] auhip.core.state_machine: Gesture detected: open_palm (conf: 0.95, State: CAMERA_MODE)
2026-06-08 05:03:05,115 [INFO] auhip.core.state_machine: Gesture detected: three_fingers_up (conf: 0.90, State: CAMERA_MODE)
2026-06-08 05:03:05,239 [INFO] auhip.core.state_machine: Gesture detected: fist (conf: 0.90, State: CAMERA_MODE)
2026-06-08 05:03:13,291 [INFO] auhip.core.state_machine: Gesture detected: peace_sign (conf: 0.95, State: CAMERA_MODE)
2026-06-08 05:03:13,320 [INFO] auhip.core.state_machine: Gesture detected: peace_sign (conf: 0.95, State: CAMERA_MODE)
2026-06-08 05:03:13,362 [INFO] auhip.core.state_machine: Gesture detected: peace_sign (conf: 0.95, State: CAMERA_MODE)
2026-06-08 05:03:13,411 [INFO] auhip.core.state_machine: Gesture detected: peace_sign (conf: 0.95, State: CAMERA_MODE)
2026-06-08 05:03:13,459 [INFO] auhip.core.state_machine: Gesture detected: peace_sign (conf: 0.95, State: CAMERA_MODE)
2026-06-08 05:03:13,507 [INFO] auhip.core.state_machine: Gesture detected: fist (conf: 0.90, State: CAMERA_MODE)
2026-06-08 05:03:14,982 [INFO] auhip.core.state_machine: Gesture detected: open_palm (conf: 0.95, State: CAMERA_MODE)
2026-06-08 05:03:15,007 [INFO] auhip.core.state_machine: Gesture detected: one_index_up (conf: 0.95, State: CAMERA_MODE)
2026-06-08 05:03:15,058 [INFO] auhip.core.state_machine: Gesture detected: peace_sign (conf: 0.95, State: CAMERA_MODE)
2026-06-08 05:03:15,100 [INFO] auhip.core.state_machine: Gesture detected: peace_sign (conf: 0.95, State: CAMERA_MODE)
2026-06-08 05:03:15,151 [INFO] auhip.core.state_machine: Gesture detected: fist (conf: 0.90, State: CAMERA_MODE)
2026-06-08 05:03:15,277 [INFO] auhip.core.state_machine: Gesture detected: three_fingers_down (conf: 0.90, State: CAMERA_MODE)
2026-06-08 05:03:15,407 [INFO] auhip.core.state_machine: Gesture detected: three_fingers_left (conf: 0.90, State: CAMERA_MODE)
2026-06-08 05:03:15,540 [INFO] auhip.core.state_machine: Gesture detected: three_fingers_down (conf: 0.90, State: CAMERA_MODE)
2026-06-08 05:03:15,682 [INFO] auhip.core.state_machine: Gesture detected: three_fingers_down (conf: 0.90, State: CAMERA_MODE)
2026-06-08 05:03:15,716 [INFO] auhip.core.state_machine: Gesture detected: three_fingers_left (conf: 0.90, State: CAMERA_MODE)
2026-06-08 05:03:15,762 [INFO] auhip.core.state_machine: Gesture detected: three_fingers_left (conf: 0.90, State: CAMERA_MODE)
2026-06-08 05:03:15,802 [INFO] auhip.core.state_machine: Gesture detected: three_fingers_down (conf: 0.90, State: CAMERA_MODE)
2026-06-08 05:03:15,949 [INFO] auhip.core.state_machine: Gesture detected: three_fingers_down (conf: 0.90, State: CAMERA_MODE)
2026-06-08 05:03:15,954 [INFO] auhip.core.state_machine: Gesture detected: three_fingers_down (conf: 0.90, State: CAMERA_MODE)
2026-06-08 05:03:15,993 [INFO] auhip.core.state_machine: Gesture detected: three_fingers_down (conf: 0.90, State: CAMERA_MODE)
2026-06-08 05:03:16,040 [INFO] auhip.core.state_machine: Gesture detected: three_fingers_down (conf: 0.90, State: CAMERA_MODE)
2026-06-08 05:03:16,189 [INFO] auhip.core.state_machine: Gesture detected: three_fingers_down (conf: 0.90, State: CAMERA_MODE)
2026-06-08 05:03:16,194 [INFO] auhip.core.state_machine: Gesture detected: three_fingers_down (conf: 0.90, State: CAMERA_MODE)
2026-06-08 05:03:16,233 [INFO] auhip.core.state_machine: Gesture detected: three_fingers_down (conf: 0.90, State: CAMERA_MODE)
2026-06-08 05:03:16,274 [INFO] auhip.core.state_machine: Gesture detected: three_fingers_down (conf: 0.90, State: CAMERA_MODE)
2026-06-08 05:03:16,419 [INFO] auhip.core.state_machine: Gesture detected: three_fingers_down (conf: 0.90, State: CAMERA_MODE)
2026-06-08 05:03:16,423 [INFO] auhip.core.state_machine: Gesture detected: three_fingers_down (conf: 0.90, State: CAMERA_MODE)
2026-06-08 05:03:16,458 [INFO] auhip.core.state_machine: Gesture detected: three_fingers_down (conf: 0.90, State: CAMERA_MODE)
2026-06-08 05:03:16,509 [INFO] auhip.core.state_machine: Gesture detected: three_fingers_down (conf: 0.90, State: CAMERA_MODE)
2026-06-08 05:03:16,656 [INFO] auhip.core.state_machine: Gesture detected: three_fingers_down (conf: 0.90, State: CAMERA_MODE)
2026-06-08 05:03:16,660 [INFO] auhip.core.state_machine: Gesture detected: three_fingers_down (conf: 0.90, State: CAMERA_MODE)
2026-06-08 05:03:16,699 [INFO] auhip.core.state_machine: Gesture detected: three_fingers_down (conf: 0.90, State: CAMERA_MODE)
2026-06-08 05:03:16,740 [INFO] auhip.core.state_machine: Gesture detected: three_fingers_down (conf: 0.90, State: CAMERA_MODE)
2026-06-08 05:03:16,888 [INFO] auhip.core.state_machine: Gesture detected: three_fingers_left (conf: 0.90, State: CAMERA_MODE)
2026-06-08 05:03:16,894 [INFO] auhip.core.state_machine: Gesture detected: three_fingers_left (conf: 0.90, State: CAMERA_MODE)
2026-06-08 05:03:16,932 [INFO] auhip.core.state_machine: Gesture detected: three_fingers_left (conf: 0.90, State: CAMERA_MODE)
2026-06-08 05:03:17,079 [INFO] auhip.core.state_machine: Gesture detected: three_fingers_left (conf: 0.90, State: CAMERA_MODE)
2026-06-08 05:03:17,086 [INFO] auhip.core.state_machine: Gesture detected: three_fingers_left (conf: 0.90, State: CAMERA_MODE)
2026-06-08 05:03:17,112 [INFO] auhip.core.state_machine: Gesture detected: fist (conf: 0.90, State: CAMERA_MODE)
2026-06-08 05:03:17,165 [INFO] auhip.core.state_machine: Gesture detected: peace_sign (conf: 0.95, State: CAMERA_MODE)
2026-06-08 05:03:17,218 [INFO] auhip.core.state_machine: Gesture detected: open_palm (conf: 0.95, State: CAMERA_MODE)
2026-06-08 05:03:17,395 [INFO] auhip.core.state_machine: Gesture detected: fist (conf: 0.90, State: CAMERA_MODE)
2026-06-08 05:03:27,640 [INFO] auhip.core.state_machine: Gesture detected: one_index_up (conf: 0.95, State: CAMERA_MODE)
2026-06-08 05:03:27,798 [INFO] auhip.vision.worker: Index Up confirmed (5 frames). Starting temp voice.
2026-06-08 05:03:27,801 [INFO] auhip.core.state_machine: Temp voice listening activated in Camera Mode.
2026-06-08 05:03:27,805 [INFO] auhip.audio.speech_recognition: Vosk is listening (shared stream)...
2026-06-08 05:03:29,722 [INFO] auhip.core.state_machine: Gesture detected: fist (conf: 0.90, State: CAMERA_MODE)
2026-06-08 05:03:30,122 [INFO] auhip.audio.speech_recognition: Vosk Recognized: "hello sir"
2026-06-08 05:03:30,143 [INFO] auhip.core.state_machine: Processing temp voice command: hello sir
2026-06-08 05:03:30,155 [INFO] auhip.core.llm.router: Dispatching intent processing for prompt: 'hello sir'
2026-06-08 05:03:30,683 [ERROR] auhip.core.llm.local_model: Local core REST rejection (404): {"error":"model 'qwen:4b' not found"}
2026-06-08 05:03:30,684 [WARNING] auhip.core.llm.local_model: Ollama connection error on attempt 1: Ollama execution error: 404
2026-06-08 05:03:31,178 [ERROR] auhip.core.llm.local_model: Local core REST rejection (404): {"error":"model 'qwen:4b' not found"}
2026-06-08 05:03:31,178 [WARNING] auhip.core.llm.local_model: Ollama connection error on attempt 2: Ollama execution error: 404
2026-06-08 05:03:31,378 [ERROR] auhip.core.llm.local_model: Local primary model failed after 2 attempts. Triggering cloud fallback.
2026-06-08 05:03:31,378 [INFO] auhip.core.llm.router: Local core execution unavailable or errored. Escalating reasoning request to Layer 3 cloud neural infrastructure.
2026-06-08 05:03:34,896 [INFO] auhip.core.llm.router: Finalized structural resolution: Intent='greeting', Confidence=1.00, Tool=None
2026-06-08 05:03:35,178 [INFO] auhip.audio.speech_recognition: Vosk is listening (shared stream)...
2026-06-08 05:03:37,241 [INFO] auhip.core.state_machine: Gesture detected: one_index_up (conf: 0.95, State: CAMERA_MODE)
2026-06-08 05:03:39,782 [INFO] auhip.audio.speech_recognition: Vosk Recognized: "hello"
2026-06-08 05:03:39,804 [INFO] auhip.core.state_machine: Processing temp voice command: hello
2026-06-08 05:03:39,809 [INFO] auhip.core.llm.router: Dispatching intent processing for prompt: 'hello'
2026-06-08 05:03:39,809 [WARNING] auhip.core.llm.router: Local engine status checks failed. Prompting direct external escalation routing.
2026-06-08 05:03:39,809 [INFO] auhip.core.llm.router: Local core execution unavailable or errored. Escalating reasoning request to Layer 3 cloud neural infrastructure.
2026-06-08 05:03:42,149 [INFO] auhip.core.state_machine: Gesture detected: fist (conf: 0.90, State: PROCESSING)
2026-06-08 05:03:42,338 [INFO] auhip.core.llm.router: Finalized structural resolution: Intent='greeting', Confidence=1.00, Tool=None
2026-06-08 05:03:42,339 [INFO] auhip.core.llm.context_manager: Context length constraint triggered. Pruning oldest conversational turns.
2026-06-08 05:03:42,570 [INFO] auhip.audio.speech_recognition: Vosk is listening (shared stream)...
2026-06-08 05:03:47,598 [INFO] auhip.audio.speech_recognition: Requesting Google Cloud fallback recognition...
2026-06-08 05:03:48,253 [INFO] auhip.audio.speech_recognition: Vosk is listening (shared stream)...
2026-06-08 05:03:49,919 [INFO] auhip.core.state_machine: Gesture detected: rock_sign (conf: 0.95, State: CAMERA_MODE)
2026-06-08 05:03:49,920 [INFO] auhip.core.state_machine: Exit gesture 'rock_sign' triggered in Camera Mode.
2026-06-08 05:03:49,920 [INFO] auhip.core.state_machine: Exiting Camera Mode -> Returning to Voice Mode
2026-06-08 05:03:49,920 [INFO] auhip.core.state_machine: Temp voice listening deactivated.
2026-06-08 05:03:49,920 [INFO] auhip.vision.worker: Vision mode set to: none
2026-06-08 05:03:49,948 [INFO] auhip.audio.speech_recognition: Vosk listening cancelled by event.
2026-06-08 05:03:49,955 [INFO] auhip.audio.speech_recognition: Requesting Google Cloud fallback recognition...
2026-06-08 05:03:50,241 [INFO] auhip.vision.worker: Vision Worker stopped.
2026-06-08 05:03:50,242 [INFO] auhip.audio.snap_detector: Snap detector deactivated.
2026-06-08 05:03:50,250 [INFO] auhip.core.state_machine: Ignoring temp voice result — finger was lowered.
2026-06-08 05:03:50,288 [INFO] auhip.audio.snap_detector: Snap detector deactivated.
2026-06-08 05:03:50,288 [INFO] auhip.vision.worker: Vision mode set to: none
2026-06-08 05:03:50,400 [INFO] auhip.audio.speech_recognition: Vosk is listening (shared stream)...
2026-06-08 05:03:53,552 [INFO] auhip.audio.snap_detector: Snap detector deactivated.
2026-06-08 05:03:53,567 [INFO] auhip.audio.speech_recognition: Vosk listening cancelled by event.
2026-06-08 05:03:53,577 [INFO] auhip.vision.worker: Vision mode set to: control
2026-06-08 05:03:53,580 [INFO] auhip.audio.speech_recognition: Requesting Google Cloud fallback recognition...
2026-06-08 05:03:53,678 [INFO] auhip.vision.worker: Vision Worker started.
2026-06-08 05:03:53,742 [INFO] auhip.core.state_machine: Gesture detected: rock_sign (conf: 0.95, State: CONTROL_MODE)
2026-06-08 05:03:53,742 [INFO] auhip.core.state_machine: Exit gesture 'rock_sign' triggered in Control Mode.
2026-06-08 05:03:53,742 [INFO] auhip.core.state_machine: Exiting Control Mode -> Falling back to Camera Mode
2026-06-08 05:03:53,742 [INFO] auhip.audio.snap_detector: Snap detector deactivated.
2026-06-08 05:03:53,761 [INFO] auhip.vision.worker: Vision mode set to: camera
2026-06-08 05:03:53,819 [INFO] auhip.core.state_machine: Gesture detected: rock_sign (conf: 0.95, State: CAMERA_MODE)
2026-06-08 05:03:53,916 [INFO] auhip.core.state_machine: Voice mode loop ended. Current state: CAMERA_MODE
2026-06-08 05:03:57,542 [INFO] auhip.core.state_machine: Gesture detected: one_index_up (conf: 0.95, State: CAMERA_MODE)
2026-06-08 05:03:57,615 [INFO] auhip.core.state_machine: Gesture detected: three_fingers_up (conf: 0.90, State: CAMERA_MODE)
2026-06-08 05:03:57,746 [INFO] auhip.core.state_machine: Gesture detected: three_fingers_up (conf: 0.90, State: CAMERA_MODE)
2026-06-08 05:03:57,806 [INFO] auhip.core.state_machine: Gesture detected: three_fingers_up (conf: 0.90, State: CAMERA_MODE)
2026-06-08 05:03:57,850 [INFO] auhip.core.state_machine: Gesture detected: three_fingers_up (conf: 0.90, State: CAMERA_MODE)
2026-06-08 05:03:57,980 [INFO] auhip.core.state_machine: Gesture detected: three_fingers_up (conf: 0.90, State: CAMERA_MODE)
2026-06-08 05:03:58,042 [INFO] auhip.core.state_machine: Gesture detected: three_fingers_up (conf: 0.90, State: CAMERA_MODE)
2026-06-08 05:03:58,087 [INFO] auhip.core.state_machine: Gesture detected: three_fingers_up (conf: 0.90, State: CAMERA_MODE)
2026-06-08 05:03:58,216 [INFO] auhip.core.state_machine: Gesture detected: three_fingers_up (conf: 0.90, State: CAMERA_MODE)
2026-06-08 05:03:58,273 [INFO] auhip.core.state_machine: Gesture detected: three_fingers_up (conf: 0.90, State: CAMERA_MODE)
2026-06-08 05:03:58,323 [INFO] auhip.core.state_machine: Gesture detected: three_fingers_up (conf: 0.90, State: CAMERA_MODE)
2026-06-08 05:03:58,452 [INFO] auhip.core.state_machine: Gesture detected: three_fingers_up (conf: 0.90, State: CAMERA_MODE)
2026-06-08 05:03:58,507 [INFO] auhip.core.state_machine: Gesture detected: three_fingers_up (conf: 0.90, State: CAMERA_MODE)
2026-06-08 05:03:58,555 [INFO] auhip.core.state_machine: Gesture detected: three_fingers_up (conf: 0.90, State: CAMERA_MODE)
2026-06-08 05:03:58,686 [INFO] auhip.core.state_machine: Gesture detected: three_fingers_up (conf: 0.90, State: CAMERA_MODE)
2026-06-08 05:03:58,741 [INFO] auhip.core.state_machine: Gesture detected: three_fingers_up (conf: 0.90, State: CAMERA_MODE)
2026-06-08 05:03:58,790 [INFO] auhip.core.state_machine: Gesture detected: three_fingers_up (conf: 0.90, State: CAMERA_MODE)
2026-06-08 05:03:58,920 [INFO] auhip.core.state_machine: Gesture detected: three_fingers_up (conf: 0.90, State: CAMERA_MODE)
2026-06-08 05:03:58,979 [INFO] auhip.core.state_machine: Gesture detected: three_fingers_up (conf: 0.90, State: CAMERA_MODE)
2026-06-08 05:03:59,024 [INFO] auhip.core.state_machine: Gesture detected: three_fingers_up (conf: 0.90, State: CAMERA_MODE)
2026-06-08 05:03:59,153 [INFO] auhip.core.state_machine: Gesture detected: three_fingers_up (conf: 0.90, State: CAMERA_MODE)
2026-06-08 05:03:59,210 [INFO] auhip.core.state_machine: Gesture detected: three_fingers_up (conf: 0.90, State: CAMERA_MODE)
2026-06-08 05:03:59,257 [INFO] auhip.core.state_machine: Gesture detected: three_fingers_up (conf: 0.90, State: CAMERA_MODE)
2026-06-08 05:03:59,386 [INFO] auhip.core.state_machine: Gesture detected: three_fingers_up (conf: 0.90, State: CAMERA_MODE)
2026-06-08 05:03:59,443 [INFO] auhip.core.state_machine: Gesture detected: three_fingers_up (conf: 0.90, State: CAMERA_MODE)
2026-06-08 05:03:59,491 [INFO] auhip.core.state_machine: Gesture detected: three_fingers_up (conf: 0.90, State: CAMERA_MODE)
2026-06-08 05:03:59,621 [INFO] auhip.core.state_machine: Gesture detected: three_fingers_up (conf: 0.90, State: CAMERA_MODE)
2026-06-08 05:03:59,682 [INFO] auhip.core.state_machine: Gesture detected: three_fingers_up (conf: 0.90, State: CAMERA_MODE)
2026-06-08 05:03:59,727 [INFO] auhip.core.state_machine: Gesture detected: three_fingers_up (conf: 0.90, State: CAMERA_MODE)
2026-06-08 05:03:59,855 [INFO] auhip.core.state_machine: Gesture detected: three_fingers_up (conf: 0.90, State: CAMERA_MODE)
2026-06-08 05:03:59,917 [INFO] auhip.core.state_machine: Gesture detected: three_fingers_up (conf: 0.90, State: CAMERA_MODE)
2026-06-08 05:03:59,965 [INFO] auhip.core.state_machine: Gesture detected: fist (conf: 0.90, State: CAMERA_MODE)
2026-06-08 05:19:07,174 [INFO] auhip: Starting auhip Assistant...
2026-06-08 05:19:07,186 [INFO] auhip.core.agent: Hybrid local-first orchestration layer initialised.
2026-06-08 05:19:08,594 [INFO] auhip.core.state_machine: State Machine started in STANDBY.
2026-06-08 05:19:08,596 [INFO] auhip.audio.speech_recognition: Loading faster-whisper model 'base' on cpu (int8)...
2026-06-08 05:19:11,128 [INFO] httpx: HTTP Request: GET https://huggingface.co/api/models/Systran/faster-whisper-base/revision/main "HTTP/1.1 200 OK"
2026-06-08 05:19:11,470 [INFO] httpx: HTTP Request: HEAD https://huggingface.co/Systran/faster-whisper-base/resolve/ebe41f70d5b6dfa9166e2c581c45c9c0cfc57b66/config.json "HTTP/1.1 307 Temporary Redirect"
2026-06-08 05:19:11,471 [WARNING] huggingface_hub.utils._http: Warning: You are sending unauthenticated requests to the HF Hub. Please set a HF_TOKEN to enable higher rate limits and faster downloads.
2026-06-08 05:19:11,481 [INFO] httpx: HTTP Request: HEAD https://huggingface.co/api/resolve-cache/models/Systran/faster-whisper-base/ebe41f70d5b6dfa9166e2c581c45c9c0cfc57b66/config.json "HTTP/1.1 200 OK"
2026-06-08 05:19:11,495 [INFO] httpx: HTTP Request: HEAD https://huggingface.co/Systran/faster-whisper-base/resolve/ebe41f70d5b6dfa9166e2c581c45c9c0cfc57b66/model.bin "HTTP/1.1 302 Found"
2026-06-08 05:19:11,496 [INFO] httpx: HTTP Request: GET https://huggingface.co/api/resolve-cache/models/Systran/faster-whisper-base/ebe41f70d5b6dfa9166e2c581c45c9c0cfc57b66/config.json "HTTP/1.1 200 OK"
2026-06-08 05:19:11,503 [INFO] httpx: HTTP Request: HEAD https://huggingface.co/Systran/faster-whisper-base/resolve/ebe41f70d5b6dfa9166e2c581c45c9c0cfc57b66/tokenizer.json "HTTP/1.1 307 Temporary Redirect"
2026-06-08 05:19:11,505 [INFO] httpx: HTTP Request: HEAD https://huggingface.co/Systran/faster-whisper-base/resolve/ebe41f70d5b6dfa9166e2c581c45c9c0cfc57b66/vocabulary.txt "HTTP/1.1 307 Temporary Redirect"
2026-06-08 05:19:11,514 [INFO] httpx: HTTP Request: HEAD https://huggingface.co/api/resolve-cache/models/Systran/faster-whisper-base/ebe41f70d5b6dfa9166e2c581c45c9c0cfc57b66/tokenizer.json "HTTP/1.1 200 OK"
2026-06-08 05:19:11,517 [INFO] httpx: HTTP Request: HEAD https://huggingface.co/api/resolve-cache/models/Systran/faster-whisper-base/ebe41f70d5b6dfa9166e2c581c45c9c0cfc57b66/vocabulary.txt "HTTP/1.1 200 OK"
2026-06-08 05:19:11,527 [INFO] httpx: HTTP Request: GET https://huggingface.co/api/resolve-cache/models/Systran/faster-whisper-base/ebe41f70d5b6dfa9166e2c581c45c9c0cfc57b66/tokenizer.json "HTTP/1.1 200 OK"
2026-06-08 05:19:11,537 [INFO] httpx: HTTP Request: GET https://huggingface.co/api/resolve-cache/models/Systran/faster-whisper-base/ebe41f70d5b6dfa9166e2c581c45c9c0cfc57b66/vocabulary.txt "HTTP/1.1 200 OK"
2026-06-08 05:19:11,866 [INFO] httpx: HTTP Request: GET https://huggingface.co/api/models/Systran/faster-whisper-base/xet-read-token/ebe41f70d5b6dfa9166e2c581c45c9c0cfc57b66 "HTTP/1.1 200 OK"
2026-06-08 05:19:35,751 [INFO] faster_whisper: Processing audio with duration 00:00.200
2026-06-08 05:19:36,495 [INFO] auhip.audio.speech_recognition: faster-whisper ready.
2026-06-08 05:19:36,504 [INFO] auhip.audio.speech_recognition: Speech engine: faster-whisper ✓
2026-06-08 05:19:36,649 [INFO] auhip.audio.microphone: Microphone stream started (Device: Default).
2026-06-08 05:19:36,649 [INFO] auhip.audio.snap_detector: Snap detector activated.
2026-06-08 05:19:36,649 [INFO] auhip: auhip is ready.
2026-06-08 05:19:36,649 [INFO] auhip:   Wake phrase    : 'daddy home'
2026-06-08 05:19:36,649 [INFO] auhip:   Shutdown phrase: 'goodbye jojo'
2026-06-08 05:19:39,274 [INFO] auhip.audio.snap_detector: Sound detected! Energy: 0.1080
2026-06-08 05:19:39,274 [INFO] auhip.audio.snap_detector: Snap detected! Energy: 0.1080, Avg: 0.0086
2026-06-08 05:19:39,683 [INFO] auhip.audio.snap_detector: Snap detected! Energy: 0.0626, Avg: 0.0100
2026-06-08 05:19:42,172 [INFO] faster_whisper: Processing audio with duration 00:02.600
2026-06-08 05:19:42,365 [INFO] faster_whisper: VAD filter removed 00:01.924 of audio
2026-06-08 05:19:42,922 [INFO] auhip.audio.whisper_recognizer: Whisper transcribed: 'at the home.'
2026-06-08 05:19:45,575 [INFO] auhip.audio.snap_detector: Sound detected! Energy: 0.0696
2026-06-08 05:19:45,575 [INFO] auhip.audio.snap_detector: Snap detected! Energy: 0.0696, Avg: 0.0015
2026-06-08 05:19:46,076 [INFO] auhip.audio.snap_detector: Snap detected! Energy: 0.1783, Avg: 0.0066
2026-06-08 05:19:46,575 [INFO] auhip.audio.snap_detector: Sound detected! Energy: 0.0145
2026-06-08 05:19:48,572 [INFO] faster_whisper: Processing audio with duration 00:02.600
2026-06-08 05:19:48,577 [INFO] faster_whisper: VAD filter removed 00:01.828 of audio
2026-06-08 05:19:49,161 [INFO] auhip.audio.whisper_recognizer: Whisper transcribed: 'at the d.h.o.m.'
2026-06-08 05:19:51,775 [INFO] auhip.audio.snap_detector: Snap detected! Energy: 0.0088, Avg: 0.0010
2026-06-08 05:19:52,078 [INFO] auhip.audio.snap_detector: Sound detected! Energy: 0.1058
2026-06-08 05:19:52,078 [INFO] auhip.audio.snap_detector: Snap detected! Energy: 0.1058, Avg: 0.0028
2026-06-08 05:19:52,576 [INFO] auhip.audio.snap_detector: Snap detected! Energy: 0.2645, Avg: 0.0105
2026-06-08 05:19:53,082 [INFO] auhip.audio.snap_detector: Sound detected! Energy: 0.0948
2026-06-08 05:19:55,272 [INFO] faster_whisper: Processing audio with duration 00:03.300
2026-06-08 05:19:55,278 [INFO] faster_whisper: VAD filter removed 00:02.300 of audio
2026-06-08 05:19:55,838 [INFO] auhip.audio.whisper_recognizer: Whisper transcribed: 'daddy home.'
2026-06-08 05:19:55,839 [INFO] auhip.audio.snap_detector: Snap detector deactivated.
2026-06-08 05:19:55,839 [INFO] auhip.vision.worker: Vision mode set to: none
2026-06-08 05:20:04,274 [INFO] faster_whisper: Processing audio with duration 00:03.200
2026-06-08 05:20:04,279 [INFO] faster_whisper: VAD filter removed 00:01.944 of audio
2026-06-08 05:20:04,839 [INFO] auhip.audio.whisper_recognizer: Whisper transcribed: 'hello, what can you do?'
2026-06-08 05:20:04,849 [INFO] auhip.core.llm.router: Dispatching intent processing for prompt: 'hello, what can you do?'
2026-06-08 05:20:50,097 [WARNING] auhip.core.llm.local_model: Ollama runtime stall on attempt 1. Retrying...
2026-06-08 05:21:12,328 [INFO] auhip: Starting auhip Assistant...
2026-06-08 05:21:12,339 [INFO] auhip.core.agent: Hybrid local-first orchestration layer initialised.
2026-06-08 05:21:13,762 [INFO] auhip.core.state_machine: State Machine started in STANDBY.
2026-06-08 05:21:13,764 [INFO] auhip.audio.speech_recognition: Loading faster-whisper model 'base' on cpu (int8)...
2026-06-08 05:21:14,954 [INFO] httpx: HTTP Request: GET https://huggingface.co/api/models/Systran/faster-whisper-base/revision/main "HTTP/1.1 200 OK"
2026-06-08 05:21:15,311 [INFO] faster_whisper: Processing audio with duration 00:00.200
2026-06-08 05:21:16,005 [INFO] auhip.audio.speech_recognition: faster-whisper ready.
2026-06-08 05:21:16,007 [INFO] auhip.audio.speech_recognition: Speech engine: faster-whisper ✓
2026-06-08 05:21:16,077 [INFO] auhip.audio.microphone: Microphone stream started (Device: Default).
2026-06-08 05:21:16,077 [INFO] auhip.audio.snap_detector: Snap detector activated.
2026-06-08 05:21:16,077 [INFO] auhip: auhip is ready.
2026-06-08 05:21:16,077 [INFO] auhip:   Wake phrase    : 'daddy home'
2026-06-08 05:21:16,078 [INFO] auhip:   Shutdown phrase: 'goodbye jojo'
2026-06-08 05:21:31,600 [INFO] auhip.audio.snap_detector: Sound detected! Energy: 0.0553
2026-06-08 05:21:31,600 [INFO] auhip.audio.snap_detector: Snap detected! Energy: 0.0553, Avg: 0.0014
2026-06-08 05:21:32,106 [INFO] auhip.audio.snap_detector: Snap detected! Energy: 0.1200, Avg: 0.0041
2026-06-08 05:21:32,409 [INFO] auhip.audio.snap_detector: Snap detected! Energy: 0.0631, Avg: 0.0078
2026-06-08 05:21:34,499 [INFO] faster_whisper: Processing audio with duration 00:02.500
2026-06-08 05:21:34,573 [INFO] faster_whisper: VAD filter removed 00:01.856 of audio
2026-06-08 05:21:35,173 [INFO] auhip.audio.whisper_recognizer: Whisper transcribed: ''
2026-06-08 05:21:36,802 [INFO] auhip.audio.snap_detector: Sound detected! Energy: 0.0679
2026-06-08 05:21:36,802 [INFO] auhip.audio.snap_detector: Snap detected! Energy: 0.0679, Avg: 0.0087
2026-06-08 05:21:37,206 [INFO] auhip.audio.snap_detector: Snap detected! Energy: 0.0797, Avg: 0.0071
2026-06-08 05:21:37,602 [INFO] auhip.audio.snap_detector: Snap detected! Energy: 0.1022, Avg: 0.0122
2026-06-08 05:21:39,698 [INFO] faster_whisper: Processing audio with duration 00:02.600
2026-06-08 05:21:39,704 [INFO] faster_whisper: VAD filter removed 00:01.860 of audio
2026-06-08 05:21:40,266 [INFO] auhip.audio.whisper_recognizer: Whisper transcribed: ''
2026-06-08 05:21:41,302 [INFO] auhip.audio.snap_detector: Sound detected! Energy: 0.0640
2026-06-08 05:21:41,409 [INFO] auhip.audio.snap_detector: Snap detected! Energy: 0.1335, Avg: 0.0167
2026-06-08 05:21:43,407 [INFO] auhip.audio.snap_detector: Snap detector activated.
2026-06-08 05:21:45,208 [INFO] auhip.audio.snap_detector: Sound detected! Energy: 0.1322
2026-06-08 05:21:45,209 [INFO] auhip.audio.snap_detector: Snap detected! Energy: 0.1322, Avg: 0.0106
2026-06-08 05:21:45,609 [INFO] auhip.audio.snap_detector: Snap detected! Energy: 0.1352, Avg: 0.0139
2026-06-08 05:21:47,998 [INFO] faster_whisper: Processing audio with duration 00:02.500
2026-06-08 05:21:48,004 [INFO] faster_whisper: VAD filter removed 00:01.888 of audio
2026-06-08 05:21:48,539 [INFO] auhip.audio.whisper_recognizer: Whisper transcribed: ''
2026-06-08 05:21:50,007 [INFO] auhip.audio.snap_detector: Sound detected! Energy: 0.0934
2026-06-08 05:21:50,008 [INFO] auhip.audio.snap_detector: Snap detected! Energy: 0.0934, Avg: 0.0122
2026-06-08 05:21:50,400 [INFO] auhip.audio.snap_detector: Snap detected! Energy: 0.1176, Avg: 0.0128
2026-06-08 05:21:52,700 [INFO] faster_whisper: Processing audio with duration 00:02.400
2026-06-08 05:21:52,705 [INFO] faster_whisper: VAD filter removed 00:01.820 of audio
2026-06-08 05:21:53,894 [INFO] auhip.audio.whisper_recognizer: Whisper transcribed: 'hope.'
2026-06-08 05:21:55,507 [INFO] auhip.audio.snap_detector: Sound detected! Energy: 0.0142
2026-06-08 05:21:56,009 [INFO] auhip.audio.snap_detector: Snap detected! Energy: 0.1027, Avg: 0.0027
2026-06-08 05:21:56,408 [INFO] auhip.audio.snap_detector: Snap detected! Energy: 0.1616, Avg: 0.0077
2026-06-08 05:21:56,609 [INFO] auhip.audio.snap_detector: Sound detected! Energy: 0.1706
2026-06-08 05:21:56,809 [INFO] auhip.audio.snap_detector: Snap detected! Energy: 0.1766, Avg: 0.0263
2026-06-08 05:21:58,999 [INFO] faster_whisper: Processing audio with duration 00:02.700
2026-06-08 05:21:59,005 [INFO] faster_whisper: VAD filter removed 00:01.928 of audio
2026-06-08 05:22:00,449 [INFO] auhip.audio.whisper_recognizer: Whisper transcribed: 'and i'll see you next time.'
2026-06-08 05:22:02,504 [INFO] auhip.audio.snap_detector: Sound detected! Energy: 0.1266
2026-06-08 05:22:02,504 [INFO] auhip.audio.snap_detector: Snap detected! Energy: 0.1266, Avg: 0.0026
2026-06-08 05:22:03,105 [INFO] auhip.audio.snap_detector: Snap detected! Energy: 0.1876, Avg: 0.0078
2026-06-08 05:22:03,608 [INFO] auhip.audio.snap_detector: Sound detected! Energy: 0.1188
2026-06-08 05:22:03,608 [INFO] auhip.audio.snap_detector: Snap detected! Energy: 0.1188, Avg: 0.0183
2026-06-08 05:22:05,800 [INFO] faster_whisper: Processing audio with duration 00:02.800
2026-06-08 05:22:05,805 [INFO] faster_whisper: VAD filter removed 00:01.964 of audio
2026-06-08 05:22:07,335 [INFO] auhip.audio.whisper_recognizer: Whisper transcribed: 'la la di home.'
2026-06-08 05:22:08,705 [INFO] auhip.audio.snap_detector: Snap detected! Energy: 0.0071, Avg: 0.0010
2026-06-08 05:22:09,709 [INFO] auhip.audio.snap_detector: Sound detected! Energy: 0.0136
2026-06-08 05:22:09,709 [INFO] auhip.audio.snap_detector: Snap detected! Energy: 0.0136, Avg: 0.0010
2026-06-08 05:22:10,105 [INFO] auhip.audio.snap_detector: Snap detected! Energy: 0.1258, Avg: 0.0038
2026-06-08 05:22:10,609 [INFO] auhip.audio.snap_detector: Snap detected! Energy: 0.1132, Avg: 0.0086
2026-06-08 05:22:10,807 [INFO] auhip.audio.snap_detector: Sound detected! Energy: 0.0911
2026-06-08 05:22:13,299 [INFO] faster_whisper: Processing audio with duration 00:03.700
2026-06-08 05:22:13,306 [INFO] faster_whisper: VAD filter removed 00:02.796 of audio
2026-06-08 05:22:13,819 [INFO] auhip.audio.whisper_recognizer: Whisper transcribed: 'daddy hope.'
2026-06-08 05:22:15,701 [INFO] auhip.audio.snap_detector: Sound detected! Energy: 0.0970
2026-06-08 05:22:15,701 [INFO] auhip.audio.snap_detector: Snap detected! Energy: 0.0970, Avg: 0.0082
2026-06-08 05:22:16,300 [INFO] auhip.audio.snap_detector: Snap detected! Energy: 0.1018, Avg: 0.0055
2026-06-08 05:22:16,805 [INFO] auhip.audio.snap_detector: Sound detected! Energy: 0.0557
2026-06-08 05:22:16,900 [INFO] auhip.audio.snap_detector: Snap detected! Energy: 0.1408, Avg: 0.0162
2026-06-08 05:22:19,100 [INFO] faster_whisper: Processing audio with duration 00:02.900
2026-06-08 05:22:19,106 [INFO] faster_whisper: VAD filter removed 00:01.936 of audio
2026-06-08 05:22:20,437 [INFO] auhip.audio.whisper_recognizer: Whisper transcribed: 'are you ready, ho?'
2026-06-08 05:22:21,508 [INFO] auhip.audio.snap_detector: Sound detected! Energy: 0.0938
2026-06-08 05:22:21,509 [INFO] auhip.audio.snap_detector: Snap detected! Energy: 0.0938, Avg: 0.0093
2026-06-08 05:22:22,007 [INFO] auhip.audio.snap_detector: Snap detected! Energy: 0.0638, Avg: 0.0045
2026-06-08 05:22:22,501 [INFO] auhip.audio.snap_detector: Snap detected! Energy: 0.1297, Avg: 0.0170
2026-06-08 05:22:22,606 [INFO] auhip.audio.snap_detector: Sound detected! Energy: 0.0904
2026-06-08 05:22:24,700 [INFO] faster_whisper: Processing audio with duration 00:02.800
2026-06-08 05:22:24,705 [INFO] faster_whisper: VAD filter removed 00:01.932 of audio
2026-06-08 05:22:27,152 [INFO] auhip.audio.whisper_recognizer: Whisper transcribed: 'i'm glad i did hope.'
2026-06-08 05:22:30,704 [INFO] auhip.audio.snap_detector: Sound detected! Energy: 0.0972
2026-06-08 05:22:30,704 [INFO] auhip.audio.snap_detector: Snap detected! Energy: 0.0972, Avg: 0.0021
2026-06-08 05:22:31,207 [INFO] auhip.audio.snap_detector: Snap detected! Energy: 0.2266, Avg: 0.0082
2026-06-08 05:22:31,607 [INFO] auhip.audio.snap_detector: Snap detected! Energy: 0.1069, Avg: 0.0147
2026-06-08 05:22:33,800 [INFO] faster_whisper: Processing audio with duration 00:02.700
2026-06-08 05:22:33,806 [INFO] faster_whisper: VAD filter removed 00:01.928 of audio
2026-06-08 05:22:34,331 [INFO] auhip.audio.whisper_recognizer: Whisper transcribed: 'let it be home.'
2026-06-08 05:22:36,107 [INFO] auhip.audio.snap_detector: Sound detected! Energy: 0.1256
2026-06-08 05:22:36,109 [INFO] auhip.audio.snap_detector: Snap detected! Energy: 0.1256, Avg: 0.0147
2026-06-08 05:22:36,603 [INFO] auhip.audio.snap_detector: Snap detected! Energy: 0.2585, Avg: 0.0105
2026-06-08 05:22:37,202 [INFO] auhip.audio.snap_detector: Sound detected! Energy: 0.0705
2026-06-08 05:22:39,300 [INFO] faster_whisper: Processing audio with duration 00:02.800
2026-06-08 05:22:39,306 [INFO] faster_whisper: VAD filter removed 00:01.868 of audio
2026-06-08 05:22:40,591 [INFO] auhip.audio.whisper_recognizer: Whisper transcribed: 'adi home.'
2026-06-08 05:22:41,804 [INFO] auhip.audio.snap_detector: Sound detected! Energy: 0.1289
2026-06-08 05:22:41,804 [INFO] auhip.audio.snap_detector: Snap detected! Energy: 0.1289, Avg: 0.0082
2026-06-08 05:22:42,304 [INFO] auhip.audio.snap_detector: Snap detected! Energy: 0.1101, Avg: 0.0052
2026-06-08 05:22:42,609 [INFO] auhip.audio.snap_detector: Snap detected! Energy: 0.0915, Avg: 0.0139
2026-06-08 05:22:42,904 [INFO] auhip.audio.snap_detector: Sound detected! Energy: 0.1276
2026-06-08 05:22:45,000 [INFO] faster_whisper: Processing audio with duration 00:02.800
2026-06-08 05:22:45,005 [INFO] faster_whisper: VAD filter removed 00:01.960 of audio
2026-06-08 05:22:45,544 [INFO] auhip.audio.whisper_recognizer: Whisper transcribed: 'daddy, hope.'
2026-06-08 05:22:46,902 [INFO] auhip.audio.snap_detector: Sound detected! Energy: 0.0581
2026-06-08 05:22:47,107 [INFO] auhip.audio.snap_detector: Snap detected! Energy: 0.1498, Avg: 0.0214
2026-06-08 05:22:47,507 [INFO] auhip.audio.snap_detector: Snap detected! Energy: 0.1763, Avg: 0.0164
2026-06-08 05:22:47,904 [INFO] auhip.audio.snap_detector: Sound detected! Energy: 0.2102
2026-06-08 05:22:47,905 [INFO] auhip.audio.snap_detector: Snap detected! Energy: 0.2102, Avg: 0.0247
2026-06-08 05:22:50,100 [INFO] faster_whisper: Processing audio with duration 00:02.700
2026-06-08 05:22:50,105 [INFO] faster_whisper: VAD filter removed 00:01.864 of audio
2026-06-08 05:22:52,252 [INFO] auhip.audio.whisper_recognizer: Whisper transcribed: 'that i need home.'
2026-06-08 05:22:52,601 [INFO] auhip.audio.snap_detector: Sound detected! Energy: 0.0181
2026-06-08 05:22:54,308 [INFO] auhip.audio.snap_detector: Sound detected! Energy: 0.0941
2026-06-08 05:22:54,308 [INFO] auhip.audio.snap_detector: Snap detected! Energy: 0.0941, Avg: 0.0037
2026-06-08 05:22:54,802 [INFO] auhip.audio.snap_detector: Snap detected! Energy: 0.1596, Avg: 0.0082
2026-06-08 05:22:55,310 [INFO] auhip.audio.snap_detector: Sound detected! Energy: 0.1021
2026-06-08 05:22:55,310 [INFO] auhip.audio.snap_detector: Snap detected! Energy: 0.1021, Avg: 0.0164
2026-06-08 05:22:57,501 [INFO] faster_whisper: Processing audio with duration 00:02.800
2026-06-08 05:22:57,508 [INFO] faster_whisper: VAD filter removed 00:01.932 of audio
2026-06-08 05:22:58,798 [INFO] auhip.audio.whisper_recognizer: Whisper transcribed: 'larry hove.'
2026-06-08 05:23:00,503 [INFO] auhip.audio.snap_detector: Sound detected! Energy: 0.1170
2026-06-08 05:23:00,503 [INFO] auhip.audio.snap_detector: Snap detected! Energy: 0.1170, Avg: 0.0025
2026-06-08 05:23:00,902 [INFO] auhip.audio.snap_detector: Snap detected! Energy: 0.0677, Avg: 0.0046
2026-06-08 05:23:01,206 [INFO] auhip.audio.snap_detector: Snap detected! Energy: 0.1245, Avg: 0.0140
2026-06-08 05:23:01,509 [INFO] auhip.audio.snap_detector: Sound detected! Energy: 0.0662
2026-06-08 05:23:03,601 [INFO] faster_whisper: Processing audio with duration 00:02.800
2026-06-08 05:23:03,606 [INFO] faster_whisper: VAD filter removed 00:01.964 of audio
2026-06-08 05:23:05,426 [INFO] auhip.audio.whisper_recognizer: Whisper transcribed: 'at a d-home.'
2026-06-08 05:23:07,005 [INFO] auhip.audio.snap_detector: Sound detected! Energy: 0.1265
2026-06-08 05:23:07,005 [INFO] auhip.audio.snap_detector: Snap detected! Energy: 0.1265, Avg: 0.0027
2026-06-08 05:23:07,508 [INFO] auhip.audio.snap_detector: Snap detected! Energy: 0.1677, Avg: 0.0070
2026-06-08 05:23:07,904 [INFO] auhip.audio.snap_detector: Snap detected! Energy: 0.0925, Avg: 0.0147
2026-06-08 05:23:08,010 [INFO] auhip.audio.snap_detector: Sound detected! Energy: 0.1156
2026-06-08 05:23:10,101 [INFO] faster_whisper: Processing audio with duration 00:02.700
2026-06-08 05:23:10,107 [INFO] faster_whisper: VAD filter removed 00:01.896 of audio
2026-06-08 05:23:11,461 [INFO] auhip.audio.whisper_recognizer: Whisper transcribed: 'i'll be home.'
2026-06-08 05:23:12,804 [INFO] auhip.audio.snap_detector: Sound detected! Energy: 0.1159
2026-06-08 05:23:12,805 [INFO] auhip.audio.snap_detector: Snap detected! Energy: 0.1159, Avg: 0.0074
2026-06-08 05:23:13,305 [INFO] auhip.audio.snap_detector: Snap detected! Energy: 0.1453, Avg: 0.0090
2026-06-08 05:23:13,606 [INFO] auhip.audio.snap_detector: Snap detected! Energy: 0.1279, Avg: 0.0213
2026-06-08 05:23:13,807 [INFO] auhip.audio.snap_detector: Sound detected! Energy: 0.1972
2026-06-08 05:23:15,901 [INFO] faster_whisper: Processing audio with duration 00:02.700
2026-06-08 05:23:15,907 [INFO] faster_whisper: VAD filter removed 00:01.896 of audio
2026-06-08 05:23:18,451 [INFO] auhip.audio.whisper_recognizer: Whisper transcribed: 'la la di home.'
2026-06-08 05:23:19,611 [INFO] auhip.audio.snap_detector: Sound detected! Energy: 0.0983
2026-06-08 05:23:19,611 [INFO] auhip.audio.snap_detector: Snap detected! Energy: 0.0983, Avg: 0.0021
2026-06-08 05:23:20,005 [INFO] auhip.audio.snap_detector: Snap detected! Energy: 0.1993, Avg: 0.0072
2026-06-08 05:23:20,411 [INFO] auhip.audio.snap_detector: Snap detected! Energy: 0.1079, Avg: 0.0168
2026-06-08 05:23:22,601 [INFO] faster_whisper: Processing audio with duration 00:02.700
2026-06-08 05:23:22,606 [INFO] faster_whisper: VAD filter removed 00:01.864 of audio
2026-06-08 05:23:24,181 [INFO] auhip.audio.whisper_recognizer: Whisper transcribed: 'i'm glad i did home.'
2026-06-08 05:23:25,301 [INFO] auhip.audio.snap_detector: Sound detected! Energy: 0.0736
2026-06-08 05:23:25,301 [INFO] auhip.audio.snap_detector: Snap detected! Energy: 0.0736, Avg: 0.0065
2026-06-08 05:23:25,710 [INFO] auhip.audio.snap_detector: Snap detected! Energy: 0.1762, Avg: 0.0063
2026-06-08 05:23:26,307 [INFO] auhip.audio.snap_detector: Sound detected! Energy: 0.0221
2026-06-08 05:23:28,301 [INFO] faster_whisper: Processing audio with duration 00:02.700
2026-06-08 05:23:28,306 [INFO] faster_whisper: VAD filter removed 00:01.896 of audio
2026-06-08 05:23:28,842 [INFO] auhip.audio.whisper_recognizer: Whisper transcribed: 'at the home.'
2026-06-08 05:23:30,209 [INFO] auhip.audio.snap_detector: Sound detected! Energy: 0.1248
2026-06-08 05:23:30,709 [INFO] auhip.audio.snap_detector: Snap detected! Energy: 0.2199, Avg: 0.0239
2026-06-08 05:23:31,308 [INFO] auhip.audio.snap_detector: Sound detected! Energy: 0.0673
2026-06-08 05:23:32,704 [INFO] auhip.audio.snap_detector: Snap detector activated.
2026-06-08 05:23:37,702 [INFO] auhip.audio.snap_detector: Sound detected! Energy: 0.0759
2026-06-08 05:23:37,702 [INFO] auhip.audio.snap_detector: Snap detected! Energy: 0.0759, Avg: 0.0015
2026-06-08 05:23:38,404 [INFO] auhip.audio.snap_detector: Snap detected! Energy: 0.1166, Avg: 0.0058
2026-06-08 05:23:38,707 [INFO] auhip.audio.snap_detector: Sound detected! Energy: 0.0790
2026-06-08 05:23:41,103 [INFO] faster_whisper: Processing audio with duration 00:02.800
2026-06-08 05:23:41,108 [INFO] faster_whisper: VAD filter removed 00:01.868 of audio
2026-06-08 05:23:41,666 [INFO] auhip.audio.whisper_recognizer: Whisper transcribed: ''
2026-06-08 05:23:43,104 [INFO] auhip.audio.snap_detector: Sound detected! Energy: 0.0807
2026-06-08 05:23:43,504 [INFO] auhip.audio.snap_detector: Snap detected! Energy: 0.2515, Avg: 0.0143
2026-06-08 05:23:43,909 [INFO] auhip.audio.snap_detector: Snap detected! Energy: 0.1484, Avg: 0.0208
2026-06-08 05:23:46,002 [INFO] faster_whisper: Processing audio with duration 00:02.200
2026-06-08 05:23:46,007 [INFO] faster_whisper: VAD filter removed 00:01.776 of audio
2026-06-08 05:23:46,536 [INFO] auhip.audio.whisper_recognizer: Whisper transcribed: ''
2026-06-08 05:23:47,910 [INFO] auhip.audio.snap_detector: Sound detected! Energy: 0.1062
2026-06-08 05:23:48,512 [INFO] auhip.audio.snap_detector: Snap detected! Energy: 0.2373, Avg: 0.0206
2026-06-08 05:23:49,011 [INFO] auhip.audio.snap_detector: Sound detected! Energy: 0.1857
2026-06-08 05:23:49,012 [INFO] auhip.audio.snap_detector: Snap detected! Energy: 0.1857, Avg: 0.0283
2026-06-08 05:23:51,202 [INFO] faster_whisper: Processing audio with duration 00:02.300
2026-06-08 05:23:51,207 [INFO] faster_whisper: VAD filter removed 00:01.944 of audio
2026-06-08 05:23:52,777 [INFO] auhip.audio.whisper_recognizer: Whisper transcribed: 'boboom'
2026-06-08 05:23:53,810 [INFO] auhip.audio.snap_detector: Sound detected! Energy: 0.0142
2026-06-08 05:23:54,208 [INFO] auhip.audio.snap_detector: Snap detected! Energy: 0.0791, Avg: 0.0026
2026-06-08 05:23:54,702 [INFO] auhip.audio.snap_detector: Snap detected! Energy: 0.0740, Avg: 0.0070
2026-06-08 05:23:54,903 [INFO] auhip.audio.snap_detector: Sound detected! Energy: 0.2124
2026-06-08 05:23:55,007 [INFO] auhip.audio.snap_detector: Snap detected! Energy: 0.2527, Avg: 0.0250
2026-06-08 05:23:57,403 [INFO] faster_whisper: Processing audio with duration 00:02.800
2026-06-08 05:23:57,408 [INFO] faster_whisper: VAD filter removed 00:01.964 of audio
2026-06-08 05:23:57,942 [INFO] auhip.audio.whisper_recognizer: Whisper transcribed: 'that i'd be home.'
2026-06-08 05:23:59,106 [INFO] auhip.audio.snap_detector: Sound detected! Energy: 0.0421
2026-06-08 05:23:59,805 [INFO] auhip.audio.snap_detector: Snap detected! Energy: 0.3795, Avg: 0.0306
2026-06-08 05:24:00,210 [INFO] auhip.audio.snap_detector: Sound detected! Energy: 0.1659
2026-06-08 05:24:00,210 [INFO] auhip.audio.snap_detector: Snap detected! Energy: 0.1659, Avg: 0.0267
2026-06-08 05:24:02,402 [INFO] faster_whisper: Processing audio with duration 00:02.300
2026-06-08 05:24:02,406 [INFO] faster_whisper: VAD filter removed 00:01.880 of audio
2026-06-08 05:24:02,937 [INFO] auhip.audio.whisper_recognizer: Whisper transcribed: ''
2026-06-08 05:24:04,106 [INFO] auhip.audio.snap_detector: Sound detected! Energy: 0.1161
2026-06-08 05:24:04,712 [INFO] auhip.audio.snap_detector: Snap detected! Energy: 0.3646, Avg: 0.0370
2026-06-08 05:24:05,111 [INFO] auhip.audio.snap_detector: Sound detected! Energy: 0.1520
2026-06-08 05:24:06,702 [INFO] auhip.audio.snap_detector: Snap detector activated.
2026-06-08 05:24:09,611 [INFO] auhip.audio.snap_detector: Sound detected! Energy: 0.1065
2026-06-08 05:24:10,104 [INFO] auhip.audio.snap_detector: Snap detected! Energy: 0.1534, Avg: 0.0087
2026-06-08 05:24:10,410 [INFO] auhip.audio.snap_detector: Snap detected! Energy: 0.1324, Avg: 0.0182
2026-06-08 05:24:10,703 [INFO] auhip.audio.snap_detector: Sound detected! Energy: 0.1265
2026-06-08 05:24:12,803 [INFO] faster_whisper: Processing audio with duration 00:02.500
2026-06-08 05:24:12,808 [INFO] faster_whisper: VAD filter removed 00:01.728 of audio
2026-06-08 05:24:13,328 [INFO] auhip.audio.whisper_recognizer: Whisper transcribed: 'i hope.'
2026-06-08 05:24:14,210 [INFO] auhip.audio.snap_detector: Sound detected! Energy: 0.0195
2026-06-08 05:24:15,106 [INFO] auhip.audio.snap_detector: Snap detected! Energy: 0.3063, Avg: 0.0315
2026-06-08 05:24:15,212 [INFO] auhip.audio.snap_detector: Sound detected! Energy: 0.1342
2026-06-08 05:24:15,610 [INFO] auhip.audio.snap_detector: Snap detected! Energy: 0.1834, Avg: 0.0294
2026-06-08 05:24:17,802 [INFO] faster_whisper: Processing audio with duration 00:02.300
2026-06-08 05:24:17,808 [INFO] faster_whisper: VAD filter removed 00:01.912 of audio
2026-06-08 05:24:18,324 [INFO] auhip.audio.whisper_recognizer: Whisper transcribed: 'boboom'
2026-06-08 05:24:19,606 [INFO] auhip.audio.snap_detector: Sound detected! Energy: 0.1141
2026-06-08 05:24:20,109 [INFO] auhip.audio.snap_detector: Snap detected! Energy: 0.1411, Avg: 0.0227
2026-06-08 05:24:20,611 [INFO] auhip.audio.snap_detector: Sound detected! Energy: 0.1168
2026-06-08 05:24:22,109 [INFO] auhip.audio.snap_detector: Snap detector activated.
2026-06-08 05:24:26,509 [INFO] auhip.audio.snap_detector: Sound detected! Energy: 0.1186
2026-06-08 05:24:26,509 [INFO] auhip.audio.snap_detector: Snap detected! Energy: 0.1186, Avg: 0.0024
2026-06-08 05:24:27,210 [INFO] auhip.audio.snap_detector: Snap detected! Energy: 0.1249, Avg: 0.0064
2026-06-08 05:24:27,613 [INFO] auhip.audio.snap_detector: Sound detected! Energy: 0.1196
2026-06-08 05:24:27,613 [INFO] auhip.audio.snap_detector: Snap detected! Energy: 0.1196, Avg: 0.0157
2026-06-08 05:24:29,703 [INFO] faster_whisper: Processing audio with duration 00:02.600
2026-06-08 05:24:29,709 [INFO] faster_whisper: VAD filter removed 00:01.860 of audio
2026-06-08 05:24:31,019 [INFO] auhip.audio.whisper_recognizer: Whisper transcribed: 'at the home.'
2026-06-08 05:24:32,112 [INFO] auhip.audio.snap_detector: Sound detected! Energy: 0.1104
2026-06-08 05:24:32,112 [INFO] auhip.audio.snap_detector: Snap detected! Energy: 0.1104, Avg: 0.0149
2026-06-08 05:24:32,512 [INFO] auhip.audio.snap_detector: Snap detected! Energy: 0.4771, Avg: 0.0160
2026-06-08 05:24:35,003 [INFO] faster_whisper: Processing audio with duration 00:02.600
2026-06-08 05:24:35,008 [INFO] faster_whisper: VAD filter removed 00:01.924 of audio
2026-06-08 05:24:36,312 [INFO] auhip.audio.whisper_recognizer: Whisper transcribed: 'at the home.'
2026-06-08 05:24:37,210 [INFO] auhip.audio.snap_detector: Sound detected! Energy: 0.0925
2026-06-08 05:24:37,804 [INFO] auhip.audio.snap_detector: Snap detected! Energy: 0.1576, Avg: 0.0095
2026-06-08 05:24:39,795 [INFO] auhip.audio.snap_detector: Snap detector activated.
2026-06-08 05:24:43,108 [INFO] auhip.audio.snap_detector: Sound detected! Energy: 0.1220
2026-06-08 05:24:43,109 [INFO] auhip.audio.snap_detector: Snap detected! Energy: 0.1220, Avg: 0.0030
2026-06-08 05:24:43,613 [INFO] auhip.audio.snap_detector: Snap detected! Energy: 0.2044, Avg: 0.0072
2026-06-08 05:24:46,003 [INFO] faster_whisper: Processing audio with duration 00:02.500
2026-06-08 05:24:46,010 [INFO] faster_whisper: VAD filter removed 00:01.856 of audio
2026-06-08 05:24:47,483 [INFO] auhip.audio.whisper_recognizer: Whisper transcribed: 'i'm glad i did.'
2026-06-08 05:24:49,209 [INFO] auhip.audio.snap_detector: Sound detected! Energy: 0.1459
2026-06-08 05:24:49,210 [INFO] auhip.audio.snap_detector: Snap detected! Energy: 0.1459, Avg: 0.0030
2026-06-08 05:24:49,807 [INFO] auhip.audio.snap_detector: Snap detected! Energy: 0.2488, Avg: 0.0095
2026-06-08 05:24:50,212 [INFO] auhip.audio.snap_detector: Sound detected! Energy: 0.0164
2026-06-08 05:24:52,204 [INFO] faster_whisper: Processing audio with duration 00:02.500
2026-06-08 05:24:52,210 [INFO] faster_whisper: VAD filter removed 00:01.632 of audio
2026-06-08 05:24:52,734 [INFO] auhip.audio.whisper_recognizer: Whisper transcribed: 'that i did.'
2026-06-08 05:24:53,908 [INFO] auhip.audio.snap_detector: Sound detected! Energy: 0.1102
2026-06-08 05:24:54,506 [INFO] auhip.audio.snap_detector: Snap detected! Energy: 0.1542, Avg: 0.0255
2026-06-08 05:24:56,498 [INFO] auhip.audio.snap_detector: Snap detector activated.
2026-06-08 05:24:59,504 [INFO] auhip.audio.snap_detector: Sound detected! Energy: 0.1185
2026-06-08 05:24:59,504 [INFO] auhip.audio.snap_detector: Snap detected! Energy: 0.1185, Avg: 0.0196
2026-06-08 05:25:00,011 [INFO] auhip.audio.snap_detector: Snap detected! Energy: 0.2714, Avg: 0.0086
2026-06-08 05:25:02,304 [INFO] faster_whisper: Processing audio with duration 00:02.400
2026-06-08 05:25:02,309 [INFO] faster_whisper: VAD filter removed 00:01.916 of audio
2026-06-08 05:25:02,856 [INFO] auhip.audio.whisper_recognizer: Whisper transcribed: 'bye-bye.'
2026-06-08 05:25:04,413 [INFO] auhip.audio.snap_detector: Sound detected! Energy: 0.0824
2026-06-08 05:25:05,013 [INFO] auhip.audio.snap_detector: Snap detected! Energy: 0.0857, Avg: 0.0108
2026-06-08 05:25:05,506 [INFO] auhip.audio.snap_detector: Sound detected! Energy: 0.0471
2026-06-08 05:25:07,013 [INFO] auhip.audio.snap_detector: Snap detector activated.
2026-06-08 05:25:11,909 [INFO] auhip.audio.snap_detector: Sound detected! Energy: 0.0964
2026-06-08 05:25:11,909 [INFO] auhip.audio.snap_detector: Snap detected! Energy: 0.0964, Avg: 0.0021
2026-06-08 05:25:12,508 [INFO] auhip.audio.snap_detector: Snap detected! Energy: 0.1636, Avg: 0.0057
2026-06-08 05:25:14,804 [INFO] faster_whisper: Processing audio with duration 00:02.400
2026-06-08 05:25:14,810 [INFO] faster_whisper: VAD filter removed 00:02.136 of audio
2026-06-08 05:25:15,369 [INFO] auhip.audio.whisper_recognizer: Whisper transcribed: ''
2026-06-08 05:25:16,409 [INFO] auhip.audio.snap_detector: Sound detected! Energy: 0.0918
2026-06-08 05:25:16,410 [INFO] auhip.audio.snap_detector: Snap detected! Energy: 0.0918, Avg: 0.0133
2026-06-08 05:25:17,007 [INFO] auhip.audio.snap_detector: Snap detected! Energy: 0.1524, Avg: 0.0150
2026-06-08 05:25:19,404 [INFO] faster_whisper: Processing audio with duration 00:02.500
2026-06-08 05:25:19,410 [INFO] faster_whisper: VAD filter removed 00:02.500 of audio
2026-06-08 05:25:19,417 [INFO] auhip.audio.whisper_recognizer: Whisper transcribed: ''
2026-06-08 05:25:20,707 [INFO] auhip.audio.snap_detector: Sound detected! Energy: 0.0866
2026-06-08 05:25:20,707 [INFO] auhip.audio.snap_detector: Snap detected! Energy: 0.0866, Avg: 0.0144
2026-06-08 05:25:21,308 [INFO] auhip.audio.snap_detector: Snap detected! Energy: 0.2310, Avg: 0.0227
2026-06-08 05:25:23,505 [INFO] faster_whisper: Processing audio with duration 00:02.300
2026-06-08 05:25:23,509 [INFO] faster_whisper: VAD filter removed 00:02.300 of audio
2026-06-08 05:25:23,511 [INFO] auhip.audio.whisper_recognizer: Whisper transcribed: ''
2026-06-08 05:25:24,314 [INFO] auhip.audio.snap_detector: Sound detected! Energy: 0.1077
2026-06-08 05:25:24,314 [INFO] auhip.audio.snap_detector: Snap detected! Energy: 0.1077, Avg: 0.0167
2026-06-08 05:25:25,007 [INFO] auhip.audio.snap_detector: Snap detected! Energy: 0.2758, Avg: 0.0259
2026-06-08 05:25:25,314 [INFO] auhip.audio.snap_detector: Sound detected! Energy: 0.0681
2026-06-08 05:25:27,404 [INFO] faster_whisper: Processing audio with duration 00:02.500
2026-06-08 05:25:27,411 [INFO] faster_whisper: VAD filter removed 00:01.952 of audio
2026-06-08 05:25:27,606 [INFO] auhip.audio.snap_detector: Sound detected! Energy: 0.1185
2026-06-08 05:25:28,306 [INFO] auhip.audio.snap_detector: Snap detected! Energy: 0.1914, Avg: 0.0307
2026-06-08 05:25:29,660 [INFO] auhip.audio.whisper_recognizer: Whisper transcribed: 'adi.'
2026-06-08 05:25:30,816 [INFO] auhip.audio.snap_detector: Sound detected! Energy: 0.0833
2026-06-08 05:25:31,415 [INFO] auhip.audio.snap_detector: Snap detected! Energy: 0.1943, Avg: 0.0220
2026-06-08 05:25:33,405 [INFO] auhip.audio.snap_detector: Snap detector activated.
2026-06-08 05:25:35,711 [INFO] auhip.audio.snap_detector: Sound detected! Energy: 0.0999
2026-06-08 05:25:36,216 [INFO] auhip.audio.snap_detector: Snap detected! Energy: 0.1794, Avg: 0.0199
2026-06-08 05:25:38,218 [INFO] auhip.audio.snap_detector: Snap detector activated.
2026-06-08 05:25:39,507 [INFO] auhip.audio.snap_detector: Sound detected! Energy: 0.1109
2026-06-08 05:25:40,009 [INFO] auhip.audio.snap_detector: Snap detected! Energy: 0.3210, Avg: 0.0320
2026-06-08 05:25:41,997 [INFO] auhip.audio.snap_detector: Snap detector activated.
2026-06-08 05:25:43,906 [INFO] auhip.audio.snap_detector: Sound detected! Energy: 0.0987
2026-06-08 05:25:44,507 [INFO] auhip.audio.snap_detector: Snap detected! Energy: 0.3143, Avg: 0.0302
2026-06-08 05:25:46,500 [INFO] auhip.audio.snap_detector: Snap detector activated.
2026-06-08 05:25:47,909 [INFO] auhip.audio.snap_detector: Sound detected! Energy: 0.0809
2026-06-08 05:25:48,312 [INFO] auhip.audio.snap_detector: Snap detected! Energy: 0.2561, Avg: 0.0264
2026-06-08 05:25:50,314 [INFO] auhip.audio.snap_detector: Snap detector activated.
2026-06-08 05:25:50,412 [INFO] auhip.audio.snap_detector: Sound detected! Energy: 0.0979
2026-06-08 05:25:50,412 [INFO] auhip.audio.snap_detector: Snap detected! Energy: 0.0979, Avg: 0.0132
2026-06-08 05:25:51,011 [INFO] auhip.audio.snap_detector: Snap detected! Energy: 0.3391, Avg: 0.0236
2026-06-08 05:25:53,206 [INFO] faster_whisper: Processing audio with duration 00:02.300
2026-06-08 05:25:53,211 [INFO] faster_whisper: VAD filter removed 00:01.848 of audio
2026-06-08 05:25:54,494 [INFO] auhip.audio.whisper_recognizer: Whisper transcribed: 'd-d.'
2026-06-08 05:25:56,013 [INFO] auhip.audio.snap_detector: Sound detected! Energy: 0.0924
2026-06-08 05:25:56,014 [INFO] auhip.audio.snap_detector: Snap detected! Energy: 0.0924, Avg: 0.0058
2026-06-08 05:25:56,608 [INFO] auhip.audio.snap_detector: Snap detected! Energy: 0.0361, Avg: 0.0047
2026-06-08 05:25:56,912 [INFO] auhip.audio.snap_detector: Snap detected! Energy: 0.2311, Avg: 0.0235
2026-06-08 05:25:57,110 [INFO] auhip.audio.snap_detector: Sound detected! Energy: 0.1317
2026-06-08 05:25:59,207 [INFO] faster_whisper: Processing audio with duration 00:02.700
2026-06-08 05:25:59,212 [INFO] faster_whisper: VAD filter removed 00:01.928 of audio
2026-06-08 05:25:59,721 [INFO] auhip.audio.whisper_recognizer: Whisper transcribed: 'daddy!'
2026-06-08 05:26:01,014 [INFO] auhip.audio.snap_detector: Sound detected! Energy: 0.0834
2026-06-08 05:26:01,621 [INFO] auhip.audio.snap_detector: Snap detected! Energy: 0.3059, Avg: 0.0393
2026-06-08 05:26:02,018 [INFO] auhip.audio.snap_detector: Sound detected! Energy: 0.1072
2026-06-08 05:26:02,226 [INFO] auhip.audio.snap_detector: Snap detected! Energy: 0.3238, Avg: 0.0397
2026-06-08 05:26:04,416 [INFO] faster_whisper: Processing audio with duration 00:02.300
2026-06-08 05:26:04,421 [INFO] faster_whisper: VAD filter removed 00:01.912 of audio
2026-06-08 05:26:07,244 [INFO] auhip.audio.whisper_recognizer: Whisper transcribed: 'lol'
2026-06-08 05:26:08,916 [INFO] auhip.audio.snap_detector: Sound detected! Energy: 0.0902
2026-06-08 05:26:08,916 [INFO] auhip.audio.snap_detector: Snap detected! Energy: 0.0902, Avg: 0.0019
2026-06-08 05:26:09,517 [INFO] auhip.audio.snap_detector: Snap detected! Energy: 0.0527, Avg: 0.0049
2026-06-08 05:26:09,920 [INFO] auhip.audio.snap_detector: Sound detected! Energy: 0.2473
2026-06-08 05:26:09,921 [INFO] auhip.audio.snap_detector: Snap detected! Energy: 0.2473, Avg: 0.0318
2026-06-08 05:26:10,224 [INFO] auhip.audio.snap_detector: Snap detected! Energy: 0.3652, Avg: 0.0413
2026-06-08 05:26:12,416 [INFO] faster_whisper: Processing audio with duration 00:03.000
2026-06-08 05:26:12,422 [INFO] faster_whisper: VAD filter removed 00:01.908 of audio
2026-06-08 05:26:12,974 [INFO] auhip.audio.whisper_recognizer: Whisper transcribed: 'daddy, home.'
2026-06-08 05:26:16,522 [INFO] auhip.audio.snap_detector: Sound detected! Energy: 0.1085
2026-06-08 05:26:16,522 [INFO] auhip.audio.snap_detector: Snap detected! Energy: 0.1085, Avg: 0.0023
2026-06-08 05:26:16,918 [INFO] auhip.audio.snap_detector: Snap detected! Energy: 0.0314, Avg: 0.0032
2026-06-08 05:26:17,224 [INFO] auhip.audio.snap_detector: Snap detected! Energy: 0.5135, Avg: 0.0293
2026-06-08 05:26:17,619 [INFO] auhip.audio.snap_detector: Sound detected! Energy: 0.0105
2026-06-08 05:26:19,616 [INFO] faster_whisper: Processing audio with duration 00:02.800
2026-06-08 05:26:19,621 [INFO] faster_whisper: VAD filter removed 00:01.964 of audio
2026-06-08 05:26:20,173 [INFO] auhip.audio.whisper_recognizer: Whisper transcribed: 'daddy, home.'
2026-06-08 05:27:04,515 [INFO] auhip.audio.snap_detector: Sound detected! Energy: 0.0239
2026-06-08 05:27:04,515 [INFO] auhip.audio.snap_detector: Snap detected! Energy: 0.0239, Avg: 0.0018
2026-06-08 05:27:06,515 [INFO] auhip.audio.snap_detector: Snap detector activated.
2026-06-08 05:27:22,312 [INFO] auhip.audio.snap_detector: Snap detected! Energy: 0.0096, Avg: 0.0010
2026-06-08 05:27:22,416 [INFO] auhip.audio.snap_detector: Sound detected! Energy: 0.0263
2026-06-08 05:27:22,618 [INFO] auhip.audio.snap_detector: Snap detected! Energy: 0.0183, Avg: 0.0020
2026-06-08 05:27:23,610 [INFO] auhip.audio.snap_detector: Sound detected! Energy: 0.0199
2026-06-08 05:27:23,717 [INFO] auhip.audio.snap_detector: Snap detected! Energy: 0.1662, Avg: 0.0073
2026-06-08 05:27:24,114 [INFO] auhip.audio.snap_detector: Snap detected! Energy: 0.1582, Avg: 0.0200
2026-06-08 05:27:26,208 [INFO] faster_whisper: Processing audio with duration 00:03.700
2026-06-08 05:27:26,216 [INFO] faster_whisper: VAD filter removed 00:02.732 of audio
2026-06-08 05:27:26,748 [INFO] auhip.audio.whisper_recognizer: Whisper transcribed: 'and daddy home.'
2026-06-08 05:27:26,748 [INFO] auhip.audio.snap_detector: Snap detector deactivated.
2026-06-08 05:27:26,749 [INFO] auhip.vision.worker: Vision mode set to: none
2026-06-08 05:27:32,808 [INFO] faster_whisper: Processing audio with duration 00:03.700
2026-06-08 05:27:32,814 [INFO] faster_whisper: VAD filter removed 00:02.444 of audio
2026-06-08 05:27:33,414 [INFO] auhip.audio.whisper_recognizer: Whisper transcribed: 'hi, what can you do?'
2026-06-08 05:27:33,422 [INFO] auhip.core.llm.router: Dispatching intent processing for prompt: 'hi, what can you do?'
2026-06-08 05:28:19,676 [WARNING] auhip.core.llm.local_model: Ollama runtime stall on attempt 1. Retrying...
2026-06-08 05:28:25,702 [INFO] auhip.core.llm.router: Finalized structural resolution: Intent='get_help', Confidence=0.95, Tool=get_help
2026-06-08 05:28:25,703 [INFO] auhip.core.llm.tool_manager: Orchestrating registered tool: get_help
2026-06-08 05:28:25,703 [INFO] auhip.core.llm.tool_manager: Successfully finalized tool execution: get_help
2026-06-08 05:28:52,810 [INFO] faster_whisper: Processing audio with duration 00:03.700
2026-06-08 05:28:52,818 [INFO] faster_whisper: VAD filter removed 00:02.252 of audio
2026-06-08 05:28:53,365 [INFO] auhip.audio.whisper_recognizer: Whisper transcribed: 'what time is it?'
2026-06-08 05:28:53,376 [INFO] auhip.core.agent: Local skill matched for: 'what time is it?'
2026-06-08 05:28:59,210 [INFO] faster_whisper: Processing audio with duration 00:03.900
2026-06-08 05:28:59,217 [INFO] faster_whisper: VAD filter removed 00:02.420 of audio
2026-06-08 05:28:59,770 [INFO] auhip.audio.whisper_recognizer: Whisper transcribed: 'can you tell me the weather?'
2026-06-08 05:29:00,497 [INFO] auhip.core.agent: Local skill matched for: 'can you tell me the weather?'
2026-06-08 05:29:11,211 [INFO] faster_whisper: Processing audio with duration 00:05.000
2026-06-08 05:29:11,219 [INFO] faster_whisper: VAD filter removed 00:02.528 of audio
2026-06-08 05:29:11,767 [INFO] auhip.audio.whisper_recognizer: Whisper transcribed: 'can you get my berlin location?'
2026-06-08 05:29:11,777 [INFO] auhip.core.llm.router: Dispatching intent processing for prompt: 'can you get my berlin location?'
2026-06-08 05:29:18,912 [INFO] auhip.core.llm.router: Finalized structural resolution: Intent='get_weather', Confidence=0.95, Tool=get_weather
2026-06-08 05:29:18,912 [INFO] auhip.core.llm.tool_manager: Orchestrating registered tool: get_weather
2026-06-08 05:29:19,739 [INFO] auhip.core.llm.tool_manager: Successfully finalized tool execution: get_weather
2026-06-08 05:29:29,912 [INFO] faster_whisper: Processing audio with duration 00:05.200
2026-06-08 05:29:29,920 [INFO] faster_whisper: VAD filter removed 00:02.056 of audio
2026-06-08 05:29:30,487 [INFO] auhip.audio.whisper_recognizer: Whisper transcribed: 'can you get my current location?'
2026-06-08 05:29:30,496 [INFO] auhip.core.llm.router: Dispatching intent processing for prompt: 'can you get my current location?'
2026-06-08 05:29:33,198 [WARNING] auhip.core.llm.response_parser: Malformed structured JSON received from local: Expecting value: line 1 column 1 (char 0). Extracted segment: 'Triggering skill: system_status'. Activating heuristic projection.
2026-06-08 05:29:33,199 [INFO] auhip.core.llm.router: Finalized structural resolution: Intent='chat', Confidence=0.50, Tool=None
2026-06-08 05:30:02,113 [INFO] faster_whisper: Processing audio with duration 00:04.300
2026-06-08 05:30:02,120 [INFO] faster_whisper: VAD filter removed 00:02.404 of audio
2026-06-08 05:30:02,670 [INFO] auhip.audio.whisper_recognizer: Whisper transcribed: 'can you run system status?'
2026-06-08 05:30:02,680 [INFO] auhip.skills.system_controls: SKILL: System Status.
2026-06-08 05:30:02,680 [INFO] auhip.core.agent: Local skill matched for: 'can you run system status?'
2026-06-08 05:30:15,014 [INFO] faster_whisper: Processing audio with duration 00:05.500
2026-06-08 05:30:15,023 [INFO] faster_whisper: VAD filter removed 00:02.452 of audio
2026-06-08 05:30:15,594 [INFO] auhip.audio.whisper_recognizer: Whisper transcribed: 'can you get the waiter of thailand at bangkok?'
2026-06-08 05:30:15,604 [INFO] auhip.core.llm.router: Dispatching intent processing for prompt: 'can you get the waiter of thailand at bangkok?'
2026-06-08 05:30:18,681 [INFO] auhip.core.llm.router: Finalized structural resolution: Intent='lookup_stock', Confidence=0.95, Tool=lookup_stock
2026-06-08 05:30:18,681 [INFO] auhip.core.llm.tool_manager: Orchestrating registered tool: lookup_stock
2026-06-08 05:30:18,682 [INFO] auhip.skills.organizer: SKILL: Lookup Stock 'WAITER'.
2026-06-08 05:30:18,910 [ERROR] qasync._QEventLoop: Exception in callback Task.task_wakeup(<Future finished result=None>)
handle: <Handle Task.task_wakeup(<Future finished result=None>)>
Traceback (most recent call last):
  File "C:\Program Files\WindowsApps\PythonSoftwareFoundation.Python.3.11_3.11.2544.0_x64__qbz5n2kfra8p0\Lib\asyncio\events.py", line 84, in _run
    self._context.run(self._callback, *self._args)
RuntimeError: Cannot enter into task <Task pending name='Task-1' coro=<main() running at D:\Desktop\Code\personal\project\Jarvis_demo\main.py:91> wait_for=<Future finished result=None> cb=[_QEventLoop.run_until_complete.<locals>.stop() at D:\Desktop\Code\personal\project\Jarvis_demo\.venv\Lib\site-packages\qasync\__init__.py:423]> while another task <Task pending name='Task-1283' coro=<lookup_stock() running at D:\Desktop\Code\personal\project\Jarvis_demo\auhip\skills\organizer.py:54> cb=[_release_waiter(<Future pendi...ask_wakeup()]>)() at C:\Program Files\WindowsApps\PythonSoftwareFoundation.Python.3.11_3.11.2544.0_x64__qbz5n2kfra8p0\Lib\asyncio\tasks.py:431]> is being executed.
2026-06-08 05:30:19,001 [INFO] auhip.core.llm.tool_manager: Successfully finalized tool execution: lookup_stock
2026-06-08 05:30:41,213 [INFO] faster_whisper: Processing audio with duration 00:06.600
2026-06-08 05:30:41,224 [INFO] faster_whisper: VAD filter removed 00:02.688 of audio
2026-06-08 05:30:41,794 [INFO] auhip.audio.whisper_recognizer: Whisper transcribed: 'can you get the weather at thailand in bangkok?'
2026-06-08 05:30:43,497 [INFO] auhip.core.agent: Local skill matched for: 'can you get the weather at thailand in bangkok?'
2026-06-08 05:30:50,314 [INFO] faster_whisper: Processing audio with duration 00:04.000
2026-06-08 05:30:50,322 [INFO] faster_whisper: VAD filter removed 00:02.552 of audio
2026-06-08 05:30:50,886 [INFO] auhip.audio.whisper_recognizer: Whisper transcribed: 'ha ha, i'm about to die.'
2026-06-08 05:30:50,897 [INFO] auhip.core.llm.router: Dispatching intent processing for prompt: 'ha ha, i'm about to die.'
2026-06-08 05:30:50,898 [INFO] auhip.core.llm.context_manager: Context length constraint triggered. Pruning oldest conversational turns.
2026-06-08 05:31:00,106 [INFO] auhip.core.llm.router: Finalized structural resolution: Intent='tell_time', Confidence=0.95, Tool=tell_time
2026-06-08 05:31:00,106 [INFO] auhip.core.llm.context_manager: Context length constraint triggered. Pruning oldest conversational turns.
2026-06-08 05:31:00,106 [INFO] auhip.core.llm.tool_manager: Orchestrating registered tool: tell_time
2026-06-08 05:31:00,107 [INFO] auhip.core.llm.tool_manager: Successfully finalized tool execution: tell_time
2026-06-08 05:31:00,107 [INFO] auhip.core.llm.context_manager: Context length constraint triggered. Pruning oldest conversational turns.
2026-06-08 05:31:06,914 [INFO] faster_whisper: Processing audio with duration 00:04.200
2026-06-08 05:31:06,921 [INFO] faster_whisper: VAD filter removed 00:02.624 of audio
2026-06-08 05:31:07,461 [INFO] auhip.audio.whisper_recognizer: Whisper transcribed: 'how about salaya?'
2026-06-08 05:31:07,470 [INFO] auhip.core.llm.router: Dispatching intent processing for prompt: 'how about salaya?'
2026-06-08 05:31:07,471 [INFO] auhip.core.llm.context_manager: Context length constraint triggered. Pruning oldest conversational turns.
2026-06-08 05:31:13,082 [INFO] auhip.core.llm.router: Finalized structural resolution: Intent='lookup_stock', Confidence=0.95, Tool=lookup_stock
2026-06-08 05:31:13,082 [INFO] auhip.core.llm.context_manager: Context length constraint triggered. Pruning oldest conversational turns.
2026-06-08 05:31:13,082 [INFO] auhip.core.llm.tool_manager: Orchestrating registered tool: lookup_stock
2026-06-08 05:31:13,082 [INFO] auhip.skills.organizer: SKILL: Lookup Stock 'WAITER'.
2026-06-08 05:31:13,265 [INFO] auhip.core.llm.tool_manager: Successfully finalized tool execution: lookup_stock
2026-06-08 05:31:13,266 [INFO] auhip.core.llm.context_manager: Context length constraint triggered. Pruning oldest conversational turns.
2026-06-08 05:31:27,114 [INFO] faster_whisper: Processing audio with duration 00:07.000
2026-06-08 05:31:27,126 [INFO] faster_whisper: VAD filter removed 00:02.416 of audio
2026-06-08 05:31:27,704 [INFO] auhip.audio.whisper_recognizer: Whisper transcribed: 'can you get the weather at thailand in salaya?'
2026-06-08 05:31:34,639 [INFO] auhip.core.agent: Local skill matched for: 'can you get the weather at thailand in salaya?'
2026-06-08 05:31:46,715 [INFO] faster_whisper: Processing audio with duration 00:03.600
2026-06-08 05:31:46,722 [INFO] faster_whisper: VAD filter removed 00:02.504 of audio
2026-06-08 05:31:47,270 [INFO] auhip.audio.whisper_recognizer: Whisper transcribed: 'hi, how are you?'
2026-06-08 05:31:47,280 [INFO] auhip.core.llm.router: Dispatching intent processing for prompt: 'hi, how are you?'
2026-06-08 05:31:47,280 [INFO] auhip.core.llm.context_manager: Context length constraint triggered. Pruning oldest conversational turns.
2026-06-08 05:31:55,432 [INFO] auhip.core.llm.router: Finalized structural resolution: Intent='greeting', Confidence=1.00, Tool=None
2026-06-08 05:31:55,432 [INFO] auhip.core.llm.context_manager: Context length constraint triggered. Pruning oldest conversational turns.
2026-06-08 05:32:10,216 [INFO] faster_whisper: Processing audio with duration 00:04.600
2026-06-08 05:32:10,224 [INFO] faster_whisper: VAD filter removed 00:02.512 of audio
2026-06-08 05:32:10,782 [INFO] auhip.audio.whisper_recognizer: Whisper transcribed: 'can you list everything you can do?'
2026-06-08 05:32:10,791 [INFO] auhip.core.llm.router: Dispatching intent processing for prompt: 'can you list everything you can do?'
2026-06-08 05:32:10,792 [INFO] auhip.core.llm.context_manager: Context length constraint triggered. Pruning oldest conversational turns.
2026-06-08 05:32:15,586 [INFO] auhip.core.llm.router: Finalized structural resolution: Intent='get_help', Confidence=0.95, Tool=get_help
2026-06-08 05:32:15,586 [INFO] auhip.core.llm.context_manager: Context length constraint triggered. Pruning oldest conversational turns.
2026-06-08 05:32:15,586 [INFO] auhip.core.llm.tool_manager: Orchestrating registered tool: get_help
2026-06-08 05:32:15,587 [INFO] auhip.core.llm.tool_manager: Successfully finalized tool execution: get_help
2026-06-08 05:32:15,587 [INFO] auhip.core.llm.context_manager: Context length constraint triggered. Pruning oldest conversational turns.
2026-06-08 05:32:41,117 [INFO] faster_whisper: Processing audio with duration 00:04.000
2026-06-08 05:32:41,124 [INFO] faster_whisper: VAD filter removed 00:02.520 of audio
2026-06-08 05:32:41,664 [INFO] auhip.audio.whisper_recognizer: Whisper transcribed: 'can you open this cord?'
2026-06-08 05:32:41,674 [INFO] auhip.core.agent: Local skill matched for: 'can you open this cord?'
2026-06-08 05:32:52,817 [INFO] faster_whisper: Processing audio with duration 00:04.600
2026-06-08 05:32:52,825 [INFO] faster_whisper: VAD filter removed 00:02.448 of audio
2026-06-08 05:32:53,375 [INFO] auhip.audio.whisper_recognizer: Whisper transcribed: 'can you open this cord?'
2026-06-08 05:32:53,386 [INFO] auhip.core.agent: Local skill matched for: 'can you open this cord?'
2026-06-08 05:33:02,417 [INFO] faster_whisper: Processing audio with duration 00:03.600
2026-06-08 05:33:02,424 [INFO] faster_whisper: VAD filter removed 00:02.504 of audio
2026-06-08 05:33:02,962 [INFO] auhip.audio.whisper_recognizer: Whisper transcribed: 'take a screenshot.'
2026-06-08 05:33:02,971 [INFO] auhip.skills.system_controls: SKILL: Take Screenshot.
2026-06-08 05:33:03,113 [INFO] auhip.core.agent: Local skill matched for: 'take a screenshot.'
2026-06-08 05:33:25,518 [INFO] faster_whisper: Processing audio with duration 00:05.100
2026-06-08 05:33:25,527 [INFO] faster_whisper: VAD filter removed 00:02.468 of audio
2026-06-08 05:33:26,094 [INFO] auhip.audio.whisper_recognizer: Whisper transcribed: 'can you open valorant?'
2026-06-08 05:33:26,103 [INFO] auhip.core.agent: Local skill matched for: 'can you open valorant?'
2026-06-08 05:33:42,119 [INFO] faster_whisper: Processing audio with duration 00:03.800
2026-06-08 05:33:42,126 [INFO] faster_whisper: VAD filter removed 00:02.320 of audio
2026-06-08 05:33:42,674 [INFO] auhip.audio.whisper_recognizer: Whisper transcribed: 'can you open .pad?'
2026-06-08 05:33:42,684 [INFO] auhip.core.agent: Local skill matched for: 'can you open .pad?'
2026-06-08 05:33:52,618 [INFO] faster_whisper: Processing audio with duration 00:04.900
2026-06-08 05:33:52,627 [INFO] faster_whisper: VAD filter removed 00:02.548 of audio
2026-06-08 05:33:53,170 [INFO] auhip.audio.whisper_recognizer: Whisper transcribed: 'karen, you open calculator.'
2026-06-08 05:33:53,180 [INFO] auhip.skills.productivity: SKILL: Opening app 'calculator.' -> calc.exe
2026-06-08 05:33:53,192 [INFO] auhip.core.agent: Local skill matched for: 'karen, you open calculator.'
2026-06-08 05:34:10,920 [INFO] faster_whisper: Processing audio with duration 00:04.300
2026-06-08 05:34:10,927 [INFO] faster_whisper: VAD filter removed 00:02.436 of audio
2026-06-08 05:34:11,467 [INFO] auhip.audio.whisper_recognizer: Whisper transcribed: 'let's add tasks.'
2026-06-08 05:34:11,480 [INFO] auhip.core.agent: Local skill matched for: 'let's add tasks.'
2026-06-08 05:34:21,119 [INFO] faster_whisper: Processing audio with duration 00:04.000
2026-06-08 05:34:21,126 [INFO] faster_whisper: VAD filter removed 00:02.328 of audio
2026-06-08 05:34:21,685 [INFO] auhip.audio.whisper_recognizer: Whisper transcribed: 'where do i get the tough?'
2026-06-08 05:34:21,696 [INFO] auhip.core.llm.router: Dispatching intent processing for prompt: 'where do i get the tough?'
2026-06-08 05:34:21,697 [INFO] auhip.core.llm.context_manager: Context length constraint triggered. Pruning oldest conversational turns.
2026-06-08 05:34:32,409 [WARNING] auhip.core.llm.response_parser: Malformed structured JSON received from local: Expecting value: line 1 column 1 (char 0). Extracted segment: 'It seems there might be a typo. Did you mean to ask where I can find information or resources? Or perhaps you need help with something specific related to "tough"? Could you please clarify your request, Master?'. Activating heuristic projection.
2026-06-08 05:34:32,412 [INFO] auhip.core.llm.router: Finalized structural resolution: Intent='chat', Confidence=0.50, Tool=None
2026-06-08 05:34:32,412 [INFO] auhip.core.llm.context_manager: Context length constraint triggered. Pruning oldest conversational turns.
2026-06-08 05:34:46,020 [INFO] faster_whisper: Processing audio with duration 00:05.600
2026-06-08 05:34:46,030 [INFO] faster_whisper: VAD filter removed 00:02.520 of audio
2026-06-08 05:34:46,598 [INFO] auhip.audio.whisper_recognizer: Whisper transcribed: 'i mean, where can i get the task?'
2026-06-08 05:34:46,608 [INFO] auhip.core.llm.router: Dispatching intent processing for prompt: 'i mean, where can i get the task?'
2026-06-08 05:34:46,608 [INFO] auhip.core.llm.context_manager: Context length constraint triggered. Pruning oldest conversational turns.
2026-06-08 05:34:56,174 [INFO] auhip.core.llm.router: Finalized structural resolution: Intent='list_tasks', Confidence=0.95, Tool=list_tasks
2026-06-08 05:34:56,174 [INFO] auhip.core.llm.context_manager: Context length constraint triggered. Pruning oldest conversational turns.
2026-06-08 05:34:56,174 [INFO] auhip.core.llm.tool_manager: Orchestrating registered tool: list_tasks
2026-06-08 05:34:56,184 [INFO] auhip.core.llm.tool_manager: Successfully finalized tool execution: list_tasks
2026-06-08 05:34:56,184 [INFO] auhip.core.llm.context_manager: Context length constraint triggered. Pruning oldest conversational turns.
2026-06-08 05:35:07,820 [INFO] faster_whisper: Processing audio with duration 00:04.700
2026-06-08 05:35:07,830 [INFO] faster_whisper: VAD filter removed 00:02.612 of audio
2026-06-08 05:35:08,388 [INFO] auhip.audio.whisper_recognizer: Whisper transcribed: 'how can you access my calendar?'
2026-06-08 05:35:08,397 [INFO] auhip.core.llm.router: Dispatching intent processing for prompt: 'how can you access my calendar?'
2026-06-08 05:35:08,398 [INFO] auhip.core.llm.context_manager: Context length constraint triggered. Pruning oldest conversational turns.
2026-06-08 05:35:17,364 [WARNING] auhip.core.llm.response_parser: Malformed structured JSON received from local: Expecting value: line 1 column 1 (char 0). Extracted segment: 'Triggering skill: list_calendar_events'. Activating heuristic projection.
2026-06-08 05:35:17,364 [INFO] auhip.core.llm.router: Finalized structural resolution: Intent='chat', Confidence=0.50, Tool=None
2026-06-08 05:35:17,365 [INFO] auhip.core.llm.context_manager: Context length constraint triggered. Pruning oldest conversational turns.
2026-06-08 05:35:24,721 [INFO] faster_whisper: Processing audio with duration 00:04.100
2026-06-08 05:35:24,728 [INFO] faster_whisper: VAD filter removed 00:02.716 of audio
2026-06-08 05:35:25,279 [INFO] auhip.audio.whisper_recognizer: Whisper transcribed: 'let's color that even.'
2026-06-08 05:35:25,288 [INFO] auhip.core.llm.router: Dispatching intent processing for prompt: 'let's color that even.'
2026-06-08 05:35:25,289 [INFO] auhip.core.llm.context_manager: Context length constraint triggered. Pruning oldest conversational turns.
2026-06-08 05:35:43,809 [WARNING] auhip.core.llm.response_parser: Malformed structured JSON received from local: Expecting value: line 1 column 1 (char 0). Extracted segment: 'It appears there might be some confusion with the request. It seems like you\'re trying to modify or "color" a calendar event, but I\'m not sure how to interpret this command within the current system context. \n\nIf you\'d like to add or modify an event in your calendar, could you please provide more details such as the title of the event and the date/time? For example:\n\n- Add an event: `add calendar event [title] [date_str] [time_str]`\n- Modify an existing event: `modify calendar event [index] [new_title] [new_date_str] [new_time_str]`\n\nLet me know how you\'d like to proceed, Master.'. Activating heuristic projection.
2026-06-08 05:35:43,810 [INFO] auhip.core.llm.router: Finalized structural resolution: Intent='chat', Confidence=0.50, Tool=None
2026-06-08 05:35:43,810 [INFO] auhip.core.llm.context_manager: Context length constraint triggered. Pruning oldest conversational turns.
2026-06-08 05:35:50,722 [INFO] faster_whisper: Processing audio with duration 00:04.400
2026-06-08 05:35:50,730 [INFO] faster_whisper: VAD filter removed 00:02.472 of audio
2026-06-08 05:35:51,271 [INFO] auhip.audio.whisper_recognizer: Whisper transcribed: 'let's call it door.'
2026-06-08 05:35:51,281 [INFO] auhip.core.llm.router: Dispatching intent processing for prompt: 'let's call it door.'
2026-06-08 05:35:51,282 [INFO] auhip.core.llm.context_manager: Context length constraint triggered. Pruning oldest conversational turns.
2026-08-05 20:39:46,184 [INFO] auhip: Starting auhip Assistant...
2026-08-05 20:39:50,504 [INFO] auhip: Starting auhip Assistant...
2026-08-05 20:42:56,410 [INFO] auhip: Starting auhip Assistant...
